{
  "type": "FeatureCollection",
  "columns": {
    "Area_1": "Float",
    "COUNTYCODE": "String",
    "COUNTYENG": "String",
    "COUNTYID": "String",
    "COUNTYNAME": "String",
    "system:index": "String"
  },
  "version": 1612346968205094,
  "id": "users/amanjmi01/Taipei_City",
  "properties": {
    "system:asset_size": 70746
  },
  "features": [
    {
      "type": "Feature",
      "geometry": {
        "type": "Polygon",
        "coordinates": [
          [
            [
              121.45713946568632,
              25.108064917777174
            ],
            [
              121.45714007591096,
              25.107948569294123
            ],
            [
              121.45715507000136,
              25.10781839338797
            ],
            [
              121.4571619568213,
              25.107737657934756
            ],
            [
              121.45718270445359,
              25.10763414837474
            ],
            [
              121.45720388795662,
              25.107539525050203
            ],
            [
              121.45723710158937,
              25.10737299870516
            ],
            [
              121.45728478623701,
              25.107197078383475
            ],
            [
              121.45732558405518,
              25.10710189355084
            ],
            [
              121.45759416933144,
              25.106785052920586
            ],
            [
              121.4576841334906,
              25.106692887499857
            ],
            [
              121.4579448722418,
              25.106429961015902
            ],
            [
              121.45821633282314,
              25.10619366674903
            ],
            [
              121.45871400889688,
              25.10582516290582
            ],
            [
              121.46012115916271,
              25.10479401084029
            ],
            [
              121.46018331327936,
              25.104747414143088
            ],
            [
              121.46027362411006,
              25.104664155910626
            ],
            [
              121.46037465708879,
              25.104602913523298
            ],
            [
              121.46051849163405,
              25.104504644188747
            ],
            [
              121.4605953776629,
              25.104457580611346
            ],
            [
              121.46065230118637,
              25.104402172195606
            ],
            [
              121.46076719421559,
              25.104318156025403
            ],
            [
              121.46084364421792,
              25.104257752627834
            ],
            [
              121.46092985744366,
              25.104196997638173
            ],
            [
              121.46111195978858,
              25.10407070279136
            ],
            [
              121.4612122946581,
              25.10399156635692
            ],
            [
              121.46126006483463,
              25.10395434316869
            ],
            [
              121.46138916625291,
              25.103856540822203
            ],
            [
              121.46162025830252,
              25.103724236102412
            ],
            [
              121.4617689728961,
              25.10362579099547
            ],
            [
              121.46195735025078,
              25.103535108253585
            ],
            [
              121.46209708577605,
              25.103459341931217
            ],
            [
              121.46227543792227,
              25.103364456502952
            ],
            [
              121.46242057766182,
              25.10330191445583
            ],
            [
              121.4625023439932,
              25.10325475593294
            ],
            [
              121.46261296380982,
              25.103188748993542
            ],
            [
              121.46266125643092,
              25.10316492596621
            ],
            [
              121.46274816566383,
              25.103122064797915
            ],
            [
              121.4629017603566,
              25.103023443699588
            ],
            [
              121.46301761002074,
              25.102966329249988
            ],
            [
              121.46310922618895,
              25.10291879848102
            ],
            [
              121.46326351776344,
              25.102838071136546
            ],
            [
              121.46340848191909,
              25.102771035065903
            ],
            [
              121.46346592707529,
              25.10272910793484
            ],
            [
              121.46357218746327,
              25.10267667680182
            ],
            [
              121.46361585966983,
              25.10266187545149
            ],
            [
              121.46372691426825,
              25.1026093698861
            ],
            [
              121.46381887855257,
              25.102570745369174
            ],
            [
              121.46394998201212,
              25.102526563614305
            ],
            [
              121.4641287671413,
              25.102445098086385
            ],
            [
              121.46420634812038,
              25.102415927926074
            ],
            [
              121.46434233263194,
              25.102371570099706
            ],
            [
              121.46443935225274,
              25.10233734414714
            ],
            [
              121.46460410236523,
              25.10227415818982
            ],
            [
              121.46483231139146,
              25.102200183091824
            ],
            [
              121.46496812082675,
              25.10215133126338
            ],
            [
              121.46503149269724,
              25.102136028015966
            ],
            [
              121.46514289460795,
              25.102092347289844
            ],
            [
              121.46523041215242,
              25.102067399624005
            ],
            [
              121.46533693242075,
              25.102023894722997
            ],
            [
              121.46551606407398,
              25.10195141564063
            ],
            [
              121.46563731556061,
              25.10190744337046
            ],
            [
              121.46572927832132,
              25.101868899221554
            ],
            [
              121.46583614680226,
              25.10183438137624
            ],
            [
              121.46591416247419,
              25.101818550096798
            ],
            [
              121.4659861634832,
              25.101771661858994
            ],
            [
              121.46609250871694,
              25.101723744052343
            ],
            [
              121.46625315956842,
              25.101683059592975
            ],
            [
              121.46637510762368,
              25.10165698040307
            ],
            [
              121.46651762716736,
              25.101657158918787
            ],
            [
              121.46668917339365,
              25.101647516791925
            ],
            [
              121.46677791011173,
              25.10165378064492
            ],
            [
              121.46683648676836,
              25.101643085856647
            ],
            [
              121.46701840545126,
              25.101646551590377
            ],
            [
              121.46721470645835,
              25.101640643409546
            ],
            [
              121.46739610154118,
              25.10163070880449
            ],
            [
              121.46750915734222,
              25.101631740039572
            ],
            [
              121.4676225617005,
              25.101641758272624
            ],
            [
              121.46768113792795,
              25.101631063115043
            ],
            [
              121.46790219318486,
              25.101628807346852
            ],
            [
              121.46803974233819,
              25.101629180455177
            ],
            [
              121.46816770300012,
              25.101634237013705
            ],
            [
              121.46833471411357,
              25.101633674623244
            ],
            [
              121.4685264802293,
              25.10163684632364
            ],
            [
              121.4687522408385,
              25.10163000031239
            ],
            [
              121.46896841274487,
              25.101627918502917
            ],
            [
              121.46910596062585,
              25.10162829030298
            ],
            [
              121.4692391500525,
              25.10164215654965
            ],
            [
              121.469415137678,
              25.101618914402508
            ],
            [
              121.46962625274148,
              25.10161259490508
            ],
            [
              121.46981269962089,
              25.10160697401576
            ],
            [
              121.47001858404332,
              25.10159176197793
            ],
            [
              121.47030814652472,
              25.101583027646317
            ],
            [
              121.47045066120553,
              25.10158320124206
            ],
            [
              121.47060293816513,
              25.101583103398557
            ],
            [
              121.4707064898693,
              25.101593329112692
            ],
            [
              121.47080463727406,
              25.101590412443343
            ],
            [
              121.47108966523142,
              25.101590758176368
            ],
            [
              121.47123740880342,
              25.101599660521064
            ],
            [
              121.4714437265012,
              25.101597946812632
            ],
            [
              121.47163051909612,
              25.10160122886556
            ],
            [
              121.47183666176235,
              25.10159502102601
            ],
            [
              121.47201874688047,
              25.101602972000414
            ],
            [
              121.47220030872941,
              25.101597442462136
            ],
            [
              121.47238666428069,
              25.101587384506963
            ],
            [
              121.47263255203752,
              25.101593366833526
            ],
            [
              121.47277968348934,
              25.101584434973546
            ],
            [
              121.47301589532056,
              25.101595201759938
            ],
            [
              121.47320259820393,
              25.101594048271952
            ],
            [
              121.47346251740045,
              25.101581668077536
            ],
            [
              121.47356528207195,
              25.1015696465955
            ],
            [
              121.47369750755766,
              25.1015566885162
            ],
            [
              121.47387889243652,
              25.101546744021885
            ],
            [
              121.47402645810755,
              25.10155123019643
            ],
            [
              121.4742321606768,
              25.101531598627048
            ],
            [
              121.47434991651616,
              25.10152803438311
            ],
            [
              121.47453574561953,
              25.10150449315624
            ],
            [
              121.47467825507127,
              25.10150466146282
            ],
            [
              121.4747815416279,
              25.101506037993396
            ],
            [
              121.47488413079968,
              25.101489522168933
            ],
            [
              121.47507056917102,
              25.10148389293327
            ],
            [
              121.47521325228364,
              25.10148847290807
            ],
            [
              121.47530634049885,
              25.101481235488787
            ],
            [
              121.4754781351255,
              25.101476053563758
            ],
            [
              121.47566526982295,
              25.1014882345665
            ],
            [
              121.47596972259578,
              25.101483510979907
            ],
            [
              121.47613175424723,
              25.101478599783295
            ],
            [
              121.47628402369794,
              25.10147849435607
            ],
            [
              121.47644108676704,
              25.101473779580633
            ],
            [
              121.47664687218435,
              25.101458576827568
            ],
            [
              121.47679434714922,
              25.101458545628184
            ],
            [
              121.47690225128875,
              25.101455352080254
            ],
            [
              121.47700536153117,
              25.101452233345988
            ],
            [
              121.4770691625817,
              25.101450263221555
            ],
            [
              121.47719676457668,
              25.101446403837798
            ],
            [
              121.47730004887484,
              25.101447778070405
            ],
            [
              121.47746687243168,
              25.10144270914475
            ],
            [
              121.47765321946278,
              25.10143264304681
            ],
            [
              121.47777105896387,
              25.101429054889017
            ],
            [
              121.47784924087398,
              25.10141771013118
            ],
            [
              121.4778981372256,
              25.101411796104788
            ],
            [
              121.4780013337355,
              25.10141310924424
            ],
            [
              121.4780992134479,
              25.101401179589782
            ],
            [
              121.47828111434868,
              25.101404627114306
            ],
            [
              121.47845212010834,
              25.10137711635822
            ],
            [
              121.47857902330101,
              25.101355363755662
            ],
            [
              121.47870636214701,
              25.101342576900986
            ],
            [
              121.47882786122952,
              25.10130760198554
            ],
            [
              121.47890560662968,
              25.101282837603062
            ],
            [
              121.47914999877887,
              25.10124867083297
            ],
            [
              121.47924247370432,
              25.101223437382586
            ],
            [
              121.47934453595336,
              25.101193519727047
            ],
            [
              121.47944224020776,
              25.101177176986326
            ],
            [
              121.47953026983969,
              25.10116553885485
            ],
            [
              121.47962283161766,
              25.101144818862164
            ],
            [
              121.47982294609236,
              25.10110746334007
            ],
            [
              121.47997930707311,
              25.101084852588478
            ],
            [
              121.4800866852825,
              25.101063642818893
            ],
            [
              121.48025742688812,
              25.101031657462524
            ],
            [
              121.48040881930977,
              25.101004709147183
            ],
            [
              121.48053554603125,
              25.100978542825615
            ],
            [
              121.48074585630035,
              25.100949798836954
            ],
            [
              121.48082368756239,
              25.100929547270905
            ],
            [
              121.48095520745895,
              25.100898690493423
            ],
            [
              121.48106746554201,
              25.100877384515897
            ],
            [
              121.48115976461375,
              25.10084773794355
            ],
            [
              121.48127132524377,
              25.100808621391785
            ],
            [
              121.4814602808142,
              25.100735753207083
            ],
            [
              121.48157593750709,
              25.100674135986647
            ],
            [
              121.4816576030899,
              25.10062237691858
            ],
            [
              121.48176375954529,
              25.10056995749459
            ],
            [
              121.48182136986308,
              25.100532439474346
            ],
            [
              121.48190809033252,
              25.100485077878215
            ],
            [
              121.48203899889727,
              25.10043638962149
            ],
            [
              121.48223710458461,
              25.1003453370572
            ],
            [
              121.48232835684767,
              25.100288893660775
            ],
            [
              121.48248724194302,
              25.100199132585406
            ],
            [
              121.48258816829122,
              25.100137903437947
            ],
            [
              121.48270922749884,
              25.100089507612804
            ],
            [
              121.48280117663197,
              25.10005087443479
            ],
            [
              121.48301392311234,
              25.09995500062573
            ],
            [
              121.48313907817065,
              25.099884104284143
            ],
            [
              121.48323982963683,
              25.099818381999523
            ],
            [
              121.48326911378348,
              25.099813031336037
            ],
            [
              121.48332715912353,
              25.09978893185686
            ],
            [
              121.48339487864995,
              25.09976004661717
            ],
            [
              121.48345841469447,
              25.0997491481446
            ],
            [
              121.48352613414366,
              25.099720262870953
            ],
            [
              121.48358452797386,
              25.099705068426015
            ],
            [
              121.48370070546143,
              25.099656767855553
            ],
            [
              121.48380720865156,
              25.099613333969202
            ],
            [
              121.48388460206993,
              25.099579662854563
            ],
            [
              121.48394752776139,
              25.099555386647683
            ],
            [
              121.48403947590516,
              25.099516834088284
            ],
            [
              121.48409760801124,
              25.099492632990412
            ],
            [
              121.48412671763055,
              25.099482789193882
            ],
            [
              121.48416567570233,
              25.099472733595302
            ],
            [
              121.48423879831154,
              25.099457069604806
            ],
            [
              121.48435968147417,
              25.099404180119624
            ],
            [
              121.48448091312694,
              25.099360276589586
            ],
            [
              121.48453390291063,
              25.099331779529976
            ],
            [
              121.48460667666913,
              25.09930721038786
            ],
            [
              121.48465478576327,
              25.09927897090312
            ],
            [
              121.48475213689406,
              25.099253639507374
            ],
            [
              121.48479048467591,
              25.099225591337966
            ],
            [
              121.4848825193001,
              25.099191471048698
            ],
            [
              121.48504732733059,
              25.09912832843875
            ],
            [
              121.48514398089912,
              25.099085105924928
            ],
            [
              121.48522172203333,
              25.09906042043463
            ],
            [
              121.48531384346624,
              25.099026279495867
            ],
            [
              121.48536221372555,
              25.09900696542121
            ],
            [
              121.48545485796721,
              25.098986222378326
            ],
            [
              121.485517957107,
              25.09896643878227
            ],
            [
              121.48563465556296,
              25.098931535378494
            ],
            [
              121.48576564704211,
              25.098887358905984
            ],
            [
              121.48582360396965,
              25.09885874546362
            ],
            [
              121.48588164802122,
              25.098834645474003
            ],
            [
              121.48593986634984,
              25.098814957464317
            ],
            [
              121.48602222606083,
              25.09878116959732
            ],
            [
              121.48606109633778,
              25.098771053207567
            ],
            [
              121.4861813675152,
              25.098700251671627
            ],
            [
              121.48627723575497,
              25.098634705506893
            ],
            [
              121.48637380113756,
              25.098587050147316
            ],
            [
              121.48651298413213,
              25.098497792500353
            ],
            [
              121.48663761246907,
              25.09841349735896
            ],
            [
              121.48673356748124,
              25.09834793068143
            ],
            [
              121.48684398972591,
              25.098277502954492
            ],
            [
              121.48700199706298,
              25.09816535676707
            ],
            [
              121.48705481138096,
              25.098132447477358
            ],
            [
              121.48713647307575,
              25.098080768712283
            ],
            [
              121.48729465431538,
              25.097973034488692
            ],
            [
              121.4874581516105,
              25.097874169856524
            ],
            [
              121.48758748512714,
              25.097785205103325
            ],
            [
              121.48764064778383,
              25.097761281614606
            ],
            [
              121.48772710241245,
              25.09770491271816
            ],
            [
              121.48789539243563,
              25.097605891836665
            ],
            [
              121.48801095550941,
              25.097539759744112
            ],
            [
              121.48810725798222,
              25.097487631775614
            ],
            [
              121.48823240750059,
              25.09741673430212
            ],
            [
              121.48845412051922,
              25.097298100208196
            ],
            [
              121.48869012588871,
              25.097170193000906
            ],
            [
              121.48873823327534,
              25.097141872276918
            ],
            [
              121.48878607918887,
              25.097104626258496
            ],
            [
              121.48884359883998,
              25.097067128262097
            ],
            [
              121.48891053076139,
              25.097015838152362
            ],
            [
              121.48899166823372,
              25.096950761641814
            ],
            [
              121.48909642351077,
              25.09685810663575
            ],
            [
              121.48918165693534,
              25.09677053051864
            ],
            [
              121.48921921888461,
              25.096724612309444
            ],
            [
              121.48932885438796,
              25.096631780645513
            ],
            [
              121.48941391333925,
              25.096539792702696
            ],
            [
              121.48955134964703,
              25.096401396402715
            ],
            [
              121.48975440996611,
              25.096175989752084
            ],
            [
              121.48990535414268,
              25.096005916848316
            ],
            [
              121.4900848833326,
              25.095808068425583
            ],
            [
              121.49019870120787,
              25.09569725088419
            ],
            [
              121.49026972838539,
              25.09562346148375
            ],
            [
              121.4903456359094,
              25.09554957633175
            ],
            [
              121.49054433734239,
              25.09534227853007
            ],
            [
              121.49060603929647,
              25.095282179774735
            ],
            [
              121.49069623912739,
              25.09519448789058
            ],
            [
              121.49079602533133,
              25.095101949732832
            ],
            [
              121.49088578926619,
              25.09500529275736
            ],
            [
              121.4909808692411,
              25.09491742422177
            ],
            [
              121.49107098162877,
              25.09482967199387
            ],
            [
              121.49114244401363,
              25.0947693008301
            ],
            [
              121.49115176898007,
              25.094755610311264
            ],
            [
              121.49123717517976,
              25.094672527689706
            ],
            [
              121.49136057831136,
              25.094552411435703
            ],
            [
              121.49146524428176,
              25.094459777700248
            ],
            [
              121.49154167391016,
              25.09439929031947
            ],
            [
              121.4916221123354,
              25.09431632408614
            ],
            [
              121.4917216362896,
              25.09421486104767
            ],
            [
              121.49181218384035,
              25.094140526988035
            ],
            [
              121.49191711084559,
              25.09405236566864
            ],
            [
              121.49202142771519,
              25.09395074648128
            ],
            [
              121.49209750837996,
              25.093881354556736
            ],
            [
              121.49219781625851,
              25.09380221422586
            ],
            [
              121.49233568498097,
              25.093677237205338
            ],
            [
              121.49246919612729,
              25.0935658343872
            ],
            [
              121.49258815338233,
              25.093459313231353
            ],
            [
              121.49273621795491,
              25.093342947889255
            ],
            [
              121.49284088267316,
              25.093250314495126
            ],
            [
              121.4929702972846,
              25.093161411019345
            ],
            [
              121.49304602873039,
              25.093083033713796
            ],
            [
              121.493127163285,
              25.093017957981825
            ],
            [
              121.49330825610154,
              25.092864837536855
            ],
            [
              121.49344664637735,
              25.092753258194822
            ],
            [
              121.49356586406323,
              25.092655662354584
            ],
            [
              121.49372360072374,
              25.092534511394
            ],
            [
              121.4939861751377,
              25.092325220055685
            ],
            [
              121.49410068632727,
              25.092232293833312
            ],
            [
              121.49420552409713,
              25.092144072510386
            ],
            [
              121.49440674611579,
              25.09200378396862
            ],
            [
              121.49451637667326,
              25.091910953630787
            ],
            [
              121.49459698731059,
              25.091832480835645
            ],
            [
              121.49470687912618,
              25.091748575550618
            ],
            [
              121.49491664061107,
              25.091572193594978
            ],
            [
              121.49501624885974,
              25.091475244723306
            ],
            [
              121.49511132541905,
              25.091387377151126
            ],
            [
              121.495207186215,
              25.09132183177743
            ],
            [
              121.49532587919886,
              25.09121083909938
            ],
            [
              121.49539263305519,
              25.09115513804506
            ],
            [
              121.49554967004207,
              25.09101609761605
            ],
            [
              121.49594444021031,
              25.090659685859162
            ],
            [
              121.49619620352344,
              25.09042379295424
            ],
            [
              121.49635367513886,
              25.09029825141876
            ],
            [
              121.49654373882122,
              25.090122456505924
            ],
            [
              121.49664421711043,
              25.090047809598065
            ],
            [
              121.496743998152,
              25.089955353899732
            ],
            [
              121.49682940019734,
              25.08987219162843
            ],
            [
              121.49708212016394,
              25.08966319490083
            ],
            [
              121.49717745644836,
              25.089584252718662
            ],
            [
              121.49727723702694,
              25.089491716197497
            ],
            [
              121.49736760591288,
              25.089408437695937
            ],
            [
              121.4975965342963,
              25.089222526278252
            ],
            [
              121.49767757849479,
              25.089152938031773
            ],
            [
              121.49776306699063,
              25.089074370097958
            ],
            [
              121.49778206442552,
              25.08905589408349
            ],
            [
              121.49786763998775,
              25.088977224711034
            ],
            [
              121.49798179873429,
              25.088875314029366
            ],
            [
              121.49812462772388,
              25.088750141553035
            ],
            [
              121.49822048600657,
              25.088684596543484
            ],
            [
              121.49830597409853,
              25.088605947766474
            ],
            [
              121.4984057536973,
              25.088513492489685
            ],
            [
              121.49856313514158,
              25.088383438447664
            ],
            [
              121.49861071553582,
              25.088341721178452
            ],
            [
              121.49870090908617,
              25.08825395034624
            ],
            [
              121.49878657110759,
              25.088179794306814
            ],
            [
              121.4988865245757,
              25.088091750824876
            ],
            [
              121.4990869541104,
              25.087929060836434
            ],
            [
              121.49913924001845,
              25.087882755130533
            ],
            [
              121.49922019598583,
              25.087813187662057
            ],
            [
              121.49931038905778,
              25.087725416983535
            ],
            [
              121.4994006692019,
              25.08764215945109
            ],
            [
              121.49950471785144,
              25.08753161763424
            ],
            [
              121.49960362498119,
              25.087416780595778
            ],
            [
              121.49967917777097,
              25.08733391225243
            ],
            [
              121.49975917478834,
              25.087237530694313
            ],
            [
              121.49986174168882,
              25.087086777988716
            ],
            [
              121.49996509278056,
              25.086958346964337
            ],
            [
              121.50004918529504,
              25.08683946712589
            ],
            [
              121.50010992358068,
              25.086752636870887
            ],
            [
              121.50018434318675,
              25.08663854293281
            ],
            [
              121.50025466705591,
              25.086546866484987
            ],
            [
              121.50036586059517,
              25.086364534720182
            ],
            [
              121.50045012710063,
              25.086250147737474
            ],
            [
              121.50047792544824,
              25.08620458507302
            ],
            [
              121.50056166901902,
              25.08607672038923
            ],
            [
              121.50065508529234,
              25.08594415093208
            ],
            [
              121.50074832720586,
              25.085807088954304
            ],
            [
              121.50085559888376,
              25.085651748598185
            ],
            [
              121.50092086811723,
              25.085555837693377
            ],
            [
              121.50094866635095,
              25.08551019418602
            ],
            [
              121.50099066868503,
              25.08545076483466
            ],
            [
              121.50107423759867,
              25.085318488880798
            ],
            [
              121.50117244624431,
              25.08518131084998
            ],
            [
              121.50120495006328,
              25.08513107896169
            ],
            [
              121.50123754101465,
              25.085080907534035
            ],
            [
              121.50132651252191,
              25.084961851709867
            ],
            [
              121.50134943073446,
              25.084916466076816
            ],
            [
              121.50137722886447,
              25.084870822674297
            ],
            [
              121.50146123320391,
              25.0847519642683
            ],
            [
              121.50158689103269,
              25.0845602389906
            ],
            [
              121.50162871885091,
              25.084496317278997
            ],
            [
              121.50169433621002,
              25.084409310965782
            ],
            [
              121.50175995353165,
              25.084322304681734
            ],
            [
              121.5018196452193,
              25.084208681751264
            ],
            [
              121.50195061825885,
              25.08403019728414
            ],
            [
              121.50205806309594,
              25.08387935051632
            ],
            [
              121.5021376227524,
              25.08376947206786
            ],
            [
              121.50222624499929,
              25.083641512674014
            ],
            [
              121.50230946445107,
              25.08350033343282
            ],
            [
              121.5023747328585,
              25.0834044232916
            ],
            [
              121.50242597158228,
              25.083326791468885
            ],
            [
              121.50250474671847,
              25.083199125446672
            ],
            [
              121.50256905646877,
              25.083076401495294
            ],
            [
              121.50262892201701,
              25.082967190645984
            ],
            [
              121.50270220716533,
              25.08282179182507
            ],
            [
              121.50276581968181,
              25.08268117876613
            ],
            [
              121.50282995500524,
              25.082553962456238
            ],
            [
              121.50288467913879,
              25.082440456533675
            ],
            [
              121.50294846583475,
              25.082304255214677
            ],
            [
              121.50300806976456,
              25.0821861199778
            ],
            [
              121.5030674122429,
              25.082063512739005
            ],
            [
              121.50311289940815,
              25.081963676282037
            ],
            [
              121.50316797196731,
              25.081859155643247
            ],
            [
              121.50325485061848,
              25.081681980976008
            ],
            [
              121.50331881138888,
              25.081550353449522
            ],
            [
              121.50338207500411,
              25.081400755794387
            ],
            [
              121.50344664568289,
              25.081286957137344
            ],
            [
              121.50356132172469,
              25.08106422090793
            ],
            [
              121.50361595836999,
              25.08094628338042
            ],
            [
              121.50366562802499,
              25.08082846221048
            ],
            [
              121.50372096173814,
              25.08072833300647
            ],
            [
              121.50380862422759,
              25.080573561162012
            ],
            [
              121.50386326075521,
              25.080455542843485
            ],
            [
              121.50390866046577,
              25.080355727340567
            ],
            [
              121.50394552048627,
              25.08028755124219
            ],
            [
              121.50399109444324,
              25.08019214736683
            ],
            [
              121.5040464279996,
              25.08009209931843
            ],
            [
              121.5041074255899,
              25.079879970523727
            ],
            [
              121.50416119058191,
              25.079739651651437
            ],
            [
              121.50419134079331,
              25.079622375935575
            ],
            [
              121.50424005166727,
              25.079477741344167
            ],
            [
              121.50431917411616,
              25.07922475575619
            ],
            [
              121.50436710068314,
              25.079057799988146
            ],
            [
              121.50441145452461,
              25.07892665796391
            ],
            [
              121.50445049286202,
              25.078786809088875
            ],
            [
              121.5045075689788,
              25.07860167122605
            ],
            [
              121.50455627971861,
              25.07845703687719
            ],
            [
              121.50460080776506,
              25.078330387521355
            ],
            [
              121.50464481296028,
              25.078190341542168
            ],
            [
              121.50469822914495,
              25.078041119001085
            ],
            [
              121.50473909730206,
              25.07795038488429
            ],
            [
              121.50475748361106,
              25.07791400005482
            ],
            [
              121.50478937644344,
              25.077845940662534
            ],
            [
              121.50479408194253,
              25.077841352370477
            ],
            [
              121.50485316208156,
              25.07770974096023
            ],
            [
              121.50490762383473,
              25.077587311875714
            ],
            [
              121.50497132226842,
              25.077451213728587
            ],
            [
              121.50506734911538,
              25.077255859001816
            ],
            [
              121.50513209312385,
              25.077146554258455
            ],
            [
              121.50517775374857,
              25.077051211586657
            ],
            [
              121.50528197144223,
              25.07681086121744
            ],
            [
              121.50533704296123,
              25.07670634209579
            ],
            [
              121.50538183212018,
              25.076588617852718
            ],
            [
              121.50542243861884,
              25.076488959488813
            ],
            [
              121.50552656895212,
              25.07624871092055
            ],
            [
              121.50557615064245,
              25.07612637804045
            ],
            [
              121.50561588568993,
              25.076004419062258
            ],
            [
              121.5056428114051,
              25.07593647624848
            ],
            [
              121.50575504538597,
              25.075646719173378
            ],
            [
              121.50580950671139,
              25.07552429074002
            ],
            [
              121.50581830765913,
              25.075497123647814
            ],
            [
              121.50584941595423,
              25.075406743474556
            ],
            [
              121.50588941232127,
              25.075293628306184
            ],
            [
              121.50596940501353,
              25.075063026424186
            ],
            [
              121.5060350198927,
              25.074841798257683
            ],
            [
              121.5060706593001,
              25.074742337437574
            ],
            [
              121.50611867227394,
              25.074579815092807
            ],
            [
              121.5061665980899,
              25.074412779756646
            ],
            [
              121.50619883908209,
              25.07421948114094
            ],
            [
              121.50622402190484,
              25.07410240358935
            ],
            [
              121.50623970670514,
              25.073994522965243
            ],
            [
              121.50628318844589,
              25.073706856533597
            ],
            [
              121.5063013130945,
              25.07353185604758
            ],
            [
              121.50632719299644,
              25.073432586726568
            ],
            [
              121.50633207270793,
              25.073298266040904
            ],
            [
              121.5063047114658,
              25.073223018909264
            ],
            [
              121.50631194389666,
              25.07315120936424
            ],
            [
              121.50633207270793,
              25.07302981588055
            ],
            [
              121.50634950024727,
              25.07297115122815
            ],
            [
              121.50637651292807,
              25.072903188255353
            ],
            [
              121.50639847161874,
              25.072830909359887
            ],
            [
              121.50643437232618,
              25.07274037339734
            ],
            [
              121.50643864206975,
              25.07272236806678
            ],
            [
              121.50649179600721,
              25.07256414143974
            ],
            [
              121.50654137728077,
              25.072441809363713
            ],
            [
              121.50658058916915,
              25.0723064543584
            ],
            [
              121.50662049814402,
              25.072188907605767
            ],
            [
              121.5067092912064,
              25.071931139745246
            ],
            [
              121.5067846650475,
              25.071709640151106
            ],
            [
              121.50686335005655,
              25.071443321548426
            ],
            [
              121.50690796434559,
              25.07132118682388
            ],
            [
              121.50691972787597,
              25.071240296680234
            ],
            [
              121.50695344998962,
              25.071087127833415
            ],
            [
              121.50697323013958,
              25.070956749494357
            ],
            [
              121.5069848193888,
              25.070871447769065
            ],
            [
              121.50698891483752,
              25.070848949938835
            ],
            [
              121.5069962343625,
              25.070781572547677
            ],
            [
              121.50700407671017,
              25.07072767276727
            ],
            [
              121.50700982776478,
              25.070615652808293
            ],
            [
              121.50702028422701,
              25.070499044701965
            ],
            [
              121.50702446681163,
              25.070346753751103
            ],
            [
              121.50703413903797,
              25.07020782430793
            ],
            [
              121.50703117637414,
              25.070127322312395
            ],
            [
              121.50703300625474,
              25.07004229263724
            ],
            [
              121.50703605605571,
              25.06999300144128
            ],
            [
              121.50703710170174,
              25.06988556947243
            ],
            [
              121.50702917221915,
              25.069805264436052
            ],
            [
              121.50701889003211,
              25.069657995381025
            ],
            [
              121.50701854148336,
              25.06964901028243
            ],
            [
              121.50701165764578,
              25.069461354049626
            ],
            [
              121.50700791074661,
              25.069358530541482
            ],
            [
              121.50700285678946,
              25.06921998893833
            ],
            [
              121.50699771569488,
              25.069081467782173
            ],
            [
              121.50699135467923,
              25.068907207977308
            ],
            [
              121.50698647499576,
              25.068773077806934
            ],
            [
              121.50698577789811,
              25.068755269478576
            ],
            [
              121.50698351233069,
              25.068692656454665
            ],
            [
              121.50698316378185,
              25.068549526518474
            ],
            [
              121.50697314300236,
              25.06841110062574
            ],
            [
              121.50696137947747,
              25.068223620219197
            ],
            [
              121.50695632551827,
              25.068084997224265
            ],
            [
              121.50695371140134,
              25.06801356085708
            ],
            [
              121.5069479603439,
              25.067857129409468
            ],
            [
              121.5069341926598,
              25.06775018626024
            ],
            [
              121.50693628395368,
              25.067674080806817
            ],
            [
              121.50693454120876,
              25.06749063823244
            ],
            [
              121.50692826732688,
              25.06732089073974
            ],
            [
              121.50692844160137,
              25.067191076138986
            ],
            [
              121.5069230390917,
              25.067043629508508
            ],
            [
              121.50690517595304,
              25.066824957626213
            ],
            [
              121.50689062402829,
              25.066427239648366
            ],
            [
              121.50687589782711,
              25.066159255259574
            ],
            [
              121.506860300251,
              25.065734661911645
            ],
            [
              121.50685655334696,
              25.06563191830147
            ],
            [
              121.50683250344814,
              25.065243395504616
            ],
            [
              121.50682021708484,
              25.06490820849902
            ],
            [
              121.50681333323533,
              25.064720549797702
            ],
            [
              121.50680627511072,
              25.064662544552203
            ],
            [
              121.50678928332748,
              25.064600480289023
            ],
            [
              121.5067774326464,
              25.064547164444456
            ],
            [
              121.50675983089722,
              25.064467109174423
            ],
            [
              121.5067218389938,
              25.064369910607855
            ],
            [
              121.50664594228667,
              25.064175330799934
            ],
            [
              121.5066015021708,
              25.06403350293367
            ],
            [
              121.5065849460448,
              25.063984774844933
            ],
            [
              121.50652935229901,
              25.063807520213874
            ],
            [
              121.5065236012203,
              25.06378531430097
            ],
            [
              121.50650739363337,
              25.063745571381283
            ],
            [
              121.50647401993905,
              25.063639190149658
            ],
            [
              121.50640169571186,
              25.063408795049593
            ],
            [
              121.50636849626217,
              25.06330690618501
            ],
            [
              121.50634122216641,
              25.063231634930407
            ],
            [
              121.5063237074881,
              25.063156092075392
            ],
            [
              121.50629103084229,
              25.06306759999627
            ],
            [
              121.50626828789132,
              25.062983328963416
            ],
            [
              121.50617766459364,
              25.06265498678699
            ],
            [
              121.50615509589588,
              25.06257512721558
            ],
            [
              121.50611971792831,
              25.062415217414827
            ],
            [
              121.50605854713109,
              25.062220166248018
            ],
            [
              121.50598970816074,
              25.06194936036172
            ],
            [
              121.50595075748458,
              25.06182526417108
            ],
            [
              121.50591250389937,
              25.061719057606616
            ],
            [
              121.50586745353324,
              25.06156385053636
            ],
            [
              121.50580480125386,
              25.06132866731321
            ],
            [
              121.50574005762468,
              25.061035361609818
            ],
            [
              121.50568036797455,
              25.06088060129729
            ],
            [
              121.50562721366148,
              25.060770369206196
            ],
            [
              121.50559514678531,
              25.060565475324324
            ],
            [
              121.50555863584745,
              25.060374255969933
            ],
            [
              121.50554704645424,
              25.060325410862387
            ],
            [
              121.50553005448464,
              25.06026326374445
            ],
            [
              121.50552203775965,
              25.060178523221833
            ],
            [
              121.50550957697949,
              25.060107295482428
            ],
            [
              121.50547933997584,
              25.05995159836838
            ],
            [
              121.5054459659827,
              25.05971106529521
            ],
            [
              121.50542078298933,
              25.05955968449664
            ],
            [
              121.50540849647497,
              25.059492949257812
            ],
            [
              121.50540623087645,
              25.059430415014447
            ],
            [
              121.50538819322496,
              25.059341473176318
            ],
            [
              121.5053798279364,
              25.059247746887895
            ],
            [
              121.50539455432944,
              25.059113129982595
            ],
            [
              121.50540222250969,
              25.058920506107196
            ],
            [
              121.50539917266534,
              25.058835568614487
            ],
            [
              121.50539716848186,
              25.058781959251412
            ],
            [
              121.50540875789018,
              25.05869657451435
            ],
            [
              121.50541546754712,
              25.058611365829634
            ],
            [
              121.50541825597585,
              25.05855314813027
            ],
            [
              121.50544701164323,
              25.058400173496388
            ],
            [
              121.50547794576221,
              25.05830530099841
            ],
            [
              121.50552125351479,
              25.058147365997637
            ],
            [
              121.50552866027165,
              25.058080047260074
            ],
            [
              121.5055559345604,
              25.058021009821775
            ],
            [
              121.5055870429266,
              25.057930630107016
            ],
            [
              121.50560447057904,
              25.05787196525583
            ],
            [
              121.50567775382859,
              25.057726573262624
            ],
            [
              121.50573578785513,
              25.057568170778517
            ],
            [
              121.50576227785146,
              25.057486811206523
            ],
            [
              121.50577534857106,
              25.057441719656218
            ],
            [
              121.50578841928923,
              25.057396547149544
            ],
            [
              121.50580610832543,
              25.05734235459071
            ],
            [
              121.50587067764127,
              25.0572285620424
            ],
            [
              121.5059287987083,
              25.0570701392339
            ],
            [
              121.5059917123339,
              25.0569116419088
            ],
            [
              121.50604652209876,
              25.056798120582886
            ],
            [
              121.50611030703855,
              25.056662006026695
            ],
            [
              121.50620005901136,
              25.056431134915922
            ],
            [
              121.506254781539,
              25.056317634229742
            ],
            [
              121.5062997446154,
              25.05620440463445
            ],
            [
              121.5063312013309,
              25.056122929756057
            ],
            [
              121.50635664553766,
              25.056014776007103
            ],
            [
              121.50637058756638,
              25.05585775619413
            ],
            [
              121.50638165405047,
              25.055758974460215
            ],
            [
              121.50637363738495,
              25.05567423343431
            ],
            [
              121.50636779916076,
              25.055513364301824
            ],
            [
              121.50634392343498,
              25.05526347175115
            ],
            [
              121.50632928430137,
              25.05499999171363
            ],
            [
              121.50631769498595,
              25.054816915491163
            ],
            [
              121.50630906835191,
              25.05471426370399
            ],
            [
              121.50630575711847,
              25.054624934642156
            ],
            [
              121.50628545402715,
              25.0544733764343
            ],
            [
              121.50627273191657,
              25.05425907306445
            ],
            [
              121.50626140400868,
              25.054084921428494
            ],
            [
              121.50626088118216,
              25.054071524144128
            ],
            [
              121.50624781051782,
              25.05398246579986
            ],
            [
              121.50624476069589,
              25.05389752783728
            ],
            [
              121.50622036211779,
              25.053634317529447
            ],
            [
              121.50616999646518,
              25.053465782663572
            ],
            [
              121.50610682152363,
              25.053217194925818
            ],
            [
              121.50606917795572,
              25.053128894712586
            ],
            [
              121.50602979161685,
              25.052991375877482
            ],
            [
              121.50595894845563,
              25.052801181291052
            ],
            [
              121.50587608020047,
              25.052548641117735
            ],
            [
              121.50581639062106,
              25.05239387444474
            ],
            [
              121.505788245013,
              25.052296296770916
            ],
            [
              121.50576123219383,
              25.05223002709834
            ],
            [
              121.50572872966426,
              25.05214602254307
            ],
            [
              121.50568489916078,
              25.052022096396517
            ],
            [
              121.50557135803712,
              25.051739200913573
            ],
            [
              121.50552848599501,
              25.051642089690894
            ],
            [
              121.50548613676696,
              25.05155837581774
            ],
            [
              121.50544753447348,
              25.051443177856836
            ],
            [
              121.50538932602444,
              25.05132862249511
            ],
            [
              121.50535325071336,
              25.05128051310213
            ],
            [
              121.50528336565822,
              25.051117130996236
            ],
            [
              121.50517723091708,
              25.050901146149613
            ],
            [
              121.50515074078577,
              25.050848273059216
            ],
            [
              121.50511300976582,
              25.05075545748085
            ],
            [
              121.50508643248102,
              25.050702523831703
            ],
            [
              121.50501759292793,
              25.050565935794264
            ],
            [
              121.50499092848234,
              25.050508569668843
            ],
            [
              121.50494256648193,
              25.050393722041594
            ],
            [
              121.50486344446253,
              25.050244006476092
            ],
            [
              121.50484000411811,
              25.050141839368667
            ],
            [
              121.50480340580128,
              25.05008033159882
            ],
            [
              121.50474990252667,
              25.04996118683295
            ],
            [
              121.50472323801893,
              25.049903820336795
            ],
            [
              121.50468646538698,
              25.049837819530794
            ],
            [
              121.50466520348068,
              25.04979375579626
            ],
            [
              121.50463426914277,
              25.04975439486913
            ],
            [
              121.50460865027634,
              25.049723823428376
            ],
            [
              121.50453484351009,
              25.049587430013872
            ],
            [
              121.50445833538357,
              25.049509234925463
            ],
            [
              121.5042635792734,
              25.049286958112898
            ],
            [
              121.50401871765504,
              25.049039379037513
            ],
            [
              121.50389123255597,
              25.0489090452253
            ],
            [
              121.50372915286823,
              25.0487752661046
            ],
            [
              121.50368340452789,
              25.048731938324956
            ],
            [
              121.50358179957726,
              25.048641020001597
            ],
            [
              121.50328796382829,
              25.04839499079323
            ],
            [
              121.5031494111236,
              25.048233656852137
            ],
            [
              121.50313503300315,
              25.04810879247889
            ],
            [
              121.50311377080963,
              25.04806472751102
            ],
            [
              121.50309303145313,
              25.04803397936979
            ],
            [
              121.50307769478373,
              25.048016615372678
            ],
            [
              121.5030058912589,
              25.047933748799025
            ],
            [
              121.50297530503505,
              25.047903372211145
            ],
            [
              121.50286245835522,
              25.047772589104266
            ],
            [
              121.50276006841464,
              25.04765934532305
            ],
            [
              121.5027193738342,
              25.047620333750757
            ],
            [
              121.50261227817778,
              25.04751175805599
            ],
            [
              121.50240749775932,
              25.04728534976962
            ],
            [
              121.50229961754528,
              25.04715436885733
            ],
            [
              121.50223304198293,
              25.04708031112012
            ],
            [
              121.50209405230115,
              25.046905635351735
            ],
            [
              121.50204760618192,
              25.046844414647406
            ],
            [
              121.50199628014838,
              25.04678328840049
            ],
            [
              121.50194486695084,
              25.046722263522046
            ],
            [
              121.50190809342936,
              25.04665625913851
            ],
            [
              121.50173198121188,
              25.04640659135029
            ],
            [
              121.50169076341983,
              25.046354180617957
            ],
            [
              121.50163420875091,
              25.04628424326592
            ],
            [
              121.50157747977151,
              25.046209974746755
            ],
            [
              121.50149521834453,
              25.046109564869802
            ],
            [
              121.5013827187765,
              25.04598768189955
            ],
            [
              121.50135195783747,
              25.045952810932345
            ],
            [
              121.50129165591612,
              25.04591435806229
            ],
            [
              121.50121592990355,
              25.04585856079009
            ],
            [
              121.50116015927549,
              25.045811027270876
            ],
            [
              121.50096348045392,
              25.045669337280543
            ],
            [
              121.50084244046234,
              25.045583545921712
            ],
            [
              121.50071094330757,
              25.045480132903965
            ],
            [
              121.50055452336814,
              25.045364117281547
            ],
            [
              121.50046877552265,
              25.045304035089515
            ],
            [
              121.5003831147554,
              25.045244013231734
            ],
            [
              121.50029762820881,
              25.045188484277762
            ],
            [
              121.50023680288008,
              25.045136631939062
            ],
            [
              121.50023662859546,
              25.045132138883726
            ],
            [
              121.50004090676006,
              25.0450172620539
            ],
            [
              121.49992047579451,
              25.044949380205342
            ],
            [
              121.49988570590473,
              25.044936986902353
            ],
            [
              121.49983577318741,
              25.044916174398868
            ],
            [
              121.49965042065962,
              25.044814404283628
            ],
            [
              121.4994006692019,
              25.044701211842185
            ],
            [
              121.49923108887268,
              25.04463030564278
            ],
            [
              121.4990062594789,
              25.044525261338112
            ],
            [
              121.49882622136036,
              25.044436732190988
            ],
            [
              121.49867136743832,
              25.044365440115467
            ],
            [
              121.4984316353782,
              25.04425636589578
            ],
            [
              121.49835660463066,
              25.044218374986674
            ],
            [
              121.49815695811722,
              25.044130484358917
            ],
            [
              121.49789665897755,
              25.043995231109022
            ],
            [
              121.49778711878838,
              25.04395377092169
            ],
            [
              121.49766232824678,
              25.043899377177727
            ],
            [
              121.49745710328342,
              25.043793767831755
            ],
            [
              121.49727706273781,
              25.043705315049344
            ],
            [
              121.49709702191012,
              25.043616780760278
            ],
            [
              121.49707201137593,
              25.043604116577665
            ],
            [
              121.49685719942087,
              25.043503267717746
            ],
            [
              121.49678225479035,
              25.04346978851009
            ],
            [
              121.49661763786641,
              25.043398679645033
            ],
            [
              121.49639803207407,
              25.043302437058262
            ],
            [
              121.49635306512197,
              25.043281426191054
            ],
            [
              121.49623289172763,
              25.043217928522594
            ],
            [
              121.49605311070077,
              25.04313839806221
            ],
            [
              121.49588831844126,
              25.043062875033364
            ],
            [
              121.495663831091,
              25.04296680497902
            ],
            [
              121.49564892915896,
              25.042962776510873
            ],
            [
              121.49559446301676,
              25.042951041257098
            ],
            [
              121.49545093371518,
              25.042919587267203
            ],
            [
              121.49532239335673,
              25.04289659431673
            ],
            [
              121.49522775270265,
              25.04285923936924
            ],
            [
              121.49512910324543,
              25.04284881694132
            ],
            [
              121.49494234878499,
              25.042845493288315
            ],
            [
              121.49476561586638,
              25.0428463729886
            ],
            [
              121.49461284799149,
              25.042833119824525
            ],
            [
              121.49443611456631,
              25.04283399899296
            ],
            [
              121.4942648711215,
              25.04285261551975
            ],
            [
              121.49410338788364,
              25.042866428520338
            ],
            [
              121.49393606556303,
              25.04285813225313
            ],
            [
              121.49382817739591,
              25.042861376573825
            ],
            [
              121.4936466496617,
              25.04286686236477
            ],
            [
              121.493578151844,
              25.042873401727324
            ],
            [
              121.49350947969066,
              25.04287552871033
            ],
            [
              121.49342128645891,
              25.042882646973847
            ],
            [
              121.49321901694366,
              25.04285745978584
            ],
            [
              121.49309151986259,
              25.042861342843516
            ],
            [
              121.49296393549228,
              25.042865165269593
            ],
            [
              121.4927924284108,
              25.042874853612535
            ],
            [
              121.49262623710759,
              25.04289778629856
            ],
            [
              121.49247825954156,
              25.042879922274
            ],
            [
              121.49226230607341,
              25.042881995736806
            ],
            [
              121.49211023206011,
              25.042886550475966
            ],
            [
              121.49194325543334,
              25.042887156911316
            ],
            [
              121.49187475660084,
              25.042893695328228
            ],
            [
              121.49175161546736,
              25.042884002861612
            ],
            [
              121.49152589995451,
              25.042890878127285
            ],
            [
              121.49129521649968,
              25.042893413999725
            ],
            [
              121.49105878072935,
              25.042873738278114
            ],
            [
              121.49086191032335,
              25.04286177075276
            ],
            [
              121.49076805034315,
              25.04284673637249
            ],
            [
              121.49059061381104,
              25.04282971685145
            ],
            [
              121.49036907921035,
              25.042814068777616
            ],
            [
              121.49017185902386,
              25.04279319400706
            ],
            [
              121.49004871606688,
              25.042783499460647
            ],
            [
              121.48988112639559,
              25.04276618945459
            ],
            [
              121.48969880807748,
              25.042749343142976
            ],
            [
              121.48948703261286,
              25.04273342440951
            ],
            [
              121.48938314919712,
              25.042714184307865
            ],
            [
              121.48922575518544,
              25.042705489978974
            ],
            [
              121.48916196087352,
              25.042707439483674
            ],
            [
              121.4890882313378,
              25.042705164116793
            ],
            [
              121.48894826710098,
              25.042637880866987
            ],
            [
              121.48881318314925,
              25.042570341537957
            ],
            [
              121.48874232937436,
              25.04251435368059
            ],
            [
              121.48864986208223,
              25.04240085145624
            ],
            [
              121.48855268855185,
              25.04229638972
            ],
            [
              121.48848227037273,
              25.042249286959972
            ],
            [
              121.48837141394392,
              25.042172087611974
            ],
            [
              121.48825925013723,
              25.042059162428387
            ],
            [
              121.48820295031423,
              25.041998297415542
            ],
            [
              121.48810664792155,
              25.041916221154125
            ],
            [
              121.48798515863423,
              25.04181698373368
            ],
            [
              121.48788868175583,
              25.041730413472557
            ],
            [
              121.48776135306892,
              25.0416045304743
            ],
            [
              121.48764936297113,
              25.041496016126125
            ],
            [
              121.48752185971534,
              25.041365638813904
            ],
            [
              121.48737962761876,
              25.041235724604515
            ],
            [
              121.48725290843359,
              25.041127753654624
            ],
            [
              121.48713595016218,
              25.04101943301779
            ],
            [
              121.48700356580542,
              25.040889228697225
            ],
            [
              121.48684163660894,
              25.04075989024725
            ],
            [
              121.4866991422136,
              25.040621047077295
            ],
            [
              121.4865476709136,
              25.040509332596866
            ],
            [
              121.48641493726869,
              25.040370139205177
            ],
            [
              121.48630834933925,
              25.04027492730988
            ],
            [
              121.48623148046869,
              25.040187796271656
            ],
            [
              121.48609447595977,
              25.04006669025244
            ],
            [
              121.48601908854907,
              25.04001977876184
            ],
            [
              121.4859774293576,
              25.039953852248573
            ],
            [
              121.48589079910775,
              25.039866988686747
            ],
            [
              121.48579989828251,
              25.03979821344206
            ],
            [
              121.48570359387831,
              25.039716131718855
            ],
            [
              121.48563700870464,
              25.03964205025656
            ],
            [
              121.48551115913502,
              25.039556380284683
            ],
            [
              121.48538853411036,
              25.039425902572432
            ],
            [
              121.4853110545498,
              25.03932085563528
            ],
            [
              121.4852241623371,
              25.039229517438592
            ],
            [
              121.48520376836798,
              25.03920774728897
            ],
            [
              121.4850922987035,
              25.039112706749687
            ],
            [
              121.4849997413238,
              25.03899921578865
            ],
            [
              121.48481436487901,
              25.038763144328357
            ],
            [
              121.48474647187977,
              25.03865341536127
            ],
            [
              121.48468485393693,
              25.03857921815777
            ],
            [
              121.4845805304139,
              25.038412373348013
            ],
            [
              121.48446234926604,
              25.038268297398186
            ],
            [
              121.48439846515848,
              25.03813147108288
            ],
            [
              121.48431993907855,
              25.03799970247998
            ],
            [
              121.48424106432728,
              25.03785441163026
            ],
            [
              121.4841524282163,
              25.037713922993987
            ],
            [
              121.48410580053958,
              25.037648188724866
            ],
            [
              121.48407215887697,
              25.037532924927614
            ],
            [
              121.48397245399528,
              25.037356976320964
            ],
            [
              121.48394500027582,
              25.03727726502729
            ],
            [
              121.4838848635341,
              25.03710902924494
            ],
            [
              121.48382812579679,
              25.036900478855216
            ],
            [
              121.48376929631611,
              25.03676805082143
            ],
            [
              121.48371717772885,
              25.036550398610117
            ],
            [
              121.48369809081557,
              25.03643017755613
            ],
            [
              121.48365895827573,
              25.036301626316217
            ],
            [
              121.48364396763331,
              25.036158903604274
            ],
            [
              121.48362766966522,
              25.035980453427612
            ],
            [
              121.48362784397506,
              25.035850688764057
            ],
            [
              121.48363289896005,
              25.035720830717935
            ],
            [
              121.48363098155198,
              25.035667188878413
            ],
            [
              121.4836281054398,
              25.035452467594567
            ],
            [
              121.48363333473462,
              25.03532710319062
            ],
            [
              121.48363237603058,
              25.03530028224638
            ],
            [
              121.48368336164289,
              25.035083926449754
            ],
            [
              121.48371055396022,
              25.034886275648077
            ],
            [
              121.48375674602299,
              25.03467015470578
            ],
            [
              121.48382411667757,
              25.0344980515977
            ],
            [
              121.4838527905923,
              25.034340622047925
            ],
            [
              121.48390508342757,
              25.034160074864275
            ],
            [
              121.48398134376974,
              25.03396094389729
            ],
            [
              121.48408113579823,
              25.033734181218147
            ],
            [
              121.48414911634455,
              25.033580073868162
            ],
            [
              121.48423043148375,
              25.03338518166911
            ],
            [
              121.48429736608897,
              25.03319973931169
            ],
            [
              121.48434286068122,
              25.033099902415053
            ],
            [
              121.48439611199146,
              25.032946176592368
            ],
            [
              121.48446897299141,
              25.032787360624276
            ],
            [
              121.48454157248256,
              25.03262415242835
            ],
            [
              121.48461896540707,
              25.032456255855152
            ],
            [
              121.48466262963541,
              25.0323072915034
            ],
            [
              121.48473409600138,
              25.032112768844478
            ],
            [
              121.48474682049606,
              25.032058685249783
            ],
            [
              121.48478708566847,
              25.031950116382067
            ],
            [
              121.48481985558196,
              25.031770104976996
            ],
            [
              121.48487319382542,
              25.031616440063296
            ],
            [
              121.48493184843393,
              25.031475940686686
            ],
            [
              121.48501542902052,
              25.031343678730437
            ],
            [
              121.48506022609824,
              25.03122602931144
            ],
            [
              121.48522119911105,
              25.030925871544735
            ],
            [
              121.48531340769807,
              25.030762027755582
            ],
            [
              121.48543315673575,
              25.030543618025984
            ],
            [
              121.48551952586969,
              25.03035312778051
            ],
            [
              121.48564511397,
              25.03016136498744
            ],
            [
              121.48572721243194,
              25.029988882579033
            ],
            [
              121.48585672220086,
              25.029770205960503
            ],
            [
              121.48595869143182,
              25.02960156071918
            ],
            [
              121.48601847847736,
              25.029492457688605
            ],
            [
              121.48604488586511,
              25.02940657730164
            ],
            [
              121.4861091176708,
              25.02928387949291
            ],
            [
              121.48615496015876,
              25.02919303110434
            ],
            [
              121.48623243915105,
              25.029029569338388
            ],
            [
              121.48629309758331,
              25.028942773130673
            ],
            [
              121.48636081536428,
              25.02877965987278
            ],
            [
              121.48647969178433,
              25.028538944912867
            ],
            [
              121.48660745765307,
              25.028271121483883
            ],
            [
              121.48675648860309,
              25.02791311910079
            ],
            [
              121.48677479063628,
              25.027876755682968
            ],
            [
              121.48686342472722,
              25.02774881488085
            ],
            [
              121.48694465079583,
              25.02768820363939
            ],
            [
              121.48700522170024,
              25.027596893683988
            ],
            [
              121.48706736131433,
              25.027550318806576
            ],
            [
              121.48713403281248,
              25.027494582349227
            ],
            [
              121.48719207620294,
              25.02747042770242
            ],
            [
              121.48723556515048,
              25.027451228773142
            ],
            [
              121.48732158432293,
              25.02738601020238
            ],
            [
              121.48733125820759,
              25.027381228654566
            ],
            [
              121.48742590536067,
              25.02728442832368
            ],
            [
              121.48747741220406,
              25.027215733366557
            ],
            [
              121.48751340597434,
              25.02712517347928
            ],
            [
              121.48752700168126,
              25.02709347805935
            ],
            [
              121.48755855068723,
              25.027016431968153
            ],
            [
              121.4875657842979,
              25.026944608979306
            ],
            [
              121.48758574208877,
              25.026818784059422
            ],
            [
              121.48757153632529,
              25.026698389035534
            ],
            [
              121.48757711404859,
              25.026581932487243
            ],
            [
              121.48757354081965,
              25.026483576569596
            ],
            [
              121.48757615537743,
              25.026286678300984
            ],
            [
              121.48757763696015,
              25.026192641864686
            ],
            [
              121.48757781126399,
              25.026062878252223
            ],
            [
              121.4876233045592,
              25.025963124277823
            ],
            [
              121.48771899729377,
              25.025758867592824
            ],
            [
              121.48780144288288,
              25.02559529376425
            ],
            [
              121.48784684893789,
              25.025495479406477
            ],
            [
              121.48794201857666,
              25.025277903846053
            ],
            [
              121.48803753674301,
              25.02506923482972
            ],
            [
              121.48813688949609,
              25.02482905695491
            ],
            [
              121.48824155840016,
              25.02460220664952
            ],
            [
              121.48834552999824,
              25.024357462681074
            ],
            [
              121.48839999957417,
              25.024235033952987
            ],
            [
              121.48854083599008,
              25.02392203742667
            ],
            [
              121.48861343291185,
              25.023758752157637
            ],
            [
              121.48864942632669,
              25.023668192910083
            ],
            [
              121.48868559403239,
              25.02358212737342
            ],
            [
              121.48870842761426,
              25.02353668389358
            ],
            [
              121.48874947575958,
              25.023450444284585
            ],
            [
              121.48879496859135,
              25.02335061003913
            ],
            [
              121.48871095499517,
              25.023066838804905
            ],
            [
              121.4886902130398,
              25.022901903117635
            ],
            [
              121.48868646554325,
              25.022799134443808
            ],
            [
              121.48868358955744,
              25.02271867229851
            ],
            [
              121.48866999398723,
              25.022616191196544
            ],
            [
              121.4886550039977,
              25.022473468712423
            ],
            [
              121.48863504639233,
              25.02233094066829
            ],
            [
              121.48862162511863,
              25.022232872133205
            ],
            [
              121.48861299715617,
              25.022130277288415
            ],
            [
              121.4885997501822,
              25.022036702384543
            ],
            [
              121.48857560931124,
              25.021912161019095
            ],
            [
              121.48856968303168,
              25.021885534724085
            ],
            [
              121.4885438862818,
              25.021716278555488
            ],
            [
              121.4885303778463,
              25.021613776551106
            ],
            [
              121.48850702132178,
              25.021511562031296
            ],
            [
              121.48848331618755,
              25.02140044097946
            ],
            [
              121.48842483769221,
              25.02114273835339
            ],
            [
              121.48839145874636,
              25.021036317303526
            ],
            [
              121.48839093583852,
              25.02102291708947
            ],
            [
              121.48839328892379,
              25.020951267881937
            ],
            [
              121.48839520625252,
              25.020870732637746
            ],
            [
              121.48839346322643,
              25.020821503596864
            ],
            [
              121.48839328892379,
              25.02081709084057
            ],
            [
              121.48839590346293,
              25.020754368555004
            ],
            [
              121.48838317937185,
              25.02067419329255
            ],
            [
              121.48838631681913,
              25.0206248712141
            ],
            [
              121.48838840845056,
              25.020548748673615
            ],
            [
              121.48838108774032,
              25.020481880580537
            ],
            [
              121.48838797269401,
              25.020401150818444
            ],
            [
              121.48838065198375,
              25.020334282696034
            ],
            [
              121.48838718833223,
              25.02024456543844
            ],
            [
              121.48840365992874,
              25.020159074947742
            ],
            [
              121.48840679737542,
              25.020109752833676
            ],
            [
              121.4884045314417,
              25.020047204438825
            ],
            [
              121.48840156829758,
              25.019966762045126
            ],
            [
              121.48840958621686,
              25.019917346929024
            ],
            [
              121.48841603541237,
              25.019823115428245
            ],
            [
              121.48842300751527,
              25.019746899805632
            ],
            [
              121.48845995965348,
              25.01968316173861
            ],
            [
              121.48845821662837,
              25.019633932581822
            ],
            [
              121.4884854949685,
              25.019574975665304
            ],
            [
              121.48849368718437,
              25.019529973322232
            ],
            [
              121.48849142125239,
              25.019467424881892
            ],
            [
              121.4884893296228,
              25.01940928919922
            ],
            [
              121.48851137888268,
              25.019341518763024
            ],
            [
              121.48850928725346,
              25.019283464047763
            ],
            [
              121.48851286045337,
              25.01924756261479
            ],
            [
              121.48851007161443,
              25.019171613879177
            ],
            [
              121.48851320905821,
              25.019122291719423
            ],
            [
              121.48852497447164,
              25.0190413879267
            ],
            [
              121.48853151081194,
              25.018951751546318
            ],
            [
              121.48853761139586,
              25.018848613453297
            ],
            [
              121.48853482255753,
              25.018772664659124
            ],
            [
              121.48854074883886,
              25.01866511376262
            ],
            [
              121.48854205610678,
              25.018566663754186
            ],
            [
              121.48853944157094,
              25.018495127687295
            ],
            [
              121.48855155558644,
              25.018423211359057
            ],
            [
              121.48855242709831,
              25.018311259590323
            ],
            [
              121.48854928965557,
              25.01822640417273
            ],
            [
              121.48856027070472,
              25.018123173037097
            ],
            [
              121.48856096791414,
              25.018006808424836
            ],
            [
              121.48856166512356,
              25.017890443784815
            ],
            [
              121.48855817907639,
              25.017796600768417
            ],
            [
              121.48856000925117,
              25.017711550902703
            ],
            [
              121.48854336337465,
              25.017658369908577
            ],
            [
              121.48853177226552,
              25.01760950877094
            ],
            [
              121.48852846051984,
              25.01752015943285
            ],
            [
              121.48852602028612,
              25.017453116942523
            ],
            [
              121.48852785046142,
              25.017367986022933
            ],
            [
              121.48854074883886,
              25.017318396948106
            ],
            [
              121.48852889627584,
              25.01726060873173
            ],
            [
              121.48853734994225,
              25.01722453333019
            ],
            [
              121.48853970302454,
              25.017152883680488
            ],
            [
              121.48854719802704,
              25.017090068147848
            ],
            [
              121.48856044500705,
              25.01704938563345
            ],
            [
              121.48856027070472,
              25.017044891865932
            ],
            [
              121.48856794000824,
              25.01698648912439
            ],
            [
              121.4885751735554,
              25.016914746572695
            ],
            [
              121.48858205849749,
              25.01683393550266
            ],
            [
              121.48858432442769,
              25.01676230627926
            ],
            [
              121.48858615460206,
              25.016677256255395
            ],
            [
              121.4885988786707,
              25.016623173416846
            ],
            [
              121.48860628651822,
              25.01655584363797
            ],
            [
              121.48862833575568,
              25.016488073287327
            ],
            [
              121.48863652796142,
              25.016443070870483
            ],
            [
              121.48865343527775,
              25.016366547353677
            ],
            [
              121.48865491684658,
              25.01627250976017
            ],
            [
              121.48865439393994,
              25.016259109418442
            ],
            [
              121.48866572358342,
              25.01616478464803
            ],
            [
              121.48866816381418,
              25.01609764914999
            ],
            [
              121.48866999398723,
              25.016012599065473
            ],
            [
              121.48866127887729,
              25.015909941979757
            ],
            [
              121.48867862194545,
              25.015846758285143
            ],
            [
              121.48868550688132,
              25.01576602811672
            ],
            [
              121.48868228229112,
              25.015676658031243
            ],
            [
              121.488694832047,
              25.01561808141994
            ],
            [
              121.48870189128404,
              25.01554184501135
            ],
            [
              121.48871435388666,
              25.015478835143323
            ],
            [
              121.48873099973845,
              25.01539783829762
            ],
            [
              121.48875766795666,
              25.015320967154235
            ],
            [
              121.48879400993034,
              25.01523931514123
            ],
            [
              121.48881117867651,
              25.01517163770393
            ],
            [
              121.48885318544566,
              25.0151122202835
            ],
            [
              121.48888839442711,
              25.014999334342864
            ],
            [
              121.48893432295847,
              25.014912921984042
            ],
            [
              121.48895706934006,
              25.014863045896007
            ],
            [
              121.48899890175426,
              25.014799134764605
            ],
            [
              121.48903977549426,
              25.014708402488555
            ],
            [
              121.48907202129169,
              25.01464925179536
            ],
            [
              121.48911925701108,
              25.014598648235115
            ],
            [
              121.48913712291464,
              25.014548865021606
            ],
            [
              121.4891645753952,
              25.01449432141458
            ],
            [
              121.48920510047358,
              25.01439468265044
            ],
            [
              121.48926087690218,
              25.014307983382746
            ],
            [
              121.48931255722516,
              25.0142437853027
            ],
            [
              121.48934950907761,
              25.01418004811004
            ],
            [
              121.48938585086431,
              25.01409839636861
            ],
            [
              121.48940345527485,
              25.01404422088436
            ],
            [
              121.48942977473506,
              25.01395836246447
            ],
            [
              121.48945191096517,
              25.013890571954242
            ],
            [
              121.48946925391412,
              25.013827469467945
            ],
            [
              121.48948964712712,
              25.013714984188546
            ],
            [
              121.48949217449088,
              25.013647828317662
            ],
            [
              121.48950411410512,
              25.01357133733051
            ],
            [
              121.48954951948804,
              25.013471605969105
            ],
            [
              121.48954725357683,
              25.013409057125667
            ],
            [
              121.48956869258099,
              25.013323372545727
            ],
            [
              121.4895656423164,
              25.013238415340656
            ],
            [
              121.48955858313236,
              25.013180473493744
            ],
            [
              121.48961200632927,
              25.013165505183128
            ],
            [
              121.48968983159449,
              25.013145214283004
            ],
            [
              121.48979127452638,
              25.01309735439761
            ],
            [
              121.48997455134908,
              25.013006803831697
            ],
            [
              121.4900998731358,
              25.012944917585255
            ],
            [
              121.49017673942141,
              25.012897805495843
            ],
            [
              121.49026275639444,
              25.012832593282788
            ],
            [
              121.49034284711492,
              25.01274067332785
            ],
            [
              121.49044158782846,
              25.012621378745962
            ],
            [
              121.49048908443451,
              25.01257516792634
            ],
            [
              121.49057832571101,
              25.012465147972343
            ],
            [
              121.49079811691897,
              25.012163181823343
            ],
            [
              121.49085023229843,
              25.012112404992727
            ],
            [
              121.49091664015575,
              25.012047746630483
            ],
            [
              121.4909679711373,
              25.01197464262207
            ],
            [
              121.49108143954152,
              25.01185488756388
            ],
            [
              121.49115743367898,
              25.011785468931386
            ],
            [
              121.49121826381247,
              25.011703090479553
            ],
            [
              121.49130297276993,
              25.011602070206635
            ],
            [
              121.49135970682077,
              25.011542192757776
            ],
            [
              121.49143883813834,
              25.01142345239753
            ],
            [
              121.4915274686353,
              25.011295518559617
            ],
            [
              121.49157374470835,
              25.01121809482798
            ],
            [
              121.49163919351057,
              25.011126615843814
            ],
            [
              121.49167135143034,
              25.01106748639318
            ],
            [
              121.49177784724145,
              25.01088977015599
            ],
            [
              121.49182412321373,
              25.01081226556009
            ],
            [
              121.49186464735496,
              25.01071262810804
            ],
            [
              121.49189192488713,
              25.010653672515723
            ],
            [
              121.49194770001267,
              25.010566974478866
            ],
            [
              121.49204940239846,
              25.010393865519603
            ],
            [
              121.49214247699663,
              25.01025233776214
            ],
            [
              121.49224940811334,
              25.010088042652924
            ],
            [
              121.49237071859964,
              25.009914380396562
            ],
            [
              121.49245899978546,
              25.00977745985489
            ],
            [
              121.49255791297826,
              25.00966266038875
            ],
            [
              121.49265124860905,
              25.009530059916813
            ],
            [
              121.49273203485014,
              25.009456035029224
            ],
            [
              121.49279861591666,
              25.009395871091115
            ],
            [
              121.49295208338513,
              25.009297256134662
            ],
            [
              121.49310677071706,
              25.00922993508687
            ],
            [
              121.49319932157334,
              25.00920926452945
            ],
            [
              121.49334642673581,
              25.009204778061374
            ],
            [
              121.49349797622946,
              25.009186778065757
            ],
            [
              121.49360098445443,
              25.00918365341819
            ],
            [
              121.49368464588902,
              25.00919009020046
            ],
            [
              121.49383715355584,
              25.009198910336803
            ],
            [
              121.49400377884398,
              25.009189355181245
            ],
            [
              121.49402826716356,
              25.009188627596277
            ],
            [
              121.49422966378621,
              25.00919147788126
            ],
            [
              121.49438713809569,
              25.009200102954676
            ],
            [
              121.4945100149665,
              25.009205350425834
            ],
            [
              121.49463315314571,
              25.009215070939522
            ],
            [
              121.49476622589174,
              25.009228937241403
            ],
            [
              121.49488457074534,
              25.009243264403892
            ],
            [
              121.49515611856457,
              25.009284222149546
            ],
            [
              121.49528927785127,
              25.00930260178465
            ],
            [
              121.49535367878603,
              25.009318497431074
            ],
            [
              121.49536370057913,
              25.00932270381042
            ],
            [
              121.49545781824558,
              25.009346684824198
            ],
            [
              121.49564091174449,
              25.009385893709915
            ],
            [
              121.49578478939166,
              25.00942621040358
            ],
            [
              121.49588413545116,
              25.009459004202583
            ],
            [
              121.49597868841926,
              25.009491951315802
            ],
            [
              121.49609799062476,
              25.00953309687689
            ],
            [
              121.49632143138349,
              25.009602347465368
            ],
            [
              121.49653607004967,
              25.009698765188137
            ],
            [
              121.49668552385778,
              25.009756880426156
            ],
            [
              121.49684011902099,
              25.00982374797684
            ],
            [
              121.49695035727137,
              25.009883052242838
            ],
            [
              121.49703061762271,
              25.009929879406794
            ],
            [
              121.49713048547348,
              25.00997607107053
            ],
            [
              121.49728508003818,
              25.010042937509663
            ],
            [
              121.49793700669,
              25.01041685542294
            ],
            [
              121.49814841801422,
              25.010558154100103
            ],
            [
              121.49825386209898,
              25.0106220628567
            ],
            [
              121.4983285443385,
              25.010651088186847
            ],
            [
              121.49856967091121,
              25.010800388391825
            ],
            [
              121.49867476603538,
              25.010855309365684
            ],
            [
              121.49883580713372,
              25.0109622770717
            ],
            [
              121.49910682275825,
              25.0111240713036
            ],
            [
              121.49923283173447,
              25.011214242536788
            ],
            [
              121.49946402211782,
              25.01135931245168
            ],
            [
              121.499720919141,
              25.011539478650498
            ],
            [
              121.49985747170074,
              25.011647172333376
            ],
            [
              121.49992335149923,
              25.011703363045203
            ],
            [
              121.5001451291146,
              25.01186213740333
            ],
            [
              121.50026643126775,
              25.01195689258017
            ],
            [
              121.50033231083171,
              25.012013082695653
            ],
            [
              121.5004084731377,
              25.012082323599547
            ],
            [
              121.5005812759857,
              25.012242635715488
            ],
            [
              121.50070815476454,
              25.01235510811119
            ],
            [
              121.50075948137362,
              25.012416172104228
            ],
            [
              121.50085612173488,
              25.012507161825425
            ],
            [
              121.50096809896799,
              25.01261568314101
            ],
            [
              121.50111597846185,
              25.01276775631542
            ],
            [
              121.50120294580663,
              25.012863526537938
            ],
            [
              121.50127963038466,
              25.012946245918823
            ],
            [
              121.50143299938713,
              25.01311160323
            ],
            [
              121.50153024917128,
              25.01322050422225
            ],
            [
              121.50165904400956,
              25.013386610902995
            ],
            [
              121.50180343696847,
              25.013574559466203
            ],
            [
              121.50191698181715,
              25.013727728411503
            ],
            [
              121.50207688553883,
              25.013937619482295
            ],
            [
              121.50219077868059,
              25.014099693105653
            ],
            [
              121.50224297603528,
              25.014183140521062
            ],
            [
              121.50238728111951,
              25.01437110682233
            ],
            [
              121.50254178147068,
              25.014567770856427
            ],
            [
              121.50263955315914,
              25.014690067564757
            ],
            [
              121.5027737494588,
              25.014869475210734
            ],
            [
              121.50292824929015,
              25.015066056408738
            ],
            [
              121.50303142334265,
              25.01520165739293
            ],
            [
              121.5031131608286,
              25.01528861057672
            ],
            [
              121.50318052014163,
              25.015385012900474
            ],
            [
              121.5033296167471,
              25.01556836773558
            ],
            [
              121.50343749599377,
              25.015699299712544
            ],
            [
              121.50357116852234,
              25.01586530515439
            ],
            [
              121.50368906860908,
              25.016000441174
            ],
            [
              121.50370457947623,
              25.016022303078536
            ],
            [
              121.5037928519556,
              25.016153871246342
            ],
            [
              121.50392643693104,
              25.016315361513215
            ],
            [
              121.5040654243955,
              25.01649007549077
            ],
            [
              121.50419351927648,
              25.0166382799489
            ],
            [
              121.5043675363791,
              25.01682986503611
            ],
            [
              121.50450626189247,
              25.017000104432924
            ],
            [
              121.50460368335258,
              25.017113489820233
            ],
            [
              121.50468036566018,
              25.01719620165638
            ],
            [
              121.50472140810149,
              25.01724412907884
            ],
            [
              121.50484958938965,
              25.017392391621907
            ],
            [
              121.50504922427201,
              25.017614471962442
            ],
            [
              121.50513174456941,
              25.017723825914537
            ],
            [
              121.50529068529191,
              25.01790688333712
            ],
            [
              121.5053874961176,
              25.018002354322313
            ],
            [
              121.50553571847479,
              25.018163395445907
            ],
            [
              121.50561205160699,
              25.018237199938692
            ],
            [
              121.50571426472858,
              25.018345893994738
            ],
            [
              121.50580645687783,
              25.018450464366932
            ],
            [
              121.50592906012234,
              25.01858100598925
            ],
            [
              121.5059545915562,
              25.018607071146864
            ],
            [
              121.5061333114344,
              25.018793979883743
            ],
            [
              121.50636213521167,
              25.01901073430758
            ],
            [
              121.50654050590532,
              25.019188735866017
            ],
            [
              121.50665230332145,
              25.019292746796687
            ],
            [
              121.50678954473955,
              25.019418308450966
            ],
            [
              121.50700215969191,
              25.019595307380946
            ],
            [
              121.50713940069181,
              25.019720867897128
            ],
            [
              121.5072459693043,
              25.01981606578869
            ],
            [
              121.5074189361385,
              25.01998083990445
            ],
            [
              121.50753569949642,
              25.020084653216415
            ],
            [
              121.5076872302741,
              25.020200782436426
            ],
            [
              121.50785479397767,
              25.020352331284478
            ],
            [
              121.50799569368891,
              25.020446505693567
            ],
            [
              121.50808239441476,
              25.02053333363464
            ],
            [
              121.50821989553212,
              25.020667816231942
            ],
            [
              121.50832707309495,
              25.02078092307842
            ],
            [
              121.50839347085197,
              25.020850416978245
            ],
            [
              121.50845464040516,
              25.02091126145821
            ],
            [
              121.50857018280558,
              25.02098378260771
            ],
            [
              121.50870236804866,
              25.02110501981466
            ],
            [
              121.50875778647045,
              25.02114357359037
            ],
            [
              121.50881773592809,
              25.021173128325582
            ],
            [
              121.5088779467617,
              25.021207074583014
            ],
            [
              121.50891288820063,
              25.021223883052443
            ],
            [
              121.50898355526772,
              25.02127545151267
            ],
            [
              121.50904385315003,
              25.021313830106518
            ],
            [
              121.50911364878058,
              25.021343095264974
            ],
            [
              121.50925750955314,
              25.021383457981713
            ],
            [
              121.50941775159453,
              25.021468063766275
            ],
            [
              121.50950166291682,
              25.021478871853002
            ],
            [
              121.50958618412442,
              25.021507672296213
            ],
            [
              121.50971061317038,
              25.021553085277468
            ],
            [
              121.50980994718589,
              25.021585853686037
            ],
            [
              121.50998395577601,
              25.021643177363753
            ],
            [
              121.51003397121578,
              25.02166850685937
            ],
            [
              121.51012276163796,
              25.02167922033337
            ],
            [
              121.51027594456008,
              25.021705893742908
            ],
            [
              121.51034033709259,
              25.02172185371023
            ],
            [
              121.51042947581614,
              25.021741471835824
            ],
            [
              121.51054797880184,
              25.02176026252804
            ],
            [
              121.51061716357658,
              25.021771614855382
            ],
            [
              121.51076572771902,
              25.021807306794802
            ],
            [
              121.51086384094167,
              25.021804332215275
            ],
            [
              121.51098696158998,
              25.021814021965373
            ],
            [
              121.51106085134236,
              25.021820706039154
            ],
            [
              121.5111589643127,
              25.02181773119911
            ],
            [
              121.5112819103765,
              25.021822927665063
            ],
            [
              121.51137078696708,
              25.02183815334927
            ],
            [
              121.5114444150709,
              25.021835911782865
            ],
            [
              121.51156126146766,
              25.021809994412244
            ],
            [
              121.51167915334919,
              25.021810872524913
            ],
            [
              121.51179199136331,
              25.021807432615685
            ],
            [
              121.51187076007342,
              25.021814022069965
            ],
            [
              121.5119592005408,
              25.021815829003856
            ],
            [
              121.5120517362081,
              25.021795056823233
            ],
            [
              121.51216387678967,
              25.021773806895897
            ],
            [
              121.51224691477205,
              25.021762309968697
            ],
            [
              121.51232507323782,
              25.02175098802755
            ],
            [
              121.51237900864749,
              25.02174932506973
            ],
            [
              121.51239355987644,
              25.021744448520227
            ],
            [
              121.51255022508691,
              25.021730709245
            ],
            [
              121.51269634700645,
              25.021699449795726
            ],
            [
              121.51278923061052,
              25.021687662949766
            ],
            [
              121.51292602902744,
              25.02167009056953
            ],
            [
              121.5130970703855,
              25.021646981217682
            ],
            [
              121.51328736775575,
              25.021614327113095
            ],
            [
              121.51339933286505,
              25.02158858343224
            ],
            [
              121.51351609013894,
              25.02155815127615
            ],
            [
              121.51358422753788,
              25.021542706455048
            ],
            [
              121.51373566319779,
              25.021520155262976
            ],
            [
              121.51391567793972,
              25.021474453024055
            ],
            [
              121.51407146975365,
              25.02143832887309
            ],
            [
              121.5142076567197,
              25.02140292546475
            ],
            [
              121.51432484882915,
              25.021385910795022
            ],
            [
              121.51450913208998,
              25.021322122066717
            ],
            [
              121.5145864177004,
              25.021288496812595
            ],
            [
              121.5146838306053,
              25.021267629054698
            ],
            [
              121.51483953424484,
              25.02122707193989
            ],
            [
              121.51495576726612,
              25.02118324143874
            ],
            [
              121.51511138340554,
              25.021142785554247
            ],
            [
              121.51527144301073,
              25.021088655542073
            ],
            [
              121.51540257496501,
              25.021048852704535
            ],
            [
              121.51554773481404,
              25.020990775609008
            ],
            [
              121.51562928912641,
              25.020939064257842
            ],
            [
              121.51580485724098,
              25.020906872390995
            ],
            [
              121.51590200771992,
              25.0208770789507
            ],
            [
              121.51598931238509,
              25.02084757529546
            ],
            [
              121.5160958727795,
              25.020808607833096
            ],
            [
              121.51617368010231,
              25.02078829852764
            ],
            [
              121.5161783851347,
              25.020783711556618
            ],
            [
              121.51625105172145,
              25.020754652332418
            ],
            [
              121.51628503248364,
              25.02074464257877
            ],
            [
              121.51635743761257,
              25.020711111039727
            ],
            [
              121.5164452647112,
              25.02069500455023
            ],
            [
              121.51650407746288,
              25.02069324587161
            ],
            [
              121.51665402806071,
              25.020630479756665
            ],
            [
              121.51684841462757,
              25.020575405325317
            ],
            [
              121.51697475264994,
              25.02054020901327
            ],
            [
              121.51718368929465,
              25.02048017644379
            ],
            [
              121.51730462492675,
              25.020431757877663
            ],
            [
              121.51744507738842,
              25.020378266697787
            ],
            [
              121.51761480507167,
              25.020319433417033
            ],
            [
              121.51779394243614,
              25.020251345120275
            ],
            [
              121.51794415273424,
              25.02019750326012
            ],
            [
              121.51812302819805,
              25.020120489811134
            ],
            [
              121.51830678258511,
              25.02004330104406
            ],
            [
              121.51844218036612,
              25.019985491895454
            ],
            [
              121.51861521745205,
              25.019886291379045
            ],
            [
              121.51867768848084,
              25.019848617087703
            ],
            [
              121.51874503865926,
              25.019810767558976
            ],
            [
              121.51885133510878,
              25.01976279315475
            ],
            [
              121.5189914371638,
              25.019700315904153
            ],
            [
              121.5191408617416,
              25.01962423246927
            ],
            [
              121.51919383553935,
              25.01959575254007
            ],
            [
              121.51929516528494,
              25.01954797374308
            ],
            [
              121.519385865351,
              25.019478082062804
            ],
            [
              121.51944833595996,
              25.01944040771295
            ],
            [
              121.51953973292626,
              25.019388405757933
            ],
            [
              121.51960690834315,
              25.019346063479386
            ],
            [
              121.51963095556451,
              25.019331911127846
            ],
            [
              121.51976495774201,
              25.01923832219699
            ],
            [
              121.51991307440095,
              25.019126438780635
            ],
            [
              121.5199704913367,
              25.019084447022664
            ],
            [
              121.52004664061229,
              25.019019513345217
            ],
            [
              121.5201856085535,
              25.01892580966865
            ],
            [
              121.52028136128774,
              25.01886023543574
            ],
            [
              121.52036177958234,
              25.018777297378875
            ],
            [
              121.52053298410625,
              25.018624366343456
            ],
            [
              121.52053786321359,
              25.01862427203298
            ],
            [
              121.52059458282152,
              25.018564390714328
            ],
            [
              121.520728496746,
              25.01846636974898
            ],
            [
              121.52083304882298,
              25.01837371162339
            ],
            [
              121.52093716517153,
              25.01826763611021
            ],
            [
              121.52102795106528,
              25.01819772414046
            ],
            [
              121.52112274470483,
              25.01810533568647
            ],
            [
              121.52123025871956,
              25.017958954732332
            ],
            [
              121.52131581680182,
              25.017880232867217
            ],
            [
              121.52142428902414,
              25.017760666331075
            ],
            [
              121.52149512263681,
              25.01768240986808
            ],
            [
              121.5215561980783,
              25.01760895659401
            ],
            [
              121.5216177091177,
              25.017544468095267
            ],
            [
              121.52167852311572,
              25.017462090111525
            ],
            [
              121.52172504841622,
              25.017393594858532
            ],
            [
              121.52181008337354,
              25.017301476288
            ],
            [
              121.52186044216076,
              25.01720155944327
            ],
            [
              121.52193022999367,
              25.017096509411655
            ],
            [
              121.52199966928086,
              25.01698255516078
            ],
            [
              121.52206083157931,
              25.01690908161414
            ],
            [
              121.52210265193548,
              25.01684517342533
            ],
            [
              121.52211554654225,
              25.016795592771658
            ],
            [
              121.52220990365429,
              25.016689787512128
            ],
            [
              121.52231166636211,
              25.01652120058487
            ],
            [
              121.52235383512897,
              25.016466196735408
            ],
            [
              121.52238624582354,
              25.01641154343154
            ],
            [
              121.5224272819317,
              25.01632523283578
            ],
            [
              121.52247398117919,
              25.016261230475507
            ],
            [
              121.52251466875431,
              25.016166015678643
            ],
            [
              121.52260885128712,
              25.0160557990508
            ],
            [
              121.52265528908475,
              25.01598279108612
            ],
            [
              121.52271096214186,
              25.01589611674207
            ],
            [
              121.52279991700178,
              25.015777090307658
            ],
            [
              121.52288364428479,
              25.015649254004988
            ],
            [
              121.5229251158404,
              25.015576360931686
            ],
            [
              121.5230176426604,
              25.015421441056336
            ],
            [
              121.52311557115317,
              25.015279742818127
            ],
            [
              121.52316636499147,
              25.015193243955526
            ],
            [
              121.52320835919413,
              25.01513374780311
            ],
            [
              121.52326019848945,
              25.015074042588147
            ],
            [
              121.52332048886728,
              25.01497826859146
            ],
            [
              121.52336710062612,
              25.014909753501424
            ],
            [
              121.52347530953334,
              25.01478118277639
            ],
            [
              121.52358316984001,
              25.01464362695924
            ],
            [
              121.52361993641571,
              25.014575401987244
            ],
            [
              121.52369050729807,
              25.014492755398354
            ],
            [
              121.52372291761466,
              25.01443810249017
            ],
            [
              121.5238313004348,
              25.014313943625922
            ],
            [
              121.52398150282316,
              25.0141259582457
            ],
            [
              121.5240514636132,
              25.014025402006116
            ],
            [
              121.5240983364474,
              25.013965811829895
            ],
            [
              121.52418824859612,
              25.01387360025922
            ],
            [
              121.52426404657369,
              25.013799682823727
            ],
            [
              121.52434838265532,
              25.013689757268374
            ],
            [
              121.52440004718709,
              25.01362555983702
            ],
            [
              121.52443785898814,
              25.01358412859276
            ],
            [
              121.52454240768189,
              25.013491472356577
            ],
            [
              121.52462613369204,
              25.013363637189517
            ],
            [
              121.52473451565803,
              25.013239559812988
            ],
            [
              121.52481850289881,
              25.01312064939843
            ],
            [
              121.52489839526888,
              25.013024316566884
            ],
            [
              121.5250108717827,
              25.012877661842406
            ],
            [
              121.52505269106256,
              25.012813754642433
            ],
            [
              121.52514617452255,
              25.01268565026681
            ],
            [
              121.52521683158848,
              25.01260298382538
            ],
            [
              121.52524915435012,
              25.01254827084648
            ],
            [
              121.52534742942925,
              25.012415559291334
            ],
            [
              121.52545964413284,
              25.01226451381132
            ],
            [
              121.52552063033868,
              25.012186630065955
            ],
            [
              121.52563258350355,
              25.012026579172467
            ],
            [
              121.52574488505086,
              25.011875513445865
            ],
            [
              121.52588149376689,
              25.011719301435473
            ],
            [
              121.52595720350175,
              25.01164087164216
            ],
            [
              121.526067065295,
              25.011557005476433
            ],
            [
              121.5261631616067,
              25.011500418306262
            ],
            [
              121.52624453412315,
              25.011444215451377
            ],
            [
              121.52637826720184,
              25.011341704875896
            ],
            [
              121.52652715941659,
              25.01125214609441
            ],
            [
              121.5266571459081,
              25.011181116942545
            ],
            [
              121.52673869231816,
              25.01112940659662
            ],
            [
              121.52685865952742,
              25.011054174957092
            ],
            [
              121.52695492941933,
              25.011001999284517
            ],
            [
              121.52707968810917,
              25.010922160337483
            ],
            [
              121.5272287536561,
              25.01083709396638
            ],
            [
              121.52730097762982,
              25.010799070183925
            ],
            [
              121.52732502323704,
              25.010784918249783
            ],
            [
              121.52741214496004,
              25.01075092159404
            ],
            [
              121.52758098667063,
              25.010669706989027
            ],
            [
              121.52769668404584,
              25.010612559979467
            ],
            [
              121.52774425236048,
              25.010570859596733
            ],
            [
              121.52788957082579,
              25.010517193310154
            ],
            [
              121.52805405577277,
              25.010449550272718
            ],
            [
              121.5281406542146,
              25.010402156979957
            ],
            [
              121.52825147224584,
              25.010345104170288
            ],
            [
              121.52839191129496,
              25.010291531993353
            ],
            [
              121.52845446411628,
              25.010258371578093
            ],
            [
              121.5286189482522,
              25.010190728273848
            ],
            [
              121.52878892075258,
              25.01014073793225
            ],
            [
              121.52888100723513,
              25.01010662603861
            ],
            [
              121.52899243439366,
              25.010067482306486
            ],
            [
              121.52909462668065,
              25.01004192362161
            ],
            [
              121.52919220149876,
              25.01002554555353
            ],
            [
              121.5293141699045,
              25.010003919296825
            ],
            [
              121.52947551648174,
              25.009985584595324
            ],
            [
              121.52961246922963,
              25.009972497883727
            ],
            [
              121.52970499064989,
              25.009951721450697
            ],
            [
              121.52982286387645,
              25.009952590772148
            ],
            [
              121.52990623754881,
              25.009950074084045
            ],
            [
              121.53001818642831,
              25.009924326017046
            ],
            [
              121.53008143531885,
              25.009908972954058
            ],
            [
              121.53024765950929,
              25.00989046200074
            ],
            [
              121.5303694525523,
              25.009864342488413
            ],
            [
              121.53045239022997,
              25.009848408755193
            ],
            [
              121.53055423273727,
              25.009813945346654
            ],
            [
              121.53064100352745,
              25.009771043733558
            ],
            [
              121.5307132253499,
              25.009733100153063
            ],
            [
              121.53078091693224,
              25.009704154805142
            ],
            [
              121.53086280888317,
              25.0096614285321
            ],
            [
              121.53096804866601,
              25.00958658057845
            ],
            [
              121.53108243583688,
              25.009493634737492
            ],
            [
              121.53120213714088,
              25.009409477795607
            ],
            [
              121.5313014525383,
              25.00930801294763
            ],
            [
              121.53139641191672,
              25.00922011967642
            ],
            [
              121.53142908140943,
              25.00917439256295
            ],
            [
              121.53152883220282,
              25.009081811102803
            ],
            [
              121.5316602069144,
              25.00891679129444
            ],
            [
              121.53171596271457,
              25.00883001842154
            ],
            [
              121.5318285196535,
              25.008687960221344
            ],
            [
              121.53183766707787,
              25.00866978143944
            ],
            [
              121.53190744883416,
              25.008564735437478
            ],
            [
              121.53193541379572,
              25.008523595233285
            ],
            [
              121.53200031687331,
              25.00841872467546
            ],
            [
              121.53207332190188,
              25.008268883181625
            ],
            [
              121.53210520713841,
              25.008200754944372
            ],
            [
              121.53214179674316,
              25.008128120889534
            ],
            [
              121.53216401185465,
              25.008064775320598
            ],
            [
              121.53222708532411,
              25.007910711431478
            ],
            [
              121.53227186398162,
              25.007793086016186
            ],
            [
              121.53233032014049,
              25.007648121828787
            ],
            [
              121.53237823500254,
              25.00748110714698
            ],
            [
              121.53241133980463,
              25.007314578601815
            ],
            [
              121.53243207385998,
              25.007211024335056
            ],
            [
              121.53245333061874,
              25.007120947132403
            ],
            [
              121.5324861740456,
              25.006945413432494
            ],
            [
              121.53249688953827,
              25.006837738010358
            ],
            [
              121.53251683951788,
              25.00671186341205
            ],
            [
              121.53254489144841,
              25.00654101789861
            ],
            [
              121.53255194798886,
              25.006464721437297
            ],
            [
              121.53254280062154,
              25.006348681664964
            ],
            [
              121.53254619821521,
              25.00630829748348
            ],
            [
              121.53256492853745,
              25.00615113824708
            ],
            [
              121.53257503419842,
              25.006025553793606
            ],
            [
              121.53257337896089,
              25.005980933515858
            ],
            [
              121.53258975709942,
              25.005890950706913
            ],
            [
              121.53261685071705,
              25.00582743000484
            ],
            [
              121.5326250397835,
              25.005782438605973
            ],
            [
              121.53265709910183,
              25.005718884028056
            ],
            [
              121.53268454117423,
              25.00566434807401
            ],
            [
              121.53270231317951,
              25.005614594646847
            ],
            [
              121.5327198238291,
              25.005555836026037
            ],
            [
              121.53274822418041,
              25.00552819378213
            ],
            [
              121.53277653740709,
              25.005495957752213
            ],
            [
              121.53278960504781,
              25.00545087202159
            ],
            [
              121.53283595160154,
              25.005377887803604
            ],
            [
              121.53286348074865,
              25.005323331430063
            ],
            [
              121.53287175691497,
              25.005282852913194
            ],
            [
              121.5329042517518,
              25.00523263407832
            ],
            [
              121.53291148250511,
              25.005160830011178
            ],
            [
              121.53293404593722,
              25.005106388501435
            ],
            [
              121.53296192353062,
              25.005065350194638
            ],
            [
              121.53299433122439,
              25.005010618561812
            ],
            [
              121.53302159898115,
              25.004951671318
            ],
            [
              121.53316142236021,
              25.004616287792622
            ],
            [
              121.5333201500017,
              25.004392222258055
            ],
            [
              121.5333390544317,
              25.004373774034644
            ],
            [
              121.533362924537,
              25.00435513003668
            ],
            [
              121.53337703751667,
              25.004336836637247
            ],
            [
              121.53340090761405,
              25.004318192641502
            ],
            [
              121.53342016049925,
              25.00430864817086
            ],
            [
              121.53343923914693,
              25.004294692301997
            ],
            [
              121.5334528294146,
              25.004262921859915
            ],
            [
              121.5334809682329,
              25.004226274601464
            ],
            [
              121.53349969840227,
              25.00420333404142
            ],
            [
              121.53351346289685,
              25.004176055957263
            ],
            [
              121.53352766297498,
              25.004162194444007
            ],
            [
              121.53353646179548,
              25.004135112139306
            ],
            [
              121.53355466925368,
              25.00409424219563
            ],
            [
              121.53357862643104,
              25.00408011104377
            ],
            [
              121.5335974437014,
              25.004057230971753
            ],
            [
              121.53362113951891,
              25.00403409465201
            ],
            [
              121.53363472976498,
              25.00400232423918
            ],
            [
              121.5336484071264,
              25.003975147603395
            ],
            [
              121.53366234583697,
              25.003952280934502
            ],
            [
              121.53368064039203,
              25.00391592383931
            ],
            [
              121.53369893494418,
              25.003879647699932
            ],
            [
              121.53371235094723,
              25.00384338495634
            ],
            [
              121.53372620253315,
              25.003820619726316
            ],
            [
              121.5337448455455,
              25.003793166382135
            ],
            [
              121.53376366278853,
              25.00377028633632
            ],
            [
              121.53379188864729,
              25.0037380710167
            ],
            [
              121.53380547887309,
              25.003706381584767
            ],
            [
              121.53382359917167,
              25.003665532176196
            ],
            [
              121.53383222373584,
              25.003633957568418
            ],
            [
              121.53386053669448,
              25.00360180274167
            ],
            [
              121.53386889990553,
              25.00356122297787
            ],
            [
              121.53388257723897,
              25.00353396542797
            ],
            [
              121.5338907662149,
              25.00348897427686
            ],
            [
              121.5338898079305,
              25.003462161648176
            ],
            [
              121.53389381530152,
              25.00343968654918
            ],
            [
              121.53389712573836,
              25.00339487068475
            ],
            [
              121.53389041774783,
              25.003345852570035
            ],
            [
              121.53388972081375,
              25.00332796414564
            ],
            [
              121.53388370975694,
              25.003296834444956
            ],
            [
              121.53387761158307,
              25.00326572521597
            ],
            [
              121.53387160052566,
              25.003234595504992
            ],
            [
              121.53386027534413,
              25.00319467685127
            ],
            [
              121.53385931705947,
              25.003167864197465
            ],
            [
              121.53384781764315,
              25.00312345317987
            ],
            [
              121.53383675380971,
              25.003088006369946
            ],
            [
              121.53382089855043,
              25.003057166696465
            ],
            [
              121.53379014631052,
              25.003022299994416
            ],
            [
              121.53375468975173,
              25.002992100884605
            ],
            [
              121.53372881603973,
              25.002957058863643
            ],
            [
              121.53368760974558,
              25.002904654135126
            ],
            [
              121.53365659611907,
              25.002860863077476
            ],
            [
              121.53362026834924,
              25.002808283000302
            ],
            [
              121.53358411480188,
              25.00276019523824
            ],
            [
              121.53354830971118,
              25.002721011207175
            ],
            [
              121.53349734624163,
              25.00266887578157
            ],
            [
              121.53346676814901,
              25.002638501157268
            ],
            [
              121.53344124284035,
              25.002612443636828
            ],
            [
              121.53340543770499,
              25.00257325946764
            ],
            [
              121.53337451111919,
              25.002533980981088
            ],
            [
              121.53333435010379,
              25.002508287188082
            ],
            [
              121.53329898052105,
              25.002482600515417
            ],
            [
              121.53327859509156,
              25.002460839558037
            ],
            [
              121.53315236215889,
              25.002366247360257
            ],
            [
              121.53313188958596,
              25.00234450680571
            ],
            [
              121.53311150412674,
              25.00232274576406
            ],
            [
              121.53307587312301,
              25.00228805367762
            ],
            [
              121.53300504666952,
              25.002232086092054
            ],
            [
              121.53286348074865,
              25.002120049163615
            ],
            [
              121.53278272275722,
              25.00205985828577
            ],
            [
              121.53270196470883,
              25.0019997482232
            ],
            [
              121.53263592949861,
              25.001939092002846
            ],
            [
              121.53256579971517,
              25.001901012404577
            ],
            [
              121.53251021856433,
              25.00185797526869
            ],
            [
              121.53244984590445,
              25.00181954516868
            ],
            [
              121.53238956033066,
              25.00178109452388
            ],
            [
              121.53232300223252,
              25.00170712250363
            ],
            [
              121.53221854775708,
              25.00166998571051
            ],
            [
              121.53216801928606,
              25.001631265448086
            ],
            [
              121.53210294206725,
              25.001597502520237
            ],
            [
              121.53204230783815,
              25.001550147572516
            ],
            [
              121.53197723054791,
              25.001516303542672
            ],
            [
              121.53194665204937,
              25.001485927830114
            ],
            [
              121.53188061640358,
              25.001425351465137
            ],
            [
              121.53182503492022,
              25.001382313534627
            ],
            [
              121.53175438192984,
              25.001330755550615
            ],
            [
              121.53172389049021,
              25.001300359199394
            ],
            [
              121.531687910581,
              25.00125668108834
            ],
            [
              121.53164731338173,
              25.001222183417063
            ],
            [
              121.53162187478601,
              25.001196104314666
            ],
            [
              121.53159582635507,
              25.001156649281416
            ],
            [
              121.53156446368793,
              25.001103871510903
            ],
            [
              121.53153824100683,
              25.001060004925478
            ],
            [
              121.53149694680585,
              25.001003084833293
            ],
            [
              121.53146567123021,
              25.00095481987189
            ],
            [
              121.53144380445775,
              25.000892848278276
            ],
            [
              121.53140747598594,
              25.000840265880754
            ],
            [
              121.53138029496353,
              25.000769504859736
            ],
            [
              121.53135433359635,
              25.000730029108773
            ],
            [
              121.53132784951102,
              25.000677156902146
            ],
            [
              121.53131051288605,
              25.00060610608602
            ],
            [
              121.53128350607811,
              25.000539837373612
            ],
            [
              121.53125588943244,
              25.000455659233204
            ],
            [
              121.53121337546648,
              25.000367453287286
            ],
            [
              121.53120178866561,
              25.000318608640907
            ],
            [
              121.53117948624867,
              25.000247753173326
            ],
            [
              121.53115727094625,
              25.000176796240158
            ],
            [
              121.53114550990202,
              25.000123459057697
            ],
            [
              121.53113897598806,
              25.00007893175598
            ],
            [
              121.53115117262718,
              25.00001146425403
            ],
            [
              121.5311282603683,
              24.999922699227273
            ],
            [
              121.53111571525126,
              24.999847041024815
            ],
            [
              121.53109803011864,
              24.99976700487451
            ],
            [
              121.53109062501305,
              24.9997001770097
            ],
            [
              121.53107886396197,
              24.999646839698784
            ],
            [
              121.53105159574265,
              24.999571646006288
            ],
            [
              121.53103112279415,
              24.999549904181322
            ],
            [
              121.53101971021277,
              24.999505470826904
            ],
            [
              121.53098895722061,
              24.999470601569623
            ],
            [
              121.530968222904,
              24.999439935209644
            ],
            [
              121.53094182584837,
              24.999391575326438
            ],
            [
              121.53092588306927,
              24.999356220949124
            ],
            [
              121.530920307452,
              24.999338506960346
            ],
            [
              121.53089364902823,
              24.999281141562367
            ],
            [
              121.53087204350373,
              24.99922809361078
            ],
            [
              121.53084538506872,
              24.99917080910006
            ],
            [
              121.53082883244255,
              24.99912207858081
            ],
            [
              121.53082229851051,
              24.999077551013837
            ],
            [
              121.5308056587619,
              24.999024388446113
            ],
            [
              121.53079799228003,
              24.998948554802247
            ],
            [
              121.53078553424596,
              24.9988773281501
            ],
            [
              121.53075887579078,
              24.998819962516325
            ],
            [
              121.53076096665023,
              24.998743859774834
            ],
            [
              121.53074955404195,
              24.998699507115056
            ],
            [
              121.53074737606313,
              24.99864140791469
            ],
            [
              121.53075983410137,
              24.9985783312617
            ],
            [
              121.53075765612277,
              24.998520313003528
            ],
            [
              121.53074998963768,
              24.998444479220016
            ],
            [
              121.5307483343738,
              24.998399776549515
            ],
            [
              121.53058141395572,
              24.998131939999812
            ],
            [
              121.53056573248433,
              24.99810559073856
            ],
            [
              121.5305083208568,
              24.998013435717954
            ],
            [
              121.5305158131194,
              24.997950554376366
            ],
            [
              121.53052025620512,
              24.997936962350767
            ],
            [
              121.53052252130757,
              24.997865351871056
            ],
            [
              121.53054917981773,
              24.997788495099165
            ],
            [
              121.53055684631622,
              24.99773002532198
            ],
            [
              121.53056041820741,
              24.99769413260681
            ],
            [
              121.53058280786418,
              24.99763536039401
            ],
            [
              121.53061530335047,
              24.997585142391298
            ],
            [
              121.53062392815627,
              24.997553567261644
            ],
            [
              121.53066043111507,
              24.997476340183077
            ],
            [
              121.53068656687793,
              24.997386086866268
            ],
            [
              121.53072115319495,
              24.99725976592593
            ],
            [
              121.53072820984778,
              24.9971834675331
            ],
            [
              121.53075434559518,
              24.997093214246245
            ],
            [
              121.53078065557486,
              24.9970074534913
            ],
            [
              121.53080348078416,
              24.996962017480506
            ],
            [
              121.53082081748586,
              24.99689884680624
            ],
            [
              121.53085200611854,
              24.99681291115607
            ],
            [
              121.53089626259947,
              24.996681808433042
            ],
            [
              121.53091751964325,
              24.996591649184687
            ],
            [
              121.53095524217441,
              24.996550241468544
            ],
            [
              121.53098137787003,
              24.996459988281412
            ],
            [
              121.53100873322501,
              24.9964009398762
            ],
            [
              121.53103112279415,
              24.996342086866886
            ],
            [
              121.53103844078468,
              24.99627479403845
            ],
            [
              121.53106588324495,
              24.996220258648343
            ],
            [
              121.53110735183914,
              24.99614745085243
            ],
            [
              121.53112782477399,
              24.996034970531635
            ],
            [
              121.53115343771715,
              24.995931239863484
            ],
            [
              121.5311788764169,
              24.9958230976413
            ],
            [
              121.53121555343643,
              24.995750444356055
            ],
            [
              121.53125196908789,
              24.995673238084652
            ],
            [
              121.53127810471575,
              24.99558298502801
            ],
            [
              121.5313200959454,
              24.99552357396351
            ],
            [
              121.53135224274774,
              24.995464371269073
            ],
            [
              121.53135616308886,
              24.99543746366183
            ],
            [
              121.53137349970693,
              24.99537429315146
            ],
            [
              121.53142463835896,
              24.99529670371514
            ],
            [
              121.53146140241839,
              24.99522840162054
            ],
            [
              121.53148753799849,
              24.995138148655695
            ],
            [
              121.5315136735726,
              24.995047895702374
            ],
            [
              121.53154050608916,
              24.99497545091557
            ],
            [
              121.53157152028878,
              24.994885023099805
            ],
            [
              121.5316166476766,
              24.99477630250855
            ],
            [
              121.53163459408458,
              24.994731041653186
            ],
            [
              121.53165219201588,
              24.994676795772186
            ],
            [
              121.53166282046813,
              24.994564604949645
            ],
            [
              121.53167919873688,
              24.99447462087094
            ],
            [
              121.53169287633186,
              24.994447363539212
            ],
            [
              121.53170925459632,
              24.994357379467964
            ],
            [
              121.53172049287214,
              24.99426309822197
            ],
            [
              121.531740878579,
              24.99415063860524
            ],
            [
              121.53175690836305,
              24.994051750456272
            ],
            [
              121.53176797239746,
              24.99395297668408
            ],
            [
              121.53177842660223,
              24.99383637426629
            ],
            [
              121.53179036181817,
              24.993759901173522
            ],
            [
              121.53178330523079,
              24.99370197660563
            ],
            [
              121.5317950662095,
              24.993621091938206
            ],
            [
              121.53179637298487,
              24.99352258687458
            ],
            [
              121.53179846382538,
              24.993446483925297
            ],
            [
              121.5317911458834,
              24.993379634743
            ],
            [
              121.53178356658589,
              24.993308232532947
            ],
            [
              121.53175725683658,
              24.99325985084014
            ],
            [
              121.531745495854,
              24.9932065125752
            ],
            [
              121.53170855764893,
              24.9931360987962
            ],
            [
              121.5316715323135,
              24.993065624470702
            ],
            [
              121.5316291056203,
              24.99297747573909
            ],
            [
              121.53159225449619,
              24.99291149381558
            ],
            [
              121.53155531624172,
              24.992840998827358
            ],
            [
              121.53150870781398,
              24.992775366404064
            ],
            [
              121.53146732648374,
              24.992718463234088
            ],
            [
              121.53140573361291,
              24.992644289025144
            ],
            [
              121.53136844682355,
              24.992564889625413
            ],
            [
              121.53138221157431,
              24.992537611882845
            ],
            [
              121.53142873293488,
              24.992469041499067
            ],
            [
              121.53148989020039,
              24.99239565613455
            ],
            [
              121.53152630576461,
              24.99231845028497
            ],
            [
              121.5315578426793,
              24.992241419243687
            ],
            [
              121.53159408398493,
              24.99215980183779
            ],
            [
              121.53162544664399,
              24.99207835923802
            ],
            [
              121.53165193066049,
              24.991997010484592
            ],
            [
              121.53167414586699,
              24.991933665262586
            ],
            [
              121.53170028139851,
              24.991843412397195
            ],
            [
              121.53170794781998,
              24.991785023594748
            ],
            [
              121.53171953456959,
              24.991699646183992
            ],
            [
              121.53173704536947,
              24.99164096831146
            ],
            [
              121.5317288562395,
              24.991551736966517
            ],
            [
              121.53173652265905,
              24.991493348154986
            ],
            [
              121.53174305653893,
              24.991403652953537
            ],
            [
              121.53175107143109,
              24.991354168277628
            ],
            [
              121.53175333650921,
              24.991282557536945
            ],
            [
              121.53176135140065,
              24.991233072858574
            ],
            [
              121.53174871923451,
              24.991157433352907
            ],
            [
              121.53175020024719,
              24.991063420318035
            ],
            [
              121.53173364775178,
              24.99101468843103
            ],
            [
              121.53173565147505,
              24.990934153017545
            ],
            [
              121.5317437534861,
              24.990889181339206
            ],
            [
              121.53173669689583,
              24.990831175292456
            ],
            [
              121.53172545862158,
              24.990791314196873
            ],
            [
              121.53171822779339,
              24.99072889652375
            ],
            [
              121.53170176241179,
              24.990680144077317
            ],
            [
              121.53171500441198,
              24.99063946972967
            ],
            [
              121.53170794781998,
              24.990581544580447
            ],
            [
              121.53169043701568,
              24.990505998653795
            ],
            [
              121.53171596271457,
              24.990532059856967
            ],
            [
              121.53179227842207,
              24.990605771277885
            ],
            [
              121.53186301850735,
              24.99066184900666
            ],
            [
              121.53205101965465,
              24.990835043113066
            ],
            [
              121.53208177236161,
              24.99086991440414
            ],
            [
              121.53214327775073,
              24.990939575950975
            ],
            [
              121.53226550436793,
              24.99106111097006
            ],
            [
              121.53236638696579,
              24.991134068385925
            ],
            [
              121.53247345484161,
              24.99124264955039
            ],
            [
              121.53254933445542,
              24.991302942459253
            ],
            [
              121.53262042254397,
              24.991367923032563
            ],
            [
              121.53269673764873,
              24.991441632747254
            ],
            [
              121.532788472519,
              24.991532767436208
            ],
            [
              121.5329460681502,
              24.991680071727256
            ],
            [
              121.53305740423654,
              24.991770647929247
            ],
            [
              121.53310331509506,
              24.991818471371968
            ],
            [
              121.53316394876238,
              24.991865830708605
            ],
            [
              121.53320010244241,
              24.991913922771545
            ],
            [
              121.53321526084945,
              24.991926875697576
            ],
            [
              121.53330769224195,
              24.9920358981847
            ],
            [
              121.53336318588852,
              24.992078960068127
            ],
            [
              121.53342956914781,
              24.9921485256167
            ],
            [
              121.53350074380698,
              24.9922134032283
            ],
            [
              121.53355222997713,
              24.99227894021071
            ],
            [
              121.53360389035811,
              24.992348969583347
            ],
            [
              121.53367550049353,
              24.99242734474679
            ],
            [
              121.53374676211668,
              24.992496734836788
            ],
            [
              121.53395767186858,
              24.99275868537709
            ],
            [
              121.53401490753349,
              24.992846428043904
            ],
            [
              121.53405114806147,
              24.992899032092033
            ],
            [
              121.53410202416795,
              24.992946658888354
            ],
            [
              121.53415333583462,
              24.993007783431565
            ],
            [
              121.53428871489234,
              24.99321834574559
            ],
            [
              121.53434638597385,
              24.993319504577595
            ],
            [
              121.53438994417326,
              24.99343450352457
            ],
            [
              121.53441642755037,
              24.99348737604222
            ],
            [
              121.53443803240613,
              24.99354042348562
            ],
            [
              121.53447627647546,
              24.993646632773725
            ],
            [
              121.53449814266884,
              24.993708604511365
            ],
            [
              121.53452584564886,
              24.993792680994837
            ],
            [
              121.5345424848569,
              24.993845923736913
            ],
            [
              121.53457010070993,
              24.99393010155409
            ],
            [
              121.53460904166491,
              24.99405411826829
            ],
            [
              121.53465286111293,
              24.994178040827936
            ],
            [
              121.53467612113118,
              24.994275789708233
            ],
            [
              121.53469685477648,
              24.994306455671495
            ],
            [
              121.53472438347615,
              24.99438612029524
            ],
            [
              121.534746946551,
              24.99446598034309
            ],
            [
              121.53479520886609,
              24.994576391682614
            ],
            [
              121.53481724923067,
              24.994642774393604
            ],
            [
              121.53485514470921,
              24.9947400788427
            ],
            [
              121.5349315454405,
              24.99494798229739
            ],
            [
              121.534963604113,
              24.995018567613112
            ],
            [
              121.53501465404584,
              24.995070685061098
            ],
            [
              121.53509453930458,
              24.995108578353648
            ],
            [
              121.53516928467612,
              24.995137560386855
            ],
            [
              121.53528105417911,
              24.99510732713167
            ],
            [
              121.53535771597309,
              24.99505579679074
            ],
            [
              121.5353719158225,
              24.995041935921705
            ],
            [
              121.53541503805371,
              24.99501374950992
            ],
            [
              121.53551016825178,
              24.994930355170194
            ],
            [
              121.53557663738172,
              24.99487012971668
            ],
            [
              121.53564763647529,
              24.994796373053827
            ],
            [
              121.53569450456446,
              24.994736787367028
            ],
            [
              121.53579921721479,
              24.994648631579057
            ],
            [
              121.53584207793921,
              24.9946115209325
            ],
            [
              121.53588406749512,
              24.99455202939433
            ],
            [
              121.5359595092727,
              24.994469214455343
            ],
            [
              121.53599714302766,
              24.994423294156043
            ],
            [
              121.53605385498227,
              24.994363418927655
            ],
            [
              121.53611448708702,
              24.994276555901063
            ],
            [
              121.53617964914078,
              24.994180614074022
            ],
            [
              121.5362128399587,
              24.994148285491384
            ],
            [
              121.53625465514868,
              24.994084382653163
            ],
            [
              121.53628192212895,
              24.99402543687296
            ],
            [
              121.53631903308845,
              24.993966120524725
            ],
            [
              121.53635117848731,
              24.993906999714152
            ],
            [
              121.53638323676226,
              24.993843366082316
            ],
            [
              121.53643402471751,
              24.99375679284833
            ],
            [
              121.53650380367249,
              24.993651751921206
            ],
            [
              121.53655842462253,
              24.99353375910864
            ],
            [
              121.53660903827067,
              24.99344277456237
            ],
            [
              121.53664527797744,
              24.99336115845976
            ],
            [
              121.53667698771149,
              24.9932885402266
            ],
            [
              121.53669955040148,
              24.993234181035387
            ],
            [
              121.53672620747354,
              24.993157326463862
            ],
            [
              121.53677159417342,
              24.99305753235301
            ],
            [
              121.53679833834325,
              24.992985109686987
            ],
            [
              121.53680312964336,
              24.99298050277354
            ],
            [
              121.53683989197582,
              24.992912282880507
            ],
            [
              121.5368897214692,
              24.99279889722095
            ],
            [
              121.536920385762,
              24.99269956782931
            ],
            [
              121.53693806999533,
              24.99264530279748
            ],
            [
              121.53695531865378,
              24.992582154487494
            ],
            [
              121.5370053223257,
              24.9924732612691
            ],
            [
              121.53704042942027,
              24.992360340330023
            ],
            [
              121.53705741672023,
              24.99228826782319
            ],
            [
              121.53707414267465,
              24.992207190141436
            ],
            [
              121.53709417897102,
              24.99208583006419
            ],
            [
              121.53710297751742,
              24.991924449297706
            ],
            [
              121.53710411000355,
              24.991821536290786
            ],
            [
              121.53710620074712,
              24.99174543597777
            ],
            [
              121.53710210637425,
              24.991633713221102
            ],
            [
              121.53709827334417,
              24.9915309146715
            ],
            [
              121.53707997933525,
              24.99143305248725
            ],
            [
              121.53705628423364,
              24.99132188815213
            ],
            [
              121.53700053103402,
              24.991140219581457
            ],
            [
              121.53697674880158,
              24.99102907551587
            ],
            [
              121.536949917559,
              24.990967300054162
            ],
            [
              121.5369392024831,
              24.990940756248023
            ],
            [
              121.53690026232078,
              24.99081665981051
            ],
            [
              121.53688292653956,
              24.990745610031283
            ],
            [
              121.53683483933365,
              24.990639691408955
            ],
            [
              121.53682203349824,
              24.990559562775395
            ],
            [
              121.53678361598342,
              24.99044894312893
            ],
            [
              121.53673910043426,
              24.9903071325751
            ],
            [
              121.5367177573566,
              24.990258557512778
            ],
            [
              121.53670956858289,
              24.99016932946722
            ],
            [
              121.53668648320703,
              24.990076073311617
            ],
            [
              121.53666409474376,
              24.990000705715953
            ],
            [
              121.5366360438225,
              24.9899076448498
            ],
            [
              121.53661321977589,
              24.989818860457362
            ],
            [
              121.53658029041816,
              24.989725893430393
            ],
            [
              121.53658063887704,
              24.98960065901318
            ],
            [
              121.53658055176233,
              24.9894663792807
            ],
            [
              121.53659231224826,
              24.989385496621054
            ],
            [
              121.53662271527672,
              24.989277242829964
            ],
            [
              121.5366496337107,
              24.98920931268888
            ],
            [
              121.53668543783141,
              24.989114280282084
            ],
            [
              121.53671645063744,
              24.989023854706236
            ],
            [
              121.53676628018454,
              24.988910469497842
            ],
            [
              121.53681628393903,
              24.98880157672305
            ],
            [
              121.53684799362568,
              24.98872903985439
            ],
            [
              121.536894425651,
              24.98865603882028
            ],
            [
              121.53697640034392,
              24.988617752759833
            ],
            [
              121.53706813178506,
              24.988574664518392
            ],
            [
              121.53717319163592,
              24.988495415792027
            ],
            [
              121.53729785208009,
              24.988415527977192
            ],
            [
              121.53745692244273,
              24.9883345973106
            ],
            [
              121.53758733209865,
              24.98827691550714
            ],
            [
              121.53766390523423,
              24.98822540806623
            ],
            [
              121.53777018413153,
              24.988177363100746
            ],
            [
              121.53786182782278,
              24.988134295193646
            ],
            [
              121.53802612421863,
              24.98806217416669
            ],
            [
              121.53818562913656,
              24.987994659861275
            ],
            [
              121.53830697816882,
              24.987959668474282
            ],
            [
              121.538452631683,
              24.987914918171974
            ],
            [
              121.53857877165792,
              24.98787531983413
            ],
            [
              121.53867111160672,
              24.987850140132494
            ],
            [
              121.53888079270425,
              24.987812362445297
            ],
            [
              121.53906120351142,
              24.987780005540284
            ],
            [
              121.53924170114686,
              24.98774770891055
            ],
            [
              121.53934449407458,
              24.987740067295665
            ],
            [
              121.53944728690995,
              24.987732425598413
            ],
            [
              121.53952568816301,
              24.98773003000327
            ],
            [
              121.53962882928518,
              24.98773137278474
            ],
            [
              121.53975679732193,
              24.987740885694457
            ],
            [
              121.53976176272278,
              24.987740690247872
            ],
            [
              121.53982561601632,
              24.987743251196417
            ],
            [
              121.53992893109252,
              24.987749005041845
            ],
            [
              121.54001247162974,
              24.98775098690327
            ],
            [
              121.5401305955804,
              24.987760788835683
            ],
            [
              121.54023425882895,
              24.987775526958185
            ],
            [
              121.5404217235576,
              24.987801089629084
            ],
            [
              121.54058436115656,
              24.98781848194752
            ],
            [
              121.54070265873997,
              24.987832775453107
            ],
            [
              121.54078637293533,
              24.987839167998676
            ],
            [
              121.54088001777433,
              24.987849702690426
            ],
            [
              121.54099848927476,
              24.98786840713998
            ],
            [
              121.5411367349073,
              24.987891044966176
            ],
            [
              121.54129937148993,
              24.987908436048613
            ],
            [
              121.54144275630885,
              24.987935370135144
            ],
            [
              121.54160556667824,
              24.98795725292352
            ],
            [
              121.54176323728059,
              24.987974838727236
            ],
            [
              121.54191620369048,
              24.987996929675464
            ],
            [
              121.54200514363318,
              24.988012130534113
            ],
            [
              121.54212378818953,
              24.988035325719164
            ],
            [
              121.54220750134506,
              24.988041717013058
            ],
            [
              121.54223215359458,
              24.98804547521064
            ],
            [
              121.54239496284053,
              24.988067356592488
            ],
            [
              121.54258224980858,
              24.98808842263149
            ],
            [
              121.54273512801333,
              24.988106080474342
            ],
            [
              121.54281927627133,
              24.988125887359143
            ],
            [
              121.54294314657574,
              24.988157890705047
            ],
            [
              121.54316527653253,
              24.98819140813948
            ],
            [
              121.54342190142796,
              24.988228312128168
            ],
            [
              121.54358993554351,
              24.9882589196061
            ],
            [
              121.54367852574768,
              24.98826513444069
            ],
            [
              121.54377199400079,
              24.988271254982905
            ],
            [
              121.54386058406392,
              24.988277469657657
            ],
            [
              121.5439726935145,
              24.9882561383033
            ],
            [
              121.54406058655005,
              24.98824454610284
            ],
            [
              121.54416729505047,
              24.988209913333556
            ],
            [
              121.54425361997679,
              24.988153601444857
            ],
            [
              121.54432470079556,
              24.988084359131683
            ],
            [
              121.54436651302122,
              24.98802045816281
            ],
            [
              121.54439447493864,
              24.987979321099655
            ],
            [
              121.54442191419673,
              24.987924788557308
            ],
            [
              121.54448724573712,
              24.987833260772813
            ],
            [
              121.54452435403543,
              24.987774027183587
            ],
            [
              121.54456599197087,
              24.987705634146835
            ],
            [
              121.54459360540504,
              24.987655593797406
            ],
            [
              121.54462966836581,
              24.987569488347525
            ],
            [
              121.54465632359039,
              24.987492555647265
            ],
            [
              121.54469142833743,
              24.98737963880695
            ],
            [
              121.54470397196654,
              24.987321160203383
            ],
            [
              121.54472548777157,
              24.98723993103546
            ],
            [
              121.54474743911506,
              24.987167665684506
            ],
            [
              121.5447846344374,
              24.987112863889443
            ],
            [
              121.54480109793691,
              24.987027398720993
            ],
            [
              121.5447826309426,
              24.98692504967402
            ],
            [
              121.54475893743613,
              24.98681389143726
            ],
            [
              121.54473210801847,
              24.986752119995842
            ],
            [
              121.54472043547764,
              24.986703218571503
            ],
            [
              121.54468855375558,
              24.986637130061293
            ],
            [
              121.54465702045891,
              24.986579944855574
            ],
            [
              121.54463515620668,
              24.986517977656423
            ],
            [
              121.54457130559751,
              24.986385739841374
            ],
            [
              121.54451851775458,
              24.986284414328352
            ],
            [
              121.54449151406313,
              24.986218150385557
            ],
            [
              121.54445379599309,
              24.98612534413201
            ],
            [
              121.54442121732676,
              24.986041367488696
            ],
            [
              121.54436842941452,
              24.985940041585216
            ],
            [
              121.5443360249415,
              24.985860476008273
            ],
            [
              121.54429203498358,
              24.985732149987584
            ],
            [
              121.54424848055314,
              24.98561715893389
            ],
            [
              121.54422025727335,
              24.98551507810104
            ],
            [
              121.5442018772942,
              24.985417240639272
            ],
            [
              121.54418942071896,
              24.985346019239064
            ],
            [
              121.54417095362588,
              24.985243749986278
            ],
            [
              121.54415814861152,
              24.985163544157498
            ],
            [
              121.54415422870886,
              24.98505631791061
            ],
            [
              121.54416111031564,
              24.984975613676713
            ],
            [
              121.54417347978503,
              24.984912561695385
            ],
            [
              121.54418558792631,
              24.98484058582046
            ],
            [
              121.54419760895738,
              24.98476871136712
            ],
            [
              121.54422443850041,
              24.98469627080746
            ],
            [
              121.54424186027823,
              24.98463761691926
            ],
            [
              121.54427443899569,
              24.98458738130714
            ],
            [
              121.5442974357318,
              24.984546440174846
            ],
            [
              121.54433924796744,
              24.98448245887087
            ],
            [
              121.54438977106513,
              24.98438696504481
            ],
            [
              121.54443053796219,
              24.984296273524816
            ],
            [
              121.54449639214978,
              24.98421822333853
            ],
            [
              121.54453332622782,
              24.984154417160145
            ],
            [
              121.54453794298675,
              24.984145318226105
            ],
            [
              121.54458515586913,
              24.98409471945809
            ],
            [
              121.54461782159736,
              24.98404891565015
            ],
            [
              121.54464587056188,
              24.984012291728018
            ],
            [
              121.54469682906681,
              24.983930214119358
            ],
            [
              121.5447298431972,
              24.983893394695357
            ],
            [
              121.54475318827572,
              24.98386143801962
            ],
            [
              121.54485336299892,
              24.983782283590244
            ],
            [
              121.54494491390835,
              24.98373470210338
            ],
            [
              121.54505536723909,
              24.983668755037904
            ],
            [
              121.54512792839911,
              24.983639640505572
            ],
            [
              121.5452390784181,
              24.983591500169265
            ],
            [
              121.54531651751327,
              24.98356229148315
            ],
            [
              121.54541303320748,
              24.983519128425037
            ],
            [
              121.5455000540569,
              24.98348062525787
            ],
            [
              121.5456601583096,
              24.983431016961582
            ],
            [
              121.5458058024623,
              24.983386264022354
            ],
            [
              121.54594221302563,
              24.983359708757025
            ],
            [
              121.54598620234883,
              24.983353903272473
            ],
            [
              121.54600092352452,
              24.98335343850497
            ],
            [
              121.54610336194887,
              24.983336891043145
            ],
            [
              121.54621102672458,
              24.98332915268771
            ],
            [
              121.54628898780548,
              24.983313339117437
            ],
            [
              121.54649003133096,
              24.9833071287214
            ],
            [
              121.54658332307217,
              24.983308758170136
            ],
            [
              121.54676459280171,
              24.98329877607678
            ],
            [
              121.5468822742455,
              24.983295158560868
            ],
            [
              121.54700448512072,
              24.983282462544768
            ],
            [
              121.54710256731097,
              24.98327948482587
            ],
            [
              121.54724577064194,
              24.98330192343651
            ],
            [
              121.54741928684646,
              24.98335034446778
            ],
            [
              121.54750360587083,
              24.983374561460362
            ],
            [
              121.54760238448354,
              24.98338938968986
            ],
            [
              121.54769663348596,
              24.983417910150482
            ],
            [
              121.54778069098725,
              24.98343320316102
            ],
            [
              121.5478550796467,
              24.983453278015325
            ],
            [
              121.5479836482227,
              24.983480692929625
            ],
            [
              121.54808251352665,
              24.98350003314362
            ],
            [
              121.54822136033779,
              24.983535959569362
            ],
            [
              121.54829026104535,
              24.983542834439763
            ],
            [
              121.54839409111031,
              24.983562059576023
            ],
            [
              121.5484937400101,
              24.983603718138767
            ],
            [
              121.54862744709501,
              24.983635428411983
            ],
            [
              121.54868171383465,
              24.983642666682417
            ],
            [
              121.54886088970876,
              24.98370877602563
            ],
            [
              121.54897020688828,
              24.98374573285672
            ],
            [
              121.54902482188619,
              24.98376195495695
            ],
            [
              121.54910539420395,
              24.983817648177034
            ],
            [
              121.5491654096556,
              24.983847090058294
            ],
            [
              121.5492407555699,
              24.983893974255295
            ],
            [
              121.54930599725213,
              24.983932224792014
            ],
            [
              121.54943709023932,
              24.98402663321141
            ],
            [
              121.54956835728582,
              24.98412553328337
            ],
            [
              121.5496239301506,
              24.98416856546676
            ],
            [
              121.54970023391469,
              24.984242340523778
            ],
            [
              121.54974108602313,
              24.984285837887562
            ],
            [
              121.54982218046383,
              24.984354924968464
            ],
            [
              121.54986259700573,
              24.984384925748017
            ],
            [
              121.54994926605055,
              24.984471805278986
            ],
            [
              121.55006058559167,
              24.984562279653645
            ],
            [
              121.55010666383635,
              24.98461458531241
            ],
            [
              121.55015701017696,
              24.984648808155242
            ],
            [
              121.5502487310485,
              24.984740003720994
            ],
            [
              121.55028975716948,
              24.984787911543286
            ],
            [
              121.55036597338486,
              24.984857172893705
            ],
            [
              121.5504215458619,
              24.98490020406325
            ],
            [
              121.55051849276734,
              24.98500012667116
            ],
            [
              121.55059514435042,
              24.985082803013448
            ],
            [
              121.55063059569022,
              24.985112998896042
            ],
            [
              121.55068634224655,
              24.985160521679514
            ],
            [
              121.55074295981497,
              24.985230342273162
            ],
            [
              121.5507785853167,
              24.985265029980756
            ],
            [
              121.55083041212708,
              24.985339538202965
            ],
            [
              121.5508725703891,
              24.98541874758704
            ],
            [
              121.55092570371372,
              24.985528968832387
            ],
            [
              121.55095288009313,
              24.98559972025934
            ],
            [
              121.55099120574548,
              24.985705894529648
            ],
            [
              121.55101960156142,
              24.98581246041738
            ],
            [
              121.55102700537729,
              24.985879279857052
            ],
            [
              121.5510358899557,
              24.985986385292218
            ],
            [
              121.55103937410395,
              24.98608027122
            ],
            [
              121.55103771913355,
              24.986169780117073
            ],
            [
              121.55102195336181,
              24.98627312909921
            ],
            [
              121.55100183240134,
              24.986394581221276
            ],
            [
              121.55097134609088,
              24.986498395944032
            ],
            [
              121.55092605212887,
              24.986602696906523
            ],
            [
              121.5508648181479,
              24.98667164910835
            ],
            [
              121.55080811353594,
              24.986731522998358
            ],
            [
              121.55072100962252,
              24.986765518168397
            ],
            [
              121.5506784157847,
              24.98680709999438
            ],
            [
              121.55066630833099,
              24.98687907299341
            ],
            [
              121.55068886826173,
              24.986958922960937
            ],
            [
              121.5506942687078,
              24.98697214242091
            ],
            [
              121.55073259444686,
              24.98707831628663
            ],
            [
              121.55078015318696,
              24.98717082531142
            ],
            [
              121.55084112590177,
              24.98722715535106
            ],
            [
              121.55098920235942,
              24.98724940879511
            ],
            [
              121.55110365661939,
              24.987290655849673
            ],
            [
              121.55123736065157,
              24.987322358524487
            ],
            [
              121.55137106452737,
              24.98735406097577
            ],
            [
              121.55149980335571,
              24.987385878194186
            ],
            [
              121.55159282969895,
              24.987378577269794
            ],
            [
              121.55167061290348,
              24.98735826650583
            ],
            [
              121.55172357165075,
              24.987329788772616
            ],
            [
              121.5518106748001,
              24.987295873699832
            ],
            [
              121.55189298721524,
              24.9872664845526
            ],
            [
              121.55192704450404,
              24.987256453881738
            ],
            [
              121.55197050890648,
              24.98723725037143
            ],
            [
              121.5520281710742,
              24.987204186183757
            ],
            [
              121.55206144439641,
              24.98717628936936
            ],
            [
              121.55210935099514,
              24.98714349518222
            ],
            [
              121.5521668388871,
              24.98710602004989
            ],
            [
              121.55220498992671,
              24.987073495869705
            ],
            [
              121.55225298356808,
              24.987045214046265
            ],
            [
              121.55228137907052,
              24.98701749271754
            ],
            [
              121.55230019326456,
              24.986994533281077
            ],
            [
              121.55236299432508,
              24.986965765015
            ],
            [
              121.55239626754981,
              24.98693786821526
            ],
            [
              121.55242945366219,
              24.986905540005168
            ],
            [
              121.55246263976494,
              24.98687321179894
            ],
            [
              121.55249530324252,
              24.986827488912034
            ],
            [
              121.55252814091587,
              24.98678617696529
            ],
            [
              121.55255200701738,
              24.986767614890507
            ],
            [
              121.55259477436202,
              24.98673052481395
            ],
            [
              121.5526182920396,
              24.986702898052233
            ],
            [
              121.55266959540094,
              24.986629804865828
            ],
            [
              121.55269293885824,
              24.986597767187106
            ],
            [
              121.55269651005837,
              24.986561879086455
            ],
            [
              121.5527202019199,
              24.986538744215146
            ],
            [
              121.55273396410189,
              24.98651146842919
            ],
            [
              121.55274798758943,
              24.986493196865954
            ],
            [
              121.55276627909234,
              24.98645684280983
            ],
            [
              121.55278953542754,
              24.986420292803384
            ],
            [
              121.55281287886034,
              24.98638825515018
            ],
            [
              121.55282237301635,
              24.986378980923984
            ],
            [
              121.55284536803313,
              24.986338040481147
            ],
            [
              121.55285451377716,
              24.986319863462285
            ],
            [
              121.55287315367225,
              24.98629249316514
            ],
            [
              121.5528775087875,
              24.986278923027545
            ],
            [
              121.55289144515514,
              24.986256139134046
            ],
            [
              121.5529051202142,
              24.986228883852643
            ],
            [
              121.55293769646306,
              24.98617864873416
            ],
            [
              121.55298420905895,
              24.98611008162446
            ],
            [
              121.55306869818278,
              24.986004660516077
            ],
            [
              121.55312026264826,
              24.98594040984472
            ],
            [
              121.55320475167154,
              24.985834907865268
            ],
            [
              121.5532560547696,
              24.985761814923734
            ],
            [
              121.55332225228148,
              24.98569266696832
            ],
            [
              121.55336014162957,
              24.98565567159562
            ],
            [
              121.55343086837905,
              24.985577445424703
            ],
            [
              121.55346875769112,
              24.98554053101151
            ],
            [
              121.55350176928839,
              24.985503711133617
            ],
            [
              121.55357232174669,
              24.98542099315621
            ],
            [
              121.55363372848046,
              24.98535653309773
            ],
            [
              121.55367623411516,
              24.985310439061358
            ],
            [
              121.55371856553073,
              24.985259934126
            ],
            [
              121.5537611582355,
              24.985218433378236
            ],
            [
              121.5538113287631,
              24.985113958146897
            ],
            [
              121.55384346924573,
              24.98505484097779
            ],
            [
              121.55388937176222,
              24.984968367251238
            ],
            [
              121.55390618235661,
              24.984891809127422
            ],
            [
              121.55392743512527,
              24.98480174140487
            ],
            [
              121.55392673831322,
              24.984783854954962
            ],
            [
              121.55393919382753,
              24.984720785963223
            ],
            [
              121.5539360581737,
              24.984635885532175
            ],
            [
              121.5539325741138,
              24.9845420823236
            ],
            [
              121.55391959598977,
              24.98445747229452
            ],
            [
              121.55390635655966,
              24.984363938990732
            ],
            [
              121.5538782227656,
              24.98426637966413
            ],
            [
              121.55384381765201,
              24.9841332227325
            ],
            [
              121.55380984803602,
              24.984008947986027
            ],
            [
              121.55376411969088,
              24.983835876792835
            ],
            [
              121.55370907144918,
              24.983672038549116
            ],
            [
              121.55368642501293,
              24.983592210345485
            ],
            [
              121.55364243865282,
              24.983463814548198
            ],
            [
              121.5536237988832,
              24.983357061451077
            ],
            [
              121.55359157123698,
              24.9832819948027
            ],
            [
              121.55358094482192,
              24.983259967158425
            ],
            [
              121.55354148771471,
              24.983122492816456
            ],
            [
              121.55349175257781,
              24.98297189345876
            ],
            [
              121.55344367235487,
              24.982865990426372
            ],
            [
              121.55342912634143,
              24.982736662580464
            ],
            [
              121.55340717666489,
              24.98267472045473
            ],
            [
              121.55338374625155,
              24.982572573634805
            ],
            [
              121.55336528064362,
              24.982470230917013
            ],
            [
              121.55334071789638,
              24.982336782125127
            ],
            [
              121.55332564925801,
              24.982194059219758
            ],
            [
              121.55331354208472,
              24.98213182664567
            ],
            [
              121.55328993744821,
              24.982025187625
            ],
            [
              121.55327687214918,
              24.981936064053336
            ],
            [
              121.55325309330107,
              24.981824933014607
            ],
            [
              121.55323070808055,
              24.98174957526035
            ],
            [
              121.55319612856788,
              24.98161200518551
            ],
            [
              121.55315658422575,
              24.981470016974736
            ],
            [
              121.55311695276775,
              24.98132804910039
            ],
            [
              121.55309796450389,
              24.981212310897575
            ],
            [
              121.55307862782827,
              24.981087669740212
            ],
            [
              121.55308237322063,
              24.98105627337667
            ],
            [
              121.55307453402716,
              24.980975957913596
            ],
            [
              121.55306007506886,
              24.980851141346367
            ],
            [
              121.55304666133483,
              24.980753114363424
            ],
            [
              121.55304596451744,
              24.98060102218533
            ],
            [
              121.55305511024542,
              24.980448639878315
            ],
            [
              121.55306660773095,
              24.98036329313688
            ],
            [
              121.55306382046183,
              24.980287294164384
            ],
            [
              121.55309744189108,
              24.980134176889372
            ],
            [
              121.55313585392634,
              24.979976452912425
            ],
            [
              121.55312383383506,
              24.979918651201316
            ],
            [
              121.5531193916271,
              24.979797955244365
            ],
            [
              121.55312183048639,
              24.979730764811137
            ],
            [
              121.55312000134194,
              24.97968165687489
            ],
            [
              121.55312688240903,
              24.979600875855105
            ],
            [
              121.55312435644775,
              24.979533881120275
            ],
            [
              121.55311033300637,
              24.97941794652305
            ],
            [
              121.55313341506734,
              24.979247313372188
            ],
            [
              121.5531591972884,
              24.979148085995817
            ],
            [
              121.55316982374268,
              24.979035908510184
            ],
            [
              121.55320544848797,
              24.978936391165885
            ],
            [
              121.55322269469318,
              24.97887324787453
            ],
            [
              121.55326859745902,
              24.978786855921754
            ],
            [
              121.55329960576856,
              24.97869635631044
            ],
            [
              121.55334533429959,
              24.978605553412898
            ],
            [
              121.55338165580552,
              24.9785238420149
            ],
            [
              121.55339271774868,
              24.978425079929895
            ],
            [
              121.5534196322358,
              24.978357154800435
            ],
            [
              121.55344114640059,
              24.978276010034925
            ],
            [
              121.55346257345943,
              24.978190352868165
            ],
            [
              121.55347990672767,
              24.978127189179645
            ],
            [
              121.55351527007082,
              24.978023200553466
            ],
            [
              121.55358207714488,
              24.977837756821653
            ],
            [
              121.5535900905071,
              24.977788277962315
            ],
            [
              121.55359087442292,
              24.97767639050512
            ],
            [
              121.55362745715597,
              24.977603683611513
            ],
            [
              121.55364827446789,
              24.977504652122914
            ],
            [
              121.55366987569131,
              24.97742340602318
            ],
            [
              121.55373842470793,
              24.977287171879517
            ],
            [
              121.55380331541639,
              24.977182232744195
            ],
            [
              121.55384512417551,
              24.97711833463264
            ],
            [
              121.5539018272806,
              24.97705846337431
            ],
            [
              121.5539684599257,
              24.977002733681967
            ],
            [
              121.5540352667348,
              24.976951414982928
            ],
            [
              121.55410181220073,
              24.97689125385051
            ],
            [
              121.55422662839555,
              24.976815857943443
            ],
            [
              121.55431355543462,
              24.976777374713585
            ],
            [
              121.55439586604695,
              24.976747990027363
            ],
            [
              121.55446842127826,
              24.976718955716272
            ],
            [
              121.55462860007118,
              24.97666932477577
            ],
            [
              121.55474087316412,
              24.976652404454203
            ],
            [
              121.55488676704944,
              24.9766166537088
            ],
            [
              121.55500409172838,
              24.97660413082767
            ],
            [
              121.55508727284942,
              24.976597043473753
            ],
            [
              121.55516505367534,
              24.976576817499772
            ],
            [
              121.55519789058145,
              24.97653550718647
            ],
            [
              121.55520163590438,
              24.976504111070067
            ],
            [
              121.55520877814774,
              24.97643233504933
            ],
            [
              121.5552329049909,
              24.97628841208881
            ],
            [
              121.55527471322688,
              24.976090228840707
            ],
            [
              121.55532322818152,
              24.9759411398411
            ],
            [
              121.55536712679421,
              24.975801149405566
            ],
            [
              121.55543401988588,
              24.97562013876977
            ],
            [
              121.55550422274982,
              24.97539431689422
            ],
            [
              121.55556249283613,
              24.975244877693292
            ],
            [
              121.55561980479044,
              24.97506862859683
            ],
            [
              121.55564576065085,
              24.974973894294436
            ],
            [
              121.55570507586675,
              24.974851244697877
            ],
            [
              121.55577414626292,
              24.97472832572139
            ],
            [
              121.55581508330019,
              24.97464213066872
            ],
            [
              121.5558476587194,
              24.974591897354887
            ],
            [
              121.55588354392978,
              24.974501304685987
            ],
            [
              121.55593763302413,
              24.97436992760769
            ],
            [
              121.55599032849402,
              24.974202777340647
            ],
            [
              121.55602055216578,
              24.974089960944006
            ],
            [
              121.55604093354219,
              24.973977515373942
            ],
            [
              121.55605539212328,
              24.973838374567453
            ],
            [
              121.55605164682834,
              24.97373564717408
            ],
            [
              121.55605338882603,
              24.973650570757158
            ],
            [
              121.55607246369857,
              24.973502331429714
            ],
            [
              121.55608761907453,
              24.973381077202575
            ],
            [
              121.55611401032782,
              24.97329975832422
            ],
            [
              121.55615634084019,
              24.973249255865564
            ],
            [
              121.55617532859578,
              24.973230789583184
            ],
            [
              121.55630989769065,
              24.973155045030147
            ],
            [
              121.55640239752022,
              24.973134355237057
            ],
            [
              121.55648984550116,
              24.97310926772453
            ],
            [
              121.55658574206466,
              24.973048198104575
            ],
            [
              121.55665254734332,
              24.972996961315808
            ],
            [
              121.55672806252002,
              24.97291405200601
            ],
            [
              121.55677979953268,
              24.972854377438477
            ],
            [
              121.55683989805331,
              24.97275404662421
            ],
            [
              121.55689982234387,
              24.972649304914118
            ],
            [
              121.55695669813126,
              24.97259392665491
            ],
            [
              121.55704310049833,
              24.972542049795543
            ],
            [
              121.55713411905023,
              24.972481074501957
            ],
            [
              121.55721546954145,
              24.9724248809308
            ],
            [
              121.55730718474742,
              24.972381792151914
            ],
            [
              121.5573839188755,
              24.97233477793818
            ],
            [
              121.55746953703022,
              24.97226050222579
            ],
            [
              121.55754844851779,
              24.97213729456314
            ],
            [
              121.55763528593066,
              24.97196462950294
            ],
            [
              121.55769372912721,
              24.971819683812804
            ],
            [
              121.55774241725173,
              24.971675088490148
            ],
            [
              121.55778927628579,
              24.971481224200055
            ],
            [
              121.55781235740145,
              24.971310513562404
            ],
            [
              121.5578368320888,
              24.971175575899238
            ],
            [
              121.55784562903919,
              24.971014212504816
            ],
            [
              121.5578455419407,
              24.970880029569013
            ],
            [
              121.55787898776576,
              24.97072242373336
            ],
            [
              121.5578946654929,
              24.970614565131875
            ],
            [
              121.55790607539295,
              24.970524788632986
            ],
            [
              121.55790764316536,
              24.970435220959295
            ],
            [
              121.55792332088858,
              24.970327362345152
            ],
            [
              121.55798124134728,
              24.97016902237614
            ],
            [
              121.55806633646417,
              24.969947230420733
            ],
            [
              121.5581161567079,
              24.969833856127064
            ],
            [
              121.55818897087117,
              24.969679462407168
            ],
            [
              121.55819332578376,
              24.96966597360161
            ],
            [
              121.55832989575863,
              24.96937542307913
            ],
            [
              121.55833407646956,
              24.969357442423014
            ],
            [
              121.558359857517,
              24.969258217498027
            ],
            [
              121.55837118027246,
              24.96916392878772
            ],
            [
              121.55838189334006,
              24.969056184959413
            ],
            [
              121.55838938377698,
              24.96899331247982
            ],
            [
              121.55839635162484,
              24.968917045352836
            ],
            [
              121.55841316155603,
              24.96884048852283
            ],
            [
              121.55842918760213,
              24.968741613793952
            ],
            [
              121.55845052662738,
              24.968655898163448
            ],
            [
              121.5584581912559,
              24.96859751754498
            ],
            [
              121.55847073337416,
              24.968538961848818
            ],
            [
              121.5584836238832,
              24.968489389883988
            ],
            [
              121.55850957909286,
              24.968394656884453
            ],
            [
              121.5585366665705,
              24.968331225533273
            ],
            [
              121.55858753178447,
              24.96824464093365
            ],
            [
              121.55863830987786,
              24.968158076831678
            ],
            [
              121.55868464595713,
              24.96808502199621
            ],
            [
              121.5587456144538,
              24.968007151998922
            ],
            [
              121.55879229888068,
              24.967943080925156
            ],
            [
              121.55884377366506,
              24.967874403412146
            ],
            [
              121.55889507423085,
              24.967801234060527
            ],
            [
              121.55894175859662,
              24.967737163039097
            ],
            [
              121.55897912349506,
              24.967686776321926
            ],
            [
              121.55904444671467,
              24.967595336761285
            ],
            [
              121.55909139231213,
              24.967535737174643
            ],
            [
              121.55915209929911,
              24.96745331502552
            ],
            [
              121.55918441247412,
              24.967398692522785
            ],
            [
              121.5592115868892,
              24.967335159979353
            ],
            [
              121.55922020953878,
              24.96730358924688
            ],
            [
              121.55930347468708,
              24.967166813895552
            ],
            [
              121.5593361362088,
              24.967121094202543
            ],
            [
              121.55938221071288,
              24.967039197370813
            ],
            [
              121.55941957546722,
              24.966988810790895
            ],
            [
              121.55946530154853,
              24.966897930303396
            ],
            [
              121.55949735334318,
              24.966834303741944
            ],
            [
              121.5595159921544,
              24.966806935254503
            ],
            [
              121.55954342778223,
              24.966752406990476
            ],
            [
              121.55959194092385,
              24.966737443223728
            ],
            [
              121.559655347656,
              24.966726587519005
            ],
            [
              121.55976204159697,
              24.96669195936485
            ],
            [
              121.5598098578696,
              24.9666591900817
            ],
            [
              121.55989172903669,
              24.966616393070137
            ],
            [
              121.55994903881874,
              24.96657443139305
            ],
            [
              121.56001113889964,
              24.96652778234556
            ],
            [
              121.56005311958039,
              24.966468297617567
            ],
            [
              121.56009997766635,
              24.96640871877673
            ],
            [
              121.56013115831517,
              24.96632279511779
            ],
            [
              121.56017000346908,
              24.966178410377864
            ],
            [
              121.56018698733266,
              24.96610626507753
            ],
            [
              121.56021329054207,
              24.96602051652543
            ],
            [
              121.56022496150058,
              24.965939583104443
            ],
            [
              121.5602375905215,
              24.965881088369166
            ],
            [
              121.56026415500924,
              24.96580418208942
            ],
            [
              121.56029193884392,
              24.965758637695565
            ],
            [
              121.56034707100994,
              24.96565850479911
            ],
            [
              121.5603699774155,
              24.965613054538693
            ],
            [
              121.56041213215741,
              24.965558061833775
            ],
            [
              121.56048302873374,
              24.965484334346876
            ],
            [
              121.56059128963697,
              24.965360220627584
            ],
            [
              121.5606573087054,
              24.965286587309254
            ],
            [
              121.56071871163054,
              24.965222052237294
            ],
            [
              121.56076130172518,
              24.96518055555338
            ],
            [
              121.56081329819955,
              24.96512519236922
            ],
            [
              121.56085101087051,
              24.96508378981209
            ],
            [
              121.56090326859258,
              24.965037511696597
            ],
            [
              121.560959968194,
              24.964977562615406
            ],
            [
              121.56101205167398,
              24.964926792702833
            ],
            [
              121.56108721558402,
              24.96483498356382
            ],
            [
              121.56117701156927,
              24.96474273023706
            ],
            [
              121.56121019513081,
              24.964710405476218
            ],
            [
              121.56125853337251,
              24.964691030977917
            ],
            [
              121.56136557419887,
              24.96466538678423
            ],
            [
              121.56144369913244,
              24.964654066430583
            ],
            [
              121.56150266295437,
              24.96465671981532
            ],
            [
              121.5616155389599,
              24.96465770975936
            ],
            [
              121.56175402094387,
              24.96468473401787
            ],
            [
              121.56185270014188,
              24.964699663822834
            ],
            [
              121.56199649465465,
              24.964739927485514
            ],
            [
              121.56204570351655,
              24.964742930715502
            ],
            [
              121.56213471489079,
              24.964762560746237
            ],
            [
              121.56223818399398,
              24.964772802770838
            ],
            [
              121.56230228601758,
              24.964779751868406
            ],
            [
              121.56247447293273,
              24.964792377234343
            ],
            [
              121.56255259710753,
              24.96478105613414
            ],
            [
              121.56272905128998,
              24.964775599414107
            ],
            [
              121.56285229035238,
              24.964789773494168
            ],
            [
              121.56297518090334,
              24.964794882976747
            ],
            [
              121.56306340770207,
              24.96479219478857
            ],
            [
              121.56315111186579,
              24.964776112250192
            ],
            [
              121.56323376448672,
              24.964755632125964
            ],
            [
              121.56335926745638,
              24.964698126470694
            ],
            [
              121.56349992468031,
              24.964653570523172
            ],
            [
              121.56358719303797,
              24.964623992125127
            ],
            [
              121.56363143685051,
              24.96462710935351
            ],
            [
              121.56373952058031,
              24.964628251860198
            ],
            [
              121.56389750902298,
              24.96465473433329
            ],
            [
              121.5639816416987,
              24.964674537864227
            ],
            [
              121.56412430131144,
              24.96468357859085
            ],
            [
              121.56423726181849,
              24.964684545393904
            ],
            [
              121.5643584961011,
              24.964645039687326
            ],
            [
              121.56445351512193,
              24.964561594285662
            ],
            [
              121.5645247575623,
              24.964496769281205
            ],
            [
              121.56461995063145,
              24.964417815614905
            ],
            [
              121.5647290785444,
              24.964316079813333
            ],
            [
              121.56483820635303,
              24.964214263108715
            ],
            [
              121.56492921869142,
              24.964153289571385
            ],
            [
              121.56500072211405,
              24.964097468496384
            ],
            [
              121.56506882886472,
              24.96408194448139
            ],
            [
              121.56516741810441,
              24.96409227838385
            ],
            [
              121.56528159687899,
              24.964129057094514
            ],
            [
              121.5653868920778,
              24.96418848252105
            ],
            [
              121.56545717591578,
              24.96423104667161
            ],
            [
              121.56550194155955,
              24.964247557311776
            ],
            [
              121.56562718075755,
              24.96431532521286
            ],
            [
              121.56575137470831,
              24.96435622384398
            ],
            [
              121.5657944854801,
              24.96432804008488
            ],
            [
              121.56588105534439,
              24.964280655870798
            ],
            [
              121.56596710258904,
              24.96421987763578
            ],
            [
              121.56602789301229,
              24.964137436414816
            ],
            [
              121.56607039403393,
              24.96409142747891
            ],
            [
              121.56613240369286,
              24.964044798539433
            ],
            [
              121.56617995602085,
              24.964003025087187
            ],
            [
              121.56626217098804,
              24.963969210116616
            ],
            [
              121.56633567669247,
              24.9639669852206
            ],
            [
              121.5664792913741,
              24.96400283197177
            ],
            [
              121.5666134999581,
              24.964047850358803
            ],
            [
              121.56669275349296,
              24.964067827128936
            ],
            [
              121.566761730151,
              24.964074679480465
            ],
            [
              121.56685073784766,
              24.964094305567723
            ],
            [
              121.56694453551157,
              24.964109325130966
            ],
            [
              121.56711192539429,
              24.964122017708966
            ],
            [
              121.56727853120962,
              24.96411692593608
            ],
            [
              121.5674011557212,
              24.964113108303362
            ],
            [
              121.56750392332117,
              24.964105541088976
            ],
            [
              121.56763151178053,
              24.964106059992105
            ],
            [
              121.5677538746399,
              24.964097851818345
            ],
            [
              121.5677980297463,
              24.964096455427796
            ],
            [
              121.5678862528169,
              24.964093764010073
            ],
            [
              121.56801401503024,
              24.964098774069964
            ],
            [
              121.5680973608551,
              24.96409625780855
            ],
            [
              121.56820474363057,
              24.964079511061914
            ],
            [
              121.56829296638674,
              24.96407681934473
            ],
            [
              121.56841532853679,
              24.964068529580814
            ],
            [
              121.56852332064561,
              24.9640696883799
            ],
            [
              121.56865099505534,
              24.96407026662113
            ],
            [
              121.56875437116096,
              24.9640805231869
            ],
            [
              121.56883806480552,
              24.964086908568405
            ],
            [
              121.56890207603232,
              24.964093874381685
            ],
            [
              121.56900588736043,
              24.96411301235791
            ],
            [
              121.56909524166626,
              24.964141619403865
            ],
            [
              121.56920523619804,
              24.964196372668706
            ],
            [
              121.56934013829378,
              24.964259352820367
            ],
            [
              121.56943933347092,
              24.964287588178436
            ],
            [
              121.56952398459866,
              24.964320780641774
            ],
            [
              121.56960846148449,
              24.96434948147567
            ],
            [
              121.56969781531836,
              24.964378087745878
            ],
            [
              121.56976191315218,
              24.96438503240848
            ],
            [
              121.56989036997972,
              24.964407925103433
            ],
            [
              121.57001368839808,
              24.96442652199134
            ],
            [
              121.57008283722692,
              24.964437782521085
            ],
            [
              121.57018612494602,
              24.96444360633519
            ],
            [
              121.57028418723024,
              24.964440541541144
            ],
            [
              121.57038251069704,
              24.964446480130647
            ],
            [
              121.57048527561157,
              24.964438829178814
            ],
            [
              121.57062217923529,
              24.964425741373013
            ],
            [
              121.57075795054209,
              24.96438127351612
            ],
            [
              121.57086567916767,
              24.964373426366432
            ],
            [
              121.57095355151202,
              24.96436183041432
            ],
            [
              121.57110996237576,
              24.96434358884292
            ],
            [
              121.5712910190042,
              24.964329021697335
            ],
            [
              121.57138394213575,
              24.964321741469952
            ],
            [
              121.57150551717767,
              24.964291132432894
            ],
            [
              121.57163553962563,
              24.964224544009017
            ],
            [
              121.57183218414474,
              24.964102146567647
            ],
            [
              121.57196734439711,
              24.96403985356662
            ],
            [
              121.57206453427338,
              24.964014492223402
            ],
            [
              121.57220639999248,
              24.964001126164916
            ],
            [
              121.57227502496698,
              24.963999072965667
            ],
            [
              121.57236794729691,
              24.963991711265844
            ],
            [
              121.57243152110598,
              24.963985261113113
            ],
            [
              121.57253445834908,
              24.963982100175397
            ],
            [
              121.57262337445471,
              24.963997289965715
            ],
            [
              121.57271229049098,
              24.964012398730173
            ],
            [
              121.57277647371798,
              24.964023853594263
            ],
            [
              121.57284623048139,
              24.964053098541925
            ],
            [
              121.57289613136085,
              24.964073900819084
            ],
            [
              121.5729714616175,
              24.964120773871098
            ],
            [
              121.57303729935019,
              24.964176920233623
            ],
            [
              121.57310827517021,
              24.964237361882454
            ],
            [
              121.57317498369208,
              24.96431580316071
            ],
            [
              121.57322601655584,
              24.96436798445026
            ],
            [
              121.573271911279,
              24.964415789372442
            ],
            [
              121.57333339450348,
              24.964485423116372
            ],
            [
              121.57340497974572,
              24.964563769340458
            ],
            [
              121.5734709043147,
              24.964619894523832
            ],
            [
              121.57353238743191,
              24.96468952793424
            ],
            [
              121.57357357936014,
              24.964741999437667
            ],
            [
              121.57364464193286,
              24.96480695199647
            ],
            [
              121.5737002030802,
              24.964849974319428
            ],
            [
              121.57375106153617,
              24.964897582602056
            ],
            [
              121.57384703068409,
              24.96497067960206
            ],
            [
              121.57395789149585,
              24.9650478014178
            ],
            [
              121.57404776443929,
              24.965089795960505
            ],
            [
              121.57412291976301,
              24.965132175821278
            ],
            [
              121.57419798795115,
              24.96517012468242
            ],
            [
              121.57427836833448,
              24.9652213114232
            ],
            [
              121.57433967684443,
              24.965286533202804
            ],
            [
              121.5743877482667,
              24.965392421104195
            ],
            [
              121.57443581966871,
              24.965498389820347
            ],
            [
              121.57447335366595,
              24.965582151594393
            ],
            [
              121.57451585154121,
              24.965670330397582
            ],
            [
              121.57455739145722,
              24.96573170249048
            ],
            [
              121.5746113846169,
              24.965864281272825
            ],
            [
              121.57464978941327,
              24.96597495071774
            ],
            [
              121.5746676419786,
              24.966059374774314
            ],
            [
              121.57467426048996,
              24.96610386957962
            ],
            [
              121.57464961524187,
              24.966234384224286
            ],
            [
              121.57463655238742,
              24.966279541740143
            ],
            [
              121.57460215353011,
              24.966410326820537
            ],
            [
              121.5745716735213,
              24.966514129669253
            ],
            [
              121.57455025042454,
              24.96659985866369
            ],
            [
              121.57452386343395,
              24.966681170610723
            ],
            [
              121.5745171578281,
              24.966766352081223
            ],
            [
              121.57454955373841,
              24.966845898986485
            ],
            [
              121.57468802002539,
              24.966872902398592
            ],
            [
              121.57493900062767,
              24.966892059451865
            ],
            [
              121.57502286390493,
              24.966902848542443
            ],
            [
              121.57515488530474,
              24.966889848019548
            ],
            [
              121.57522376976068,
              24.96689671376224
            ],
            [
              121.5753314941678,
              24.966888941571447
            ],
            [
              121.57551759502583,
              24.966878680321408
            ],
            [
              121.5756981221472,
              24.96685079126438
            ],
            [
              121.57580532359727,
              24.966829625775624
            ],
            [
              121.57591705335226,
              24.966799301916655
            ],
            [
              121.57599481998382,
              24.96677898895982
            ],
            [
              121.57610663663768,
              24.966748725445566
            ],
            [
              121.57623726343087,
              24.966699955637537
            ],
            [
              121.57633862971926,
              24.96665207846504
            ],
            [
              121.5764451338925,
              24.96661302850771
            ],
            [
              121.57657175442365,
              24.966586809661973
            ],
            [
              121.57671762040454,
              24.96655096558121
            ],
            [
              121.57681515456821,
              24.96653458185514
            ],
            [
              121.57699115127207,
              24.96651568782799
            ],
            [
              121.57714781510595,
              24.966506439234514
            ],
            [
              121.5772112120826,
              24.966495494228987
            ],
            [
              121.5773579480815,
              24.966482024799582
            ],
            [
              121.5775107797371,
              24.96649965611383
            ],
            [
              121.57756973525544,
              24.96650238089146
            ],
            [
              121.57763870533573,
              24.966509143823856
            ],
            [
              121.57773249412793,
              24.96652415145646
            ],
            [
              121.57783612325147,
              24.96653886780222
            ],
            [
              121.57794532560408,
              24.966571292108863
            ],
            [
              121.57803432457327,
              24.96659090599188
            ],
            [
              121.57813812758847,
              24.96661011317535
            ],
            [
              121.57825629919456,
              24.96661987076965
            ],
            [
              121.57841313545532,
              24.966615030644874
            ],
            [
              121.57862814272693,
              24.966590518992216
            ],
            [
              121.57864747507412,
              24.96658095410444
            ],
            [
              121.57876799738091,
              24.96652355176629
            ],
            [
              121.57888007256196,
              24.96650220822032
            ],
            [
              121.57902044940094,
              24.96644871440306
            ],
            [
              121.5791314793465,
              24.966400585552606
            ],
            [
              121.57921821325228,
              24.96635760487682
            ],
            [
              121.5793522326817,
              24.966264007694924
            ],
            [
              121.57951829812387,
              24.966111238951264
            ],
            [
              121.57965188179107,
              24.96600876091955
            ],
            [
              121.57977667004278,
              24.965933278336944
            ],
            [
              121.57988595761783,
              24.965835948572828
            ],
            [
              121.57999132641565,
              24.965765600219836
            ],
            [
              121.58012630283253,
              24.96569880859972
            ],
            [
              121.58020249912633,
              24.96563831648904
            ],
            [
              121.58029306379778,
              24.96556392372435
            ],
            [
              121.58036490591387,
              24.965516999999377
            ],
            [
              121.58050798044167,
              24.96540524846791
            ],
            [
              121.58061909601919,
              24.965357098949802
            ],
            [
              121.58079726387423,
              24.96526655129869
            ],
            [
              121.58090855333148,
              24.96522289281825
            ],
            [
              121.58102402255955,
              24.96516117485611
            ],
            [
              121.581111103348,
              24.965127176236653
            ],
            [
              121.58117902631678,
              24.965107152735065
            ],
            [
              121.58131992280752,
              24.96506705064746
            ],
            [
              121.58150923586506,
              24.965011998732876
            ],
            [
              121.58160119278409,
              24.964977824024853
            ],
            [
              121.58167407903937,
              24.964957684891928
            ],
            [
              121.58175149342193,
              24.96492846854914
            ],
            [
              121.58188220082585,
              24.964879756250845
            ],
            [
              121.582003068032,
              24.964831254380677
            ],
            [
              121.58210486459241,
              24.96479678807898
            ],
            [
              121.58219211871467,
              24.964767280184827
            ],
            [
              121.58231446594924,
              24.964759056493392
            ],
            [
              121.5824708612265,
              24.964740800236978
            ],
            [
              121.5826274304482,
              24.964726953941224
            ],
            [
              121.58281299691681,
              24.96470337280183
            ],
            [
              121.58297931855343,
              24.964689336028847
            ],
            [
              121.58307667319984,
              24.96466837694004
            ],
            [
              121.5831600080144,
              24.964665849467593
            ],
            [
              121.58317951375112,
              24.964660775406465
            ],
            [
              121.58331135154478,
              24.964643277194437
            ],
            [
              121.58344745605545,
              24.964607780096276
            ],
            [
              121.58358416995559,
              24.964590105664644
            ],
            [
              121.58378079386314,
              24.96459750707684
            ],
            [
              121.58403062242175,
              24.964585270215736
            ],
            [
              121.5842565909668,
              24.964591756093476
            ],
            [
              121.5843988769035,
              24.964591868798667
            ],
            [
              121.58447176136897,
              24.96457172846421
            ],
            [
              121.5845491738505,
              24.964542430072886
            ],
            [
              121.58465079397982,
              24.964503552246793
            ],
            [
              121.58471340308036,
              24.964470290912903
            ],
            [
              121.58475650668309,
              24.96444210382046
            ],
            [
              121.58483801163281,
              24.964390396663184
            ],
            [
              121.58491411769774,
              24.964325392570938
            ],
            [
              121.58502366157833,
              24.96423706495496
            ],
            [
              121.5851092589888,
              24.964162787285655
            ],
            [
              121.58517021336195,
              24.964084838406283
            ],
            [
              121.58521636450847,
              24.96400737770989
            ],
            [
              121.58526817567899,
              24.96394768444029
            ],
            [
              121.5853057061088,
              24.96390179043003
            ],
            [
              121.58535725600616,
              24.963837545763685
            ],
            [
              121.58538355341102,
              24.96375172640238
            ],
            [
              121.58541272436628,
              24.96361214248292
            ],
            [
              121.58544799073505,
              24.96350365755534
            ],
            [
              121.5854840407896,
              24.963417567106955
            ],
            [
              121.58552566378526,
              24.963349183640556
            ],
            [
              121.58560594910212,
              24.96326620177703
            ],
            [
              121.58566786105946,
              24.963215057659546
            ],
            [
              121.58572150064646,
              24.963204462079226
            ],
            [
              121.58579612580911,
              24.963233520649258
            ],
            [
              121.58591594393764,
              24.96328796004701
            ],
            [
              121.5860907075081,
              24.96336750882102
            ],
            [
              121.58616524535195,
              24.96339205552519
            ],
            [
              121.5862895910857,
              24.963437417183616
            ],
            [
              121.5864276948017,
              24.963455587463976
            ],
            [
              121.58655595869566,
              24.96347396832017
            ],
            [
              121.58674238952901,
              24.963472675878368
            ],
            [
              121.58688449820775,
              24.963468295689136
            ],
            [
              121.58699255989684,
              24.963469416621596
            ],
            [
              121.58727930165783,
              24.963527715997074
            ],
            [
              121.58741827493301,
              24.96356809661231
            ],
            [
              121.58757187677668,
              24.963608110454683
            ],
            [
              121.58766617984675,
              24.963636502597257
            ],
            [
              121.58784424960453,
              24.963675776629344
            ],
            [
              121.5880019434216,
              24.963693300407137
            ],
            [
              121.58806550850973,
              24.963686842314413
            ],
            [
              121.58814143826713,
              24.96361742793527
            ],
            [
              121.58818863311376,
              24.96356675126382
            ],
            [
              121.58828894386671,
              24.963492005243147
            ],
            [
              121.58842338800123,
              24.96341181802699
            ],
            [
              121.58860763890176,
              24.963352444481483
            ],
            [
              121.5887411248358,
              24.963379709157653
            ],
            [
              121.58882105958635,
              24.963417469117918
            ],
            [
              121.58893225412973,
              24.96350346997257
            ],
            [
              121.58903526354325,
              24.963634529671225
            ],
            [
              121.5891515082048,
              24.963724844616785
            ],
            [
              121.58923144266724,
              24.96376268486526
            ],
            [
              121.58931033217974,
              24.96377366087646
            ],
            [
              121.58951687267542,
              24.963785191595335
            ],
            [
              121.58967944033157,
              24.963802536464794
            ],
            [
              121.58984174653334,
              24.963810959845812
            ],
            [
              121.5900106701242,
              24.96386832301574
            ],
            [
              121.59012743623306,
              24.963972108495966
            ],
            [
              121.5901882137725,
              24.96402392323539
            ],
            [
              121.59037002375418,
              24.964161443682947
            ],
            [
              121.59048121678468,
              24.96424744127743
            ],
            [
              121.59065806311152,
              24.964385157358276
            ],
            [
              121.59080913545772,
              24.96448790888022
            ],
            [
              121.59094949759623,
              24.96456857914911
            ],
            [
              121.59105920981726,
              24.964614380719492
            ],
            [
              121.5911619560871,
              24.9646067119527
            ],
            [
              121.59128072369363,
              24.96450010642424
            ],
            [
              121.59144102493671,
              24.964325219526895
            ],
            [
              121.59159714646276,
              24.964168310254383
            ],
            [
              121.59173480837802,
              24.964043258903036
            ],
            [
              121.59186498188924,
              24.963981067129097
            ],
            [
              121.59196659548986,
              24.96394210426071
            ],
            [
              121.59208510103976,
              24.9639608302268
            ],
            [
              121.59217957451612,
              24.96399370811699
            ],
            [
              121.59228449657999,
              24.96404411523321
            ],
            [
              121.59242442153874,
              24.9641113715585
            ],
            [
              121.59252899508884,
              24.96415287772062
            ],
            [
              121.59267675621936,
              24.96416617482847
            ],
            [
              121.59286378653259,
              24.96418285471379
            ],
            [
              121.59300667121566,
              24.964196246765056
            ],
            [
              121.59315469294066,
              24.964218545050517
            ],
            [
              121.59327284896769,
              24.964228287947837
            ],
            [
              121.59338996001568,
              24.96421124837069
            ],
            [
              121.59342783605373,
              24.96417433575612
            ],
            [
              121.59355826884236,
              24.963986893748526
            ],
            [
              121.59359840867577,
              24.96387823641088
            ],
            [
              121.59365683344062,
              24.963733311658995
            ],
            [
              121.59369793102172,
              24.963651538103235
            ],
            [
              121.59374277264519,
              24.963538294703515
            ],
            [
              121.59383585160919,
              24.963401237678408
            ],
            [
              121.59391499914356,
              24.96328688058918
            ],
            [
              121.59395209136845,
              24.963227575124858
            ],
            [
              121.59403071639676,
              24.9630999078996
            ],
            [
              121.59406728615882,
              24.963027211341977
            ],
            [
              121.59411761309791,
              24.962927243357104
            ],
            [
              121.59417325133165,
              24.96284051065106
            ],
            [
              121.59423707418601,
              24.962708801110246
            ],
            [
              121.59427329559901,
              24.962627123277862
            ],
            [
              121.59433755375044,
              24.962508906355772
            ],
            [
              121.59438404946343,
              24.962440347881415
            ],
            [
              121.59443890393185,
              24.962331303282266
            ],
            [
              121.59450829915004,
              24.962217299380935
            ],
            [
              121.59456280527664,
              24.96209927350493
            ],
            [
              121.59461809501104,
              24.962003640623916
            ],
            [
              121.59465466458435,
              24.96193094432242
            ],
            [
              121.59469515231255,
              24.961831268974613
            ],
            [
              121.59474556604428,
              24.961735731613523
            ],
            [
              121.5947778691318,
              24.961681033073734
            ],
            [
              121.5948234068919,
              24.961585672115504
            ],
            [
              121.59487059896826,
              24.96153499564561
            ],
            [
              121.59497595390198,
              24.961464643798983
            ],
            [
              121.59511021599846,
              24.961379963581777
            ],
            [
              121.59518727296675,
              24.96134184233499
            ],
            [
              121.59525962810639,
              24.96130830717973
            ],
            [
              121.5954106072749,
              24.96127674295931
            ],
            [
              121.59551813845209,
              24.961264466360305
            ],
            [
              121.59567460266368,
              24.96125070860697
            ],
            [
              121.59579223365711,
              24.96124706032306
            ],
            [
              121.59597751746232,
              24.961214462635468
            ],
            [
              121.59611360683196,
              24.961178956761024
            ],
            [
              121.59619083725916,
              24.961145244919884
            ],
            [
              121.59630132804973,
              24.96107918651242
            ],
            [
              121.5964160851166,
              24.960999662151135
            ],
            [
              121.59646414722252,
              24.960971277032844
            ],
            [
              121.5965304067229,
              24.96090664543705
            ],
            [
              121.59658229981322,
              24.96085130203378
            ],
            [
              121.59668669540474,
              24.96075414755152
            ],
            [
              121.59676697285033,
              24.960671165680864
            ],
            [
              121.59682365461347,
              24.960611215740048
            ],
            [
              121.59690079749002,
              24.960573073691723
            ],
            [
              121.59706997180923,
              24.960505181113085
            ],
            [
              121.59723679502949,
              24.96050452070225
            ],
            [
              121.59734989685438,
              24.960509948171357
            ],
            [
              121.59743417897256,
              24.960534215170046
            ],
            [
              121.59754762887397,
              24.96054854266899
            ],
            [
              121.59762755743957,
              24.9605863767377
            ],
            [
              121.59767753453157,
              24.9606116767323
            ],
            [
              121.59777330938519,
              24.96068025352668
            ],
            [
              121.59789973206851,
              24.960779245384472
            ],
            [
              121.59799637741351,
              24.9608701936743
            ],
            [
              121.5980787435616,
              24.96097502198893
            ],
            [
              121.59816607250974,
              24.961079734044397
            ],
            [
              121.59827760619346,
              24.961174622267105
            ],
            [
              121.59836319363775,
              24.961234671052175
            ],
            [
              121.59842300903615,
              24.96125967774852
            ],
            [
              121.59849675519729,
              24.961261823000434
            ],
            [
              121.59860846269153,
              24.96123156689898
            ],
            [
              121.59869535589648,
              24.961193070820464
            ],
            [
              121.59883144201491,
              24.961157562396874
            ],
            [
              121.59898633446215,
              24.96109901600732
            ],
            [
              121.59910805417991,
              24.96107287666094
            ],
            [
              121.59929037231183,
              24.961094135593356
            ],
            [
              121.59947878482109,
              24.961146408503254
            ],
            [
              121.59961774320007,
              24.961186853992128
            ],
            [
              121.5997721992441,
              24.961249222105373
            ],
            [
              121.5999494664634,
              24.961266084752527
            ],
            [
              121.60005664508527,
              24.961244823249043
            ],
            [
              121.60019220717798,
              24.96119592293355
            ],
            [
              121.60034265740389,
              24.961151043749368
            ],
            [
              121.60045810692142,
              24.961089317699088
            ],
            [
              121.60060185272552,
              24.960995361003796
            ],
            [
              121.6006594903016,
              24.96096229318451
            ],
            [
              121.60087367197475,
              24.96091535988345
            ],
            [
              121.60106878590393,
              24.9608824627383
            ],
            [
              121.60123595152078,
              24.960890695959357
            ],
            [
              121.60135488274234,
              24.96092282462358
            ],
            [
              121.60155295605998,
              24.96097039120419
            ],
            [
              121.60173683744209,
              24.96103181714587
            ],
            [
              121.6018613402924,
              24.961081649219874
            ],
            [
              121.60197556936103,
              24.961118363045475
            ],
            [
              121.60207525850781,
              24.96116003662654
            ],
            [
              121.60215048239999,
              24.96120237104154
            ],
            [
              121.60223632812355,
              24.96126680414963
            ],
            [
              121.60235255929918,
              24.96135718004954
            ],
            [
              121.60240384028191,
              24.96141825869998
            ],
            [
              121.60247941221436,
              24.9614695734454
            ],
            [
              121.60256534475397,
              24.9615385168407
            ],
            [
              121.60271526945475,
              24.96160987475535
            ],
            [
              121.60280041823862,
              24.96165650709971
            ],
            [
              121.60286597753488,
              24.961703623847825
            ],
            [
              121.60293171092148,
              24.961755311815825
            ],
            [
              121.60299317813337,
              24.961824996608
            ],
            [
              121.60304924734582,
              24.961881386848614
            ],
            [
              121.60312325169882,
              24.962022240447084
            ],
            [
              121.60320648477241,
              24.962149431049866
            ],
            [
              121.60326716826151,
              24.96219672386391
            ],
            [
              121.60339254007324,
              24.962268923417778
            ],
            [
              121.6035064193491,
              24.962296653449602
            ],
            [
              121.60363466399335,
              24.962315094599287
            ],
            [
              121.60375263500816,
              24.96232041801236
            ],
            [
              121.60393041840221,
              24.96235066258823
            ],
            [
              121.60406345104411,
              24.962364415532164
            ],
            [
              121.60418786428363,
              24.962409812890257
            ],
            [
              121.60435128160692,
              24.962449426247463
            ],
            [
              121.60451078086697,
              24.96251609761038
            ],
            [
              121.60461064191642,
              24.962562176420374
            ],
            [
              121.60489237671466,
              24.962880039932713
            ],
            [
              121.60496725049295,
              24.962913551690917
            ],
            [
              121.60505222346526,
              24.962955609386775
            ],
            [
              121.60524541485351,
              24.963003341825278
            ],
            [
              121.60562988128103,
              24.963049574003424
            ],
            [
              121.60584118055056,
              24.963056386889924
            ],
            [
              121.60596419885661,
              24.963066020645464
            ],
            [
              121.6061202133887,
              24.96303883703139
            ],
            [
              121.60630147553934,
              24.963028688871304
            ],
            [
              121.60661681179064,
              24.963063681262454
            ],
            [
              121.60677482783272,
              24.963090076635783
            ],
            [
              121.60695208413419,
              24.963107005823506
            ],
            [
              121.60715850553954,
              24.963113992999865
            ],
            [
              121.60740828277422,
              24.963101790034045
            ],
            [
              121.60752546632774,
              24.963084717982525
            ],
            [
              121.60769140360473,
              24.963061668815758
            ],
            [
              121.60789172944892,
              24.963037562023082
            ],
            [
              121.60813715206832,
              24.963038924276823
            ],
            [
              121.60816187712726,
              24.96304265047067
            ],
            [
              121.60829586247617,
              24.963083197097266
            ],
            [
              121.60839606843957,
              24.963138251158707
            ],
            [
              121.60846684809809,
              24.963194246128747
            ],
            [
              121.60854319953762,
              24.963267862889527
            ],
            [
              121.60858916708422,
              24.96331570183174
            ],
            [
              121.608681015062,
              24.96341123821974
            ],
            [
              121.6087731241443,
              24.963511324967047
            ],
            [
              121.60891093938983,
              24.963654618537102
            ],
            [
              121.60895690678768,
              24.9637024570288
            ],
            [
              121.60905946277116,
              24.963819987819647
            ],
            [
              121.60916245395852,
              24.963951009262296
            ],
            [
              121.60922383074177,
              24.96401625638737
            ],
            [
              121.60930610169711,
              24.96411655453073
            ],
            [
              121.60935677012884,
              24.964159725319004
            ],
            [
              121.60941353267499,
              24.96423398813503
            ],
            [
              121.60945958692858,
              24.964286255712754
            ],
            [
              121.60951016823286,
              24.964324996582008
            ],
            [
              121.60967653790613,
              24.964445056922575
            ],
            [
              121.60980181558931,
              24.964512732868215
            ],
            [
              121.60987729554441,
              24.964564139191417
            ],
            [
              121.60992883430846,
              24.964629598091143
            ],
            [
              121.6100200717929,
              24.964707312157522
            ],
            [
              121.610080577527,
              24.96475018831639
            ],
            [
              121.61022674880063,
              24.96485299473913
            ],
            [
              121.61035211293553,
              24.96492517996144
            ],
            [
              121.61045771470017,
              24.96499344201622
            ],
            [
              121.61057750685514,
              24.965047924400892
            ],
            [
              121.61070713645032,
              24.96510203175904
            ],
            [
              121.61090179821065,
              24.965189937676826
            ],
            [
              121.6110314274358,
              24.96524404437946
            ],
            [
              121.61113633210678,
              24.965294506712638
            ],
            [
              121.61120110307517,
              24.96531930457463
            ],
            [
              121.6112952124406,
              24.965343261526645
            ],
            [
              121.61136416208345,
              24.965350083644914
            ],
            [
              121.61143363402974,
              24.965370214060307
            ],
            [
              121.61154193357059,
              24.9653803103239
            ],
            [
              121.61175783588409,
              24.965378092170532
            ],
            [
              121.61205713849321,
              24.965377754496842
            ],
            [
              121.61212878644119,
              24.96545603254862
            ],
            [
              121.6122559766725,
              24.96557738204234
            ],
            [
              121.61237341639686,
              24.96569900469989
            ],
            [
              121.61249129128349,
              24.96583395571843
            ],
            [
              121.61255719321628,
              24.965890121943048
            ],
            [
              121.61262361745065,
              24.965959596272686
            ],
            [
              121.61269944375722,
              24.966019897767353
            ],
            [
              121.61276464911703,
              24.966058103659673
            ],
            [
              121.61287921545289,
              24.966103778872593
            ],
            [
              121.61296339900143,
              24.966123517190844
            ],
            [
              121.61308188266982,
              24.96614221615979
            ],
            [
              121.61315083122818,
              24.966149036674665
            ],
            [
              121.61323127116005,
              24.96620024059219
            ],
            [
              121.61328637770386,
              24.966229820552023
            ],
            [
              121.61331632500873,
              24.96624226662029
            ],
            [
              121.61337630665079,
              24.9662717501094
            ],
            [
              121.61340651510007,
              24.966293196595508
            ],
            [
              121.6134668449185,
              24.966331579032026
            ],
            [
              121.61352717470486,
              24.966369961398854
            ],
            [
              121.61358663390023,
              24.966386055663055
            ],
            [
              121.61361736462878,
              24.96642089102684
            ],
            [
              121.61365732326908,
              24.96643753266575
            ],
            [
              121.61376126790157,
              24.966461111141918
            ],
            [
              121.61388427763266,
              24.966470732512647
            ],
            [
              121.61400188978459,
              24.966467061200063
            ],
            [
              121.61412968730676,
              24.966472075399455
            ],
            [
              121.6142179615331,
              24.96646932658683
            ],
            [
              121.61434993746734,
              24.966456284317587
            ],
            [
              121.61447164073252,
              24.966430126807627
            ],
            [
              121.6146272083072,
              24.96638952002759
            ],
            [
              121.61472305593455,
              24.966328350188117
            ],
            [
              121.61480419119262,
              24.966267652025678
            ],
            [
              121.61487113644235,
              24.966220895335567
            ],
            [
              121.61493808165262,
              24.966174057737906
            ],
            [
              121.61498744174988,
              24.966181445156398
            ],
            [
              121.61500842196108,
              24.966216634574092
            ],
            [
              121.6150460296329,
              24.966304867785688
            ],
            [
              121.61507388715953,
              24.966393536583066
            ],
            [
              121.61511558638193,
              24.966459283996322
            ],
            [
              121.61525269749592,
              24.96645061370146
            ],
            [
              121.61533635695777,
              24.966456960849996
            ],
            [
              121.61539128837111,
              24.96648204929102
            ],
            [
              121.6154468291392,
              24.96652511780803
            ],
            [
              121.61551803967674,
              24.96658998164173
            ],
            [
              121.61559891320373,
              24.96665459195176
            ],
            [
              121.61566481333324,
              24.966710673659634
            ],
            [
              121.61573088753308,
              24.966771245159823
            ],
            [
              121.61580645060249,
              24.96682254233322
            ],
            [
              121.61592118797807,
              24.96687270258597
            ],
            [
              121.61600597865004,
              24.966910336796698
            ],
            [
              121.61610556843439,
              24.9669474784706
            ],
            [
              121.61621534343641,
              24.966997755232377
            ],
            [
              121.61630509595635,
              24.967035272002125
            ],
            [
              121.61640094216747,
              24.96710379752341
            ],
            [
              121.61646719004632,
              24.96716885788172
            ],
            [
              121.6165531120077,
              24.96723777902088
            ],
            [
              121.61662432185145,
              24.96730264115134
            ],
            [
              121.61670554280452,
              24.96737622931831
            ],
            [
              121.6167563820425,
              24.967423801837107
            ],
            [
              121.6168417814646,
              24.967474883828135
            ],
            [
              121.61691690852797,
              24.96751730109448
            ],
            [
              121.61699516946003,
              24.96751035423098
            ],
            [
              121.61706785893143,
              24.967485706377985
            ],
            [
              121.6171918226652,
              24.967387894258735
            ],
            [
              121.61728705875635,
              24.967308904797324
            ],
            [
              121.61740179463578,
              24.96722928624526
            ],
            [
              121.61746795487771,
              24.96716013979125
            ],
            [
              121.61753489855697,
              24.967113301176813
            ],
            [
              121.61760105872136,
              24.967044154752887
            ],
            [
              121.61768254013397,
              24.96699243511518
            ],
            [
              121.61778804803009,
              24.966926479270516
            ],
            [
              121.61784071488873,
              24.96689360276128
            ],
            [
              121.61791801760559,
              24.966859858074432
            ],
            [
              121.61799592963752,
              24.966844012221003
            ],
            [
              121.61809351547014,
              24.9668275770568
            ],
            [
              121.61815210175047,
              24.966821300020523
            ],
            [
              121.61828006870627,
              24.966830717912746
            ],
            [
              121.61835397608648,
              24.966837336583488
            ],
            [
              121.61842797047075,
              24.96684846550341
            ],
            [
              121.6185266876095,
              24.966863317265656
            ],
            [
              121.61865091090638,
              24.96690419942796
            ],
            [
              121.61873099873418,
              24.966946417229188
            ],
            [
              121.6188156132039,
              24.966979558706576
            ],
            [
              121.61889587501919,
              24.967026266067123
            ],
            [
              121.61898519016124,
              24.96705037100604
            ],
            [
              121.61907441818128,
              24.96707441544216
            ],
            [
              121.61914371130753,
              24.96709013012957
            ],
            [
              121.61925740069184,
              24.967113508707058
            ],
            [
              121.61945483344088,
              24.967143129175515
            ],
            [
              121.6194989684926,
              24.967141712073893
            ],
            [
              121.61963703187682,
              24.9671598332519
            ],
            [
              121.61969274467033,
              24.967207306824054
            ],
            [
              121.61974567179885,
              24.96730851126672
            ],
            [
              121.61978380020837,
              24.96741028943504
            ],
            [
              121.61979598736855,
              24.9674724669969
            ],
            [
              121.6198003399254,
              24.967588674974476
            ],
            [
              121.61979267942516,
              24.967647033339087
            ],
            [
              121.61979311468086,
              24.967790216032324
            ],
            [
              121.61978519302673,
              24.96783965530466
            ],
            [
              121.61978258149229,
              24.967902406675748
            ],
            [
              121.61976482305636,
              24.96795214080836
            ],
            [
              121.61974332141703,
              24.96803333944754
            ],
            [
              121.61972068810805,
              24.968083251224524
            ],
            [
              121.61971285350002,
              24.968137200753432
            ],
            [
              121.61970049222852,
              24.968200145582333
            ],
            [
              121.61969283172158,
              24.96825858484997
            ],
            [
              121.61967054660747,
              24.968317395220645
            ],
            [
              121.61963920815833,
              24.968398888778573
            ],
            [
              121.61960760854674,
              24.968471463270767
            ],
            [
              121.61958985008346,
              24.968521197456077
            ],
            [
              121.61956747789782,
              24.96858010927806
            ],
            [
              121.61955920802264,
              24.968620569103773
            ],
            [
              121.61956138430564,
              24.968678713499084
            ],
            [
              121.61957853341421,
              24.96874530441166
            ],
            [
              121.61959019828863,
              24.9687940934944
            ],
            [
              121.61961709713628,
              24.96885587919916
            ],
            [
              121.61967890352575,
              24.968934521477454
            ],
            [
              121.61976586767031,
              24.96903021370357
            ],
            [
              121.6198322876878,
              24.969099758978807
            ],
            [
              121.61993909935133,
              24.969199269721035
            ],
            [
              121.61997670538986,
              24.96928757759019
            ],
            [
              121.61999298392583,
              24.969327350566193
            ],
            [
              121.62001030707115,
              24.969398349836883
            ],
            [
              121.62000743438894,
              24.969452181901183
            ],
            [
              121.61999063354912,
              24.969528713015677
            ],
            [
              121.61994954547438,
              24.969610561938214
            ],
            [
              121.61991315814156,
              24.969687743468256
            ],
            [
              121.61987207003878,
              24.969769511524724
            ],
            [
              121.61984926265326,
              24.96981493367394
            ],
            [
              121.61983045961443,
              24.969837891357916
            ],
            [
              121.61980878388528,
              24.969914600234357
            ],
            [
              121.61979119955576,
              24.969968824134153
            ],
            [
              121.61975063371587,
              24.970064061409293
            ],
            [
              121.61972321259272,
              24.970118580341033
            ],
            [
              121.61965757597264,
              24.97020119714503
            ],
            [
              121.619601602008,
              24.97027894833487
            ],
            [
              121.61954919712029,
              24.9703208262806
            ],
            [
              121.61940582349156,
              24.97042370061686
            ],
            [
              121.6193537667194,
              24.97047455802904
            ],
            [
              121.61926802098074,
              24.97054427527596
            ],
            [
              121.61918671480932,
              24.970600486945
            ],
            [
              121.61910941295638,
              24.970634234064168
            ],
            [
              121.61900355808135,
              24.970691213415932
            ],
            [
              121.61893583180195,
              24.970715665522434
            ],
            [
              121.61881900822762,
              24.97074165293154
            ],
            [
              121.61874614577351,
              24.970761813436113
            ],
            [
              121.61866849541255,
              24.970786661856405
            ],
            [
              121.61860581795239,
              24.970815425931153
            ],
            [
              121.61848411911839,
              24.97084159082146
            ],
            [
              121.61841125644933,
              24.970861751209075
            ],
            [
              121.61832315958749,
              24.970868914921297
            ],
            [
              121.6182256610046,
              24.970885413436143
            ],
            [
              121.6180980421972,
              24.970884898026362
            ],
            [
              121.61800924867224,
              24.97087418335578
            ],
            [
              121.61785211878384,
              24.970870183443076
            ],
            [
              121.61774913547585,
              24.970873329526576
            ],
            [
              121.61768628340259,
              24.970897684447543
            ],
            [
              121.61759479091796,
              24.97094529204037
            ],
            [
              121.61752715085099,
              24.970974173056312
            ],
            [
              121.61745463577947,
              24.971003312607788
            ],
            [
              121.6173966585101,
              24.971027489831446
            ],
            [
              121.6173099537097,
              24.971070409427412
            ],
            [
              121.61723769965876,
              24.971108468120786
            ],
            [
              121.61715586971422,
              24.971151290962773
            ],
            [
              121.61707403971073,
              24.97119403288593
            ],
            [
              121.6170311224619,
              24.97122671715761
            ],
            [
              121.61695390619444,
              24.971260443140945
            ],
            [
              121.61688678806587,
              24.971302793458992
            ],
            [
              121.61682889755996,
              24.97133140001248
            ],
            [
              121.61673731733093,
              24.97137449714455
            ],
            [
              121.61663180845832,
              24.971440455381995
            ],
            [
              121.61654519012747,
              24.97148788518307
            ],
            [
              121.6164780717573,
              24.97153023547865
            ],
            [
              121.61630004683491,
              24.97162517123776
            ],
            [
              121.61618896610621,
              24.971673428666183
            ],
            [
              121.61610356619309,
              24.971752125376558
            ],
            [
              121.61600841616327,
              24.971831096422168
            ],
            [
              121.61593198268726,
              24.971887130109437
            ],
            [
              121.61586503806292,
              24.971933970227465
            ],
            [
              121.61577424054448,
              24.97199945601382
            ],
            [
              121.61569336714238,
              24.972069076432295
            ],
            [
              121.61560735747608,
              24.972129874283198
            ],
            [
              121.61555033686179,
              24.972180849051462
            ],
            [
              121.61549340327332,
              24.972231803319513
            ],
            [
              121.61544177997959,
              24.972296070032726
            ],
            [
              121.61537579266606,
              24.97236970795439
            ],
            [
              121.6153430601586,
              24.972410915351755
            ],
            [
              121.61532425637344,
              24.972433873286608
            ],
            [
              121.61529195912408,
              24.97248857074337
            ],
            [
              121.61524930236554,
              24.972530174386105
            ],
            [
              121.61521213003435,
              24.972585049467853
            ],
            [
              121.6151843595963,
              24.97263058965478
            ],
            [
              121.61515615387798,
              24.972662801609175
            ],
            [
              121.61507562825471,
              24.972741320997553
            ],
            [
              121.61500981483803,
              24.97281944890619
            ],
            [
              121.61494356610893,
              24.97288416767632
            ],
            [
              121.61488758982019,
              24.97296191991418
            ],
            [
              121.61484493290975,
              24.973003523636706
            ],
            [
              121.61476022842587,
              24.973100099259323
            ],
            [
              121.61473245787731,
              24.973145720452635
            ],
            [
              121.61470877890892,
              24.973168775151713
            ],
            [
              121.6146902361839,
              24.97319620250851
            ],
            [
              121.61466211739791,
              24.97323284399804
            ],
            [
              121.61461475942686,
              24.973279115231925
            ],
            [
              121.6145815043692,
              24.973306934103913
            ],
            [
              121.61454389654358,
              24.97335285014397
            ],
            [
              121.61448234852429,
              24.973412901585082
            ],
            [
              121.61441105028203,
              24.973473308244376
            ],
            [
              121.61434863163761,
              24.973510991279216
            ],
            [
              121.61429082689305,
              24.97353965828002
            ],
            [
              121.61413595530144,
              24.97359815091939
            ],
            [
              121.61406648500791,
              24.973577946243754
            ],
            [
              121.61397603427382,
              24.97352263422271
            ],
            [
              121.61391082960951,
              24.97348435266542
            ],
            [
              121.6138356135016,
              24.973441956806457
            ],
            [
              121.61377615443664,
              24.973425866047467
            ],
            [
              121.61367290626444,
              24.973420171954647
            ],
            [
              121.61356913566293,
              24.9734010080686
            ],
            [
              121.61341609126384,
              24.97337896904161
            ],
            [
              121.61333817608954,
              24.97339481581866
            ],
            [
              121.61325129407795,
              24.9734332449801
            ],
            [
              121.61318434787339,
              24.97348008504948
            ],
            [
              121.6131222767798,
              24.973526747571103
            ],
            [
              121.6130506294585,
              24.973578174197808
            ],
            [
              121.61295913323882,
              24.973625781208153
            ],
            [
              121.61282907093103,
              24.973692425207645
            ],
            [
              121.61268795228808,
              24.973723646178218
            ],
            [
              121.61255136041797,
              24.973745790554155
            ],
            [
              121.61239465826138,
              24.973755114718994
            ],
            [
              121.61221645282394,
              24.97384564035589
            ],
            [
              121.61212513004642,
              24.973897656168774
            ],
            [
              121.61206340660227,
              24.973953298510153
            ],
            [
              121.61196921081611,
              24.974059068053016
            ],
            [
              121.61191140486058,
              24.974087734539182
            ],
            [
              121.61183026753608,
              24.974148435625608
            ],
            [
              121.61178813182109,
              24.97420342834383
            ],
            [
              121.61170325094277,
              24.974295514411466
            ],
            [
              121.6116704303195,
              24.974336742670733
            ],
            [
              121.61158076119432,
              24.974433516768254
            ],
            [
              121.6114917884584,
              24.974548088910122
            ],
            [
              121.61144381976267,
              24.97457646080143
            ],
            [
              121.61134204945003,
              24.97461087188498
            ],
            [
              121.61124384841176,
              24.97460948883289
            ],
            [
              121.6111596635889,
              24.974589754617828
            ],
            [
              121.61103020862578,
              24.974540067203268
            ],
            [
              121.61095481649457,
              24.974493179221295
            ],
            [
              121.6108201378169,
              24.97443476982754
            ],
            [
              121.61074021852613,
              24.974396958101988
            ],
            [
              121.61061546422673,
              24.974342683293525
            ],
            [
              121.61049662975272,
              24.974315089826696
            ],
            [
              121.61038223513067,
              24.974273909131742
            ],
            [
              121.6102588733734,
              24.97425531094569
            ],
            [
              121.61010591157303,
              24.9742332473798
            ],
            [
              121.61007683400771,
              24.97424309036609
            ],
            [
              121.61004549291104,
              24.97432458741108
            ],
            [
              121.61000518476561,
              24.97442874810636
            ],
            [
              121.60994467899138,
              24.97451557768407
            ],
            [
              121.60988225789264,
              24.974553340800092
            ],
            [
              121.60979041088586,
              24.974591966885598
            ],
            [
              121.60954194477223,
              24.97463997475123
            ],
            [
              121.60935650895141,
              24.97466803803752
            ],
            [
              121.60928346630793,
              24.974683786664315
            ],
            [
              121.60911761841506,
              24.97471128125815
            ],
            [
              121.60897632104295,
              24.97473800939108
            ],
            [
              121.60881517391793,
              24.974760917109503
            ],
            [
              121.60868353979211,
              24.97478286050882
            ],
            [
              121.60855573614307,
              24.974777928790548
            ],
            [
              121.60846597749985,
              24.97474040944407
            ],
            [
              121.60842035814285,
              24.97470155556105
            ],
            [
              121.6083686445748,
              24.974631610395342
            ],
            [
              121.60831762746268,
              24.974579544497633
            ],
            [
              121.60825111365075,
              24.97450547941527
            ],
            [
              121.60823100279158,
              24.974492739228996
            ],
            [
              121.60811756354954,
              24.97447835483845
            ],
            [
              121.60802928458291,
              24.97448110418259
            ],
            [
              121.60793630429536,
              24.974488439996303
            ],
            [
              121.607862651317,
              24.974486287848897
            ],
            [
              121.60781346224456,
              24.974483309254314
            ],
            [
              121.60771038277416,
              24.9744820194399
            ],
            [
              121.60761226565762,
              24.974485062774384
            ],
            [
              121.60747000874727,
              24.974484989829175
            ],
            [
              121.60737180436254,
              24.974483603268478
            ],
            [
              121.60726393615066,
              24.97448692008087
            ],
            [
              121.6071754823993,
              24.974485178671152
            ],
            [
              121.60704314988685,
              24.97448932154162
            ],
            [
              121.60688626601129,
              24.974494149151507
            ],
            [
              121.6067634228255,
              24.97448901722931
            ],
            [
              121.60662125191384,
              24.974493453846964
            ],
            [
              121.60650815931032,
              24.974488047925412
            ],
            [
              121.6064444304033,
              24.97448994943335
            ],
            [
              121.60635110057338,
              24.97448838467138
            ],
            [
              121.60627744656767,
              24.974486231461754
            ],
            [
              121.6061589558035,
              24.974467532037703
            ],
            [
              121.60603062694528,
              24.974449126616992
            ],
            [
              121.60588279609998,
              24.97443134921551
            ],
            [
              121.60569021522872,
              24.97440153581082
            ],
            [
              121.60536434188099,
              24.974348982208557
            ],
            [
              121.60520275432282,
              24.9743584748024
            ],
            [
              121.60510742103826,
              24.974433035150817
            ],
            [
              121.60494243767653,
              24.974617049816217
            ],
            [
              121.60479599841817,
              24.974769267386204
            ],
            [
              121.60461203492085,
              24.974967300023142
            ],
            [
              121.60447421446251,
              24.97508787327726
            ],
            [
              121.60420579928106,
              24.975261696482576
            ],
            [
              121.60400929772307,
              24.975388645211304
            ],
            [
              121.60385040720296,
              24.975469596519464
            ],
            [
              121.60372477470575,
              24.97552264854482
            ],
            [
              121.60356954045818,
              24.975572233729917
            ],
            [
              121.6034042066098,
              24.975613111875575
            ],
            [
              121.60331714287523,
              24.975647128132298
            ],
            [
              121.60315328874601,
              24.97572827685225
            ],
            [
              121.60296679773346,
              24.975859340610988
            ],
            [
              121.6028311518842,
              24.97590827698307
            ],
            [
              121.60270386404022,
              24.975916648397746
            ],
            [
              121.60260112819356,
              24.975924335457137
            ],
            [
              121.60236561897439,
              24.975927201340404
            ],
            [
              121.60210129085576,
              24.97594429742913
            ],
            [
              121.60185916367031,
              24.976032306487546
            ],
            [
              121.60175311859179,
              24.976084790208596
            ],
            [
              121.60162278226377,
              24.976142508664804
            ],
            [
              121.60147329144844,
              24.97621428573743
            ],
            [
              121.60122741911506,
              24.976333762173105
            ],
            [
              121.60109690805358,
              24.976386990156833
            ],
            [
              121.60095255341615,
              24.976463059701324
            ],
            [
              121.60084650749218,
              24.976515543211498
            ],
            [
              121.60066358239423,
              24.976610647961106
            ],
            [
              121.60057677775886,
              24.976653583574482
            ],
            [
              121.60049493581525,
              24.976696402453495
            ],
            [
              121.60024618818474,
              24.976869636218794
            ],
            [
              121.60018027911339,
              24.976943254547297
            ],
            [
              121.60015720657609,
              24.97698421003851
            ],
            [
              121.60013422110032,
              24.977025225949777
            ],
            [
              121.60009373530781,
              24.97712490063113
            ],
            [
              121.60006752836779,
              24.977210693787754
            ],
            [
              121.60004602300054,
              24.97729190041177
            ],
            [
              121.60000536304405,
              24.977387084824777
            ],
            [
              121.59991298565845,
              24.977542026714623
            ],
            [
              121.59983810855191,
              24.97763830984598
            ],
            [
              121.59975792034017,
              24.977725809994784
            ],
            [
              121.59968800592479,
              24.97782634597721
            ],
            [
              121.59960938480613,
              24.977954016448326
            ],
            [
              121.5995594085629,
              24.97806296595162
            ],
            [
              121.59949881016188,
              24.978149818100214
            ],
            [
              121.5994578888096,
              24.978236082530668
            ],
            [
              121.59943586092663,
              24.978303899302574
            ],
            [
              121.59940965383502,
              24.978389692740574
            ],
            [
              121.59934713988444,
              24.978557184624208
            ],
            [
              121.59932241290845,
              24.97868316887858
            ],
            [
              121.59935419229564,
              24.97874478829287
            ],
            [
              121.5993901508792,
              24.97878843100386
            ],
            [
              121.5994362962603,
              24.978840679504568
            ],
            [
              121.5994927154933,
              24.978906044589586
            ],
            [
              121.59957821495668,
              24.97896156762791
            ],
            [
              121.59973467358414,
              24.979077493825837
            ],
            [
              121.59986091995471,
              24.97917205163162
            ],
            [
              121.59997175544589,
              24.97924911906868
            ],
            [
              121.60009234224805,
              24.97932591275441
            ],
            [
              121.60028919883949,
              24.97947189148053
            ],
            [
              121.60038619041822,
              24.97957179976824
            ],
            [
              121.6004695125612,
              24.979698958990998
            ],
            [
              121.60054430218617,
              24.979862112047797
            ],
            [
              121.60057703895643,
              24.979950611391573
            ],
            [
              121.6006270147525,
              24.980105609365584
            ],
            [
              121.6006502613261,
              24.980203302276067
            ],
            [
              121.6006544404849,
              24.980315033692882
            ],
            [
              121.60064077115243,
              24.980476524084523
            ],
            [
              121.6006391169019,
              24.980561551507506
            ],
            [
              121.60062292265852,
              24.980655990978665
            ],
            [
              121.60061517379933,
              24.980709925613862
            ],
            [
              121.60060716374205,
              24.980759390484547
            ],
            [
              121.6005851360817,
              24.98082720695699
            ],
            [
              121.60055892925489,
              24.98091299996818
            ],
            [
              121.60054160314348,
              24.98097614890186
            ],
            [
              121.60049824432049,
              24.981129581148103
            ],
            [
              121.60049380395817,
              24.981272876672293
            ],
            [
              121.60049423928783,
              24.981415994861237
            ],
            [
              121.60048997305721,
              24.981563780577208
            ],
            [
              121.60047595544118,
              24.98171637123788
            ],
            [
              121.60042702437053,
              24.981852019794083
            ],
            [
              121.6004008175073,
              24.981937893798744
            ],
            [
              121.60038009579723,
              24.982041410223886
            ],
            [
              121.6003223710135,
              24.98220421375853
            ],
            [
              121.6002978183817,
              24.982334687284123
            ],
            [
              121.60029607706008,
              24.982419735114703
            ],
            [
              121.60031531866237,
              24.982539975178742
            ],
            [
              121.60033334133665,
              24.982628864282763
            ],
            [
              121.60033595331818,
              24.982700344844716
            ],
            [
              121.60034370219643,
              24.982776198715747
            ],
            [
              121.60036712296001,
              24.982878381137123
            ],
            [
              121.6003860162862,
              24.982989640439317
            ],
            [
              121.60038871533254,
              24.983061100404957
            ],
            [
              121.60039541941515,
              24.983110093574314
            ],
            [
              121.60037835447687,
              24.983177712294594
            ],
            [
              121.60038053112731,
              24.983235782397294
            ],
            [
              121.60037217278942,
              24.983276347639897
            ],
            [
              121.60034509525312,
              24.98333985135019
            ],
            [
              121.60031000763219,
              24.983452738993886
            ],
            [
              121.60026116355624,
              24.983588448187913
            ],
            [
              121.60022947148862,
              24.98366104940792
            ],
            [
              121.6002275560337,
              24.983741606810504
            ],
            [
              121.6002010008599,
              24.983818500420817
            ],
            [
              121.60018437122328,
              24.98389952953903
            ],
            [
              121.60016660972394,
              24.98394926823608
            ],
            [
              121.60015929616456,
              24.984016613178138
            ],
            [
              121.60010139713633,
              24.98417492678423
            ],
            [
              121.60005821227803,
              24.98433284960654
            ],
            [
              121.60003670690902,
              24.98441405615449
            ],
            [
              121.60003000280528,
              24.984499301699685
            ],
            [
              121.60000849743093,
              24.984580508257288
            ],
            [
              121.59999056177148,
              24.984625756760767
            ],
            [
              121.5999708847826,
              24.984756133827457
            ],
            [
              121.59995190432112,
              24.98490431005179
            ],
            [
              121.5999410210275,
              24.98500753214387
            ],
            [
              121.59992404308743,
              24.985079661746166
            ],
            [
              121.59992169229555,
              24.98514680877691
            ],
            [
              121.59991925443722,
              24.98521397630756
            ],
            [
              121.59990401782153,
              24.98533076561337
            ],
            [
              121.59989949036962,
              24.985474081125158
            ],
            [
              121.59989235092587,
              24.98554591629222
            ],
            [
              121.59988486321609,
              24.98560877097155
            ],
            [
              121.59987319631844,
              24.985689602212798
            ],
            [
              121.59987537297854,
              24.985747672195373
            ],
            [
              121.59986126822035,
              24.985895751819204
            ],
            [
              121.59983897921624,
              24.986088806046837
            ],
            [
              121.59984550919835,
              24.986263096763317
            ],
            [
              121.59985526063763,
              24.98639252983829
            ],
            [
              121.59987310925206,
              24.98647700876708
            ],
            [
              121.5999249137511,
              24.986551466699773
            ],
            [
              121.59996766332836,
              24.98664407855377
            ],
            [
              121.60004523940408,
              24.986748958583362
            ],
            [
              121.6000764961918,
              24.986797265685407
            ],
            [
              121.60013404696792,
              24.986893915942183
            ],
            [
              121.60019525449358,
              24.98695458765975
            ],
            [
              121.60024592698637,
              24.986997754829147
            ],
            [
              121.60030251994989,
              24.987067604802736
            ],
            [
              121.60036895134655,
              24.987137079169813
            ],
            [
              121.60044495996117,
              24.98720187003105
            ],
            [
              121.60051591870214,
              24.987262267153735
            ],
            [
              121.60060063380364,
              24.987295473057912
            ],
            [
              121.60069510020935,
              24.987328323812584
            ],
            [
              121.60075961593068,
              24.987348729118306
            ],
            [
              121.60084824880539,
              24.987354876457054
            ],
            [
              121.60109081347063,
              24.987410047360736
            ],
            [
              121.60114575177055,
              24.987435135775293
            ],
            [
              121.60121540409367,
              24.9874598328184
            ],
            [
              121.6012948076899,
              24.98748425560248
            ],
            [
              121.60140529352273,
              24.98755241322313
            ],
            [
              121.60150045578126,
              24.987603142653768
            ],
            [
              121.60156592876194,
              24.98764581570514
            ],
            [
              121.6016268743218,
              24.987702096829075
            ],
            [
              121.60167197401503,
              24.98772756041116
            ],
            [
              121.60171254631067,
              24.98776202001911
            ],
            [
              121.60175381511154,
              24.98781444020323
            ],
            [
              121.60179464857276,
              24.98785790054137
            ],
            [
              121.60182120337446,
              24.98791079298833
            ],
            [
              121.60185785769703,
              24.9879723105138
            ],
            [
              121.60190731054114,
              24.988113911349703
            ],
            [
              121.6019364772613,
              24.988238282385925
            ],
            [
              121.60197940021195,
              24.988335300461124
            ],
            [
              121.60200708681252,
              24.988419482296294
            ],
            [
              121.60204852963597,
              24.98861054670811
            ],
            [
              121.60201509677117,
              24.98863395811443
            ],
            [
              121.60187753435943,
              24.98876346086581
            ],
            [
              121.60183522082461,
              24.988814047557373
            ],
            [
              121.60179299433904,
              24.98886453283527
            ],
            [
              121.60175625293053,
              24.988932740663763
            ],
            [
              121.60175877781441,
              24.988999789633173
            ],
            [
              121.60177680025994,
              24.989088675487377
            ],
            [
              121.60177601667544,
              24.989200601713552
            ],
            [
              121.6017808923124,
              24.989330128484536
            ],
            [
              121.60177810623416,
              24.989388395257834
            ],
            [
              121.60179099184549,
              24.989468538749765
            ],
            [
              121.60180953667545,
              24.989570813911875
            ],
            [
              121.60184749697522,
              24.989668110508656
            ],
            [
              121.6019075717357,
              24.98983172463207
            ],
            [
              121.60192646480596,
              24.989942979807772
            ],
            [
              121.60192864142677,
              24.990001048279847
            ],
            [
              121.60193604193715,
              24.99006791931806
            ],
            [
              121.60194831807688,
              24.990134693578486
            ],
            [
              121.60195084295653,
              24.990201661342805
            ],
            [
              121.60196381561306,
              24.99028631512862
            ],
            [
              121.60195223599355,
              24.990371655580255
            ],
            [
              121.60191932548946,
              24.99040845676989
            ],
            [
              121.60186665125013,
              24.99044586840098
            ],
            [
              121.60178925054674,
              24.990475107274627
            ],
            [
              121.60166796902368,
              24.99051468386049
            ],
            [
              121.60156636408749,
              24.99055358958431
            ],
            [
              121.60147442329577,
              24.990587791113757
            ],
            [
              121.60133372587967,
              24.99063242703081
            ],
            [
              121.60116307778992,
              24.99066453759206
            ],
            [
              121.60110935841477,
              24.99067063894892
            ],
            [
              121.6010121062562,
              24.990696058161795
            ],
            [
              121.60090545092847,
              24.99073065110411
            ],
            [
              121.60068682896036,
              24.99079113559458
            ],
            [
              121.60052715020433,
              24.99085424047232
            ],
            [
              121.60037765794874,
              24.99092594981782
            ],
            [
              121.60021789169247,
              24.990984624773446
            ],
            [
              121.6001309996507,
              24.991023057436994
            ],
            [
              121.60001023875692,
              24.99107602279074
            ],
            [
              121.59985047198452,
              24.991134616628877
            ],
            [
              121.5997586168721,
              24.991173328241757
            ],
            [
              121.59971107855728,
              24.991215031756834
            ],
            [
              121.59966832888358,
              24.991252127874287
            ],
            [
              121.59960659867467,
              24.991307693505167
            ],
            [
              121.59942497758367,
              24.991438594430424
            ],
            [
              121.59937282458972,
              24.991489476495524
            ],
            [
              121.59914706018498,
              24.991621713829524
            ],
            [
              121.59905215715831,
              24.991709611168343
            ],
            [
              121.59905363729789,
              24.991749881696546
            ],
            [
              121.59907662299202,
              24.991838570757004
            ],
            [
              121.59911919875415,
              24.99192677152457
            ],
            [
              121.59915898835796,
              24.992073158853056
            ],
            [
              121.599186849779,
              24.99216175099175
            ],
            [
              121.59922942549987,
              24.99224987056919
            ],
            [
              121.59925737397054,
              24.992342973277353
            ],
            [
              121.59930656674494,
              24.992475655104304
            ],
            [
              121.59933947800513,
              24.99256855948679
            ],
            [
              121.5993779615301,
              24.992679246875458
            ],
            [
              121.59939006381241,
              24.992741531891692
            ],
            [
              121.59939650675355,
              24.992781523128933
            ],
            [
              121.59937717792906,
              24.992920799061956
            ],
            [
              121.59935558536444,
              24.993002026299088
            ],
            [
              121.59929011111126,
              24.993089060108794
            ],
            [
              121.59926677719278,
              24.993121097091823
            ],
            [
              121.59919964861702,
              24.993163451330194
            ],
            [
              121.59916142623256,
              24.993191470734576
            ],
            [
              121.59908942184246,
              24.99323392172197
            ],
            [
              121.59902716891703,
              24.99327617920727
            ],
            [
              121.59891641957252,
              24.99333325993184
            ],
            [
              121.59882491197456,
              24.993380871841463
            ],
            [
              121.59872356570025,
              24.99342869773103
            ],
            [
              121.59860349985118,
              24.993499543900633
            ],
            [
              121.59850319818904,
              24.99357423005955
            ],
            [
              121.5984421638878,
              24.99364767622826
            ],
            [
              121.5984154341621,
              24.993720080570494
            ],
            [
              121.59837982354061,
              24.993819579749854
            ],
            [
              121.59835866612453,
              24.99390976728539
            ],
            [
              121.59833794404236,
              24.994013284126712
            ],
            [
              121.5983251451074,
              24.994062906223693
            ],
            [
              121.59828901205191,
              24.994149015757024
            ],
            [
              121.59822963192137,
              24.994267141931992
            ],
            [
              121.59817869732719,
              24.994349213390485
            ],
            [
              121.59815623385792,
              24.994403620663146
            ],
            [
              121.59814352197021,
              24.994457672606543
            ],
            [
              121.5981302876747,
              24.994498334844952
            ],
            [
              121.5981375142968,
              24.994560797840517
            ],
            [
              121.59815962949891,
              24.994627197489883
            ],
            [
              121.59818174469673,
              24.99469359710387
            ],
            [
              121.59823085086865,
              24.99482629945516
            ],
            [
              121.59827342694736,
              24.99491441868273
            ],
            [
              121.59828552934718,
              24.994976703832904
            ],
            [
              121.59830189805857,
              24.995020910885888
            ],
            [
              121.59832366495837,
              24.99507841080797
            ],
            [
              121.59832923728403,
              24.995096112972202
            ],
            [
              121.59834569305671,
              24.99514038038143
            ],
            [
              121.59837877873002,
              24.995237774725084
            ],
            [
              121.59843258646238,
              24.995365808545895
            ],
            [
              121.59846062219633,
              24.995458890231987
            ],
            [
              121.59848700364155,
              24.995507292245076
            ],
            [
              121.5985186961947,
              24.995568926650567
            ],
            [
              121.59854507762644,
              24.99561732859651
            ],
            [
              121.59857677016342,
              24.995678962919023
            ],
            [
              121.59861821423686,
              24.995735872353812
            ],
            [
              121.59869509469455,
              24.99582294826577
            ],
            [
              121.59875116602616,
              24.995879405226407
            ],
            [
              121.59883248682132,
              24.995952893001736
            ],
            [
              121.59888803568226,
              24.99599596018628
            ],
            [
              121.59893879582454,
              24.996039103635493
            ],
            [
              121.59898894647463,
              24.9960688779705
            ],
            [
              121.5990594707889,
              24.99611586080417
            ],
            [
              121.59909917334656,
              24.99612802993908
            ],
            [
              121.59923856752373,
              24.996181928033405
            ],
            [
              121.59937299872331,
              24.996231412048694
            ],
            [
              121.59944282626556,
              24.99626059566345
            ],
            [
              121.5995229276328,
              24.996302813125215
            ],
            [
              121.5995592344296,
              24.996355348804858
            ],
            [
              121.5996004169453,
              24.99640778755312
            ],
            [
              121.59961870093267,
              24.996501142416516
            ],
            [
              121.59963149972207,
              24.996581306069576
            ],
            [
              121.59963611425123,
              24.996706444002502
            ],
            [
              121.59963794264952,
              24.9967555323042
            ],
            [
              121.59964525624243,
              24.996817973573677
            ],
            [
              121.59965161210252,
              24.996858065609725
            ],
            [
              121.59966441088824,
              24.996938148231774
            ],
            [
              121.5996719856791,
              24.99700950930773
            ],
            [
              121.59969410058288,
              24.99707590715743
            ],
            [
              121.5997208300081,
              24.997133207292897
            ],
            [
              121.59974425089993,
              24.997235384735966
            ],
            [
              121.59974590516347,
              24.997280063726617
            ],
            [
              121.59973859157706,
              24.997347407680852
            ],
            [
              121.59973049439155,
              24.997392361428474
            ],
            [
              121.59972231013893,
              24.997437416604313
            ],
            [
              121.59970010817413,
              24.99750074356437
            ],
            [
              121.59969775737757,
              24.997567889159843
            ],
            [
              121.59969923750873,
              24.99760807801164
            ],
            [
              121.59973554424926,
              24.997660693983594
            ],
            [
              121.59977698790051,
              24.99771752074426
            ],
            [
              121.59982391672268,
              24.997792150558233
            ],
            [
              121.59986509914252,
              24.997844588509814
            ],
            [
              121.59992648094565,
              24.997909744241266
            ],
            [
              121.5999925642967,
              24.997970312807162
            ],
            [
              121.60005829934428,
              24.99802198197538
            ],
            [
              121.60013840027808,
              24.998064197605505
            ],
            [
              121.6002089238796,
              24.998111258992683
            ],
            [
              121.60029390040803,
              24.99815337742985
            ],
            [
              121.60035049334769,
              24.99822314012599
            ],
            [
              121.6003912402468,
              24.998262167634135
            ],
            [
              121.60047316933098,
              24.998353551469506
            ],
            [
              121.60051687642718,
              24.99847303679458
            ],
            [
              121.60052819499518,
              24.99851292987585
            ],
            [
              121.60051113007682,
              24.998580548300342
            ],
            [
              121.60051017235176,
              24.99868798329987
            ],
            [
              121.60052418996354,
              24.998799333553993
            ],
            [
              121.60054142901171,
              24.99886590820008
            ],
            [
              121.60053472493775,
              24.998951151576904
            ],
            [
              121.60052941391781,
              24.99907207280891
            ],
            [
              121.60054064541868,
              24.99924177009491
            ],
            [
              121.60054665296516,
              24.99940258418337
            ],
            [
              121.60053420254235,
              24.99959533878809
            ],
            [
              121.60053568266262,
              24.99976531084124
            ],
            [
              121.60052967511552,
              24.99999805522921
            ],
            [
              121.60052715020433,
              25.000195024697284
            ],
            [
              121.60052593128167,
              25.000293458688798
            ],
            [
              121.60051809534995,
              25.00034741276722
            ],
            [
              121.60053681451929,
              25.000454175320332
            ],
            [
              121.60055457596081,
              25.000534138776516
            ],
            [
              121.60054465044972,
              25.00066415735851
            ],
            [
              121.60054647883341,
              25.000713325763364
            ],
            [
              121.60052140385451,
              25.000830408138395
            ],
            [
              121.60049571940861,
              25.000929671606603
            ],
            [
              121.60049310743072,
              25.000992346857647
            ],
            [
              121.60045723626185,
              25.001082925836048
            ],
            [
              121.60039794432925,
              25.001205563148865
            ],
            [
              121.60031827890859,
              25.001306462239206
            ],
            [
              121.60024287967215,
              25.00138928352243
            ],
            [
              121.6001733138196,
              25.001498806800683
            ],
            [
              121.60010322552715,
              25.001594940848697
            ],
            [
              121.60008093657044,
              25.001653757251947
            ],
            [
              121.60003470438457,
              25.001731242768066
            ],
            [
              121.60000858449723,
              25.00182154685533
            ],
            [
              121.59999151950092,
              25.001889165405494
            ],
            [
              121.59994293648725,
              25.00203387681263
            ],
            [
              121.59990750047675,
              25.002137865856323
            ],
            [
              121.5998343646953,
              25.00228326572486
            ],
            [
              121.59976976138257,
              25.002392590797175
            ],
            [
              121.59970951135975,
              25.002488429516045
            ],
            [
              121.5995783890899,
              25.002658012754953
            ],
            [
              121.59949393442704,
              25.002763520120457
            ],
            [
              121.59944639600162,
              25.002805307574164
            ],
            [
              121.59937978993254,
              25.002861055116437
            ],
            [
              121.59931823370071,
              25.002921114723303
            ],
            [
              121.59926103077929,
              25.002967607006134
            ],
            [
              121.59916969759247,
              25.003019633795656
            ],
            [
              121.59904519179544,
              25.003103994247727
            ],
            [
              121.59896857277569,
              25.003155628290436
            ],
            [
              121.59889604586057,
              25.003184694281515
            ],
            [
              121.59880993641394,
              25.003245523207486
            ],
            [
              121.59875282030416,
              25.003291994994914
            ],
            [
              121.59865774281391,
              25.00337548910527
            ],
            [
              121.59853915704161,
              25.00348653123452
            ],
            [
              121.59843920359276,
              25.003570122492075
            ],
            [
              121.59835326793542,
              25.00363544157123
            ],
            [
              121.5982823949128,
              25.003709186335456
            ],
            [
              121.59821622350051,
              25.003778343925198
            ],
            [
              121.59816459235866,
              25.003842618724292
            ],
            [
              121.59809354508296,
              25.003911873441638
            ],
            [
              121.59798035692955,
              25.00403620811113
            ],
            [
              121.59788144780481,
              25.004146578374158
            ],
            [
              121.59780952967246,
              25.00419354442978
            ],
            [
              121.59772359353944,
              25.004258863642473
            ],
            [
              121.59763260739062,
              25.00431987074409
            ],
            [
              121.59751254039008,
              25.004390643452844
            ],
            [
              121.59744001254663,
              25.004419790318778
            ],
            [
              121.59729974548172,
              25.004477764697903
            ],
            [
              121.59718394448461,
              25.0045305401358
            ],
            [
              121.59707685022451,
              25.004556261497076
            ],
            [
              121.5969196043233,
              25.0045522108116
            ],
            [
              121.59674703409743,
              25.004530733218974
            ],
            [
              121.59657864291836,
              25.00449119764395
            ],
            [
              121.59641416959744,
              25.004424684114433
            ],
            [
              121.59632387895441,
              25.004373784176067
            ],
            [
              121.59626815470307,
              25.004326309863696
            ],
            [
              121.59622792874221,
              25.004300752505323
            ],
            [
              121.59619327519736,
              25.004292816027796
            ],
            [
              121.59617856049803,
              25.00429328944195
            ],
            [
              121.5961295405095,
              25.004294806694347
            ],
            [
              121.5960464763955,
              25.00430636860709
            ],
            [
              121.59598457008241,
              25.004357447994508
            ],
            [
              121.59592858445664,
              25.00443520960655
            ],
            [
              121.5959017670709,
              25.004507635696303
            ],
            [
              121.59589584634855,
              25.00461074025928
            ],
            [
              121.59588296006936,
              25.00466038338278
            ],
            [
              121.5958666780794,
              25.00475031288964
            ],
            [
              121.59585614267289,
              25.004862515330455
            ],
            [
              121.59591064815389,
              25.005272368657653
            ],
            [
              121.59591726543096,
              25.005316930548602
            ],
            [
              121.59592484047133,
              25.005388211205833
            ],
            [
              121.59592240252736,
              25.005455459045184
            ],
            [
              121.59594939404701,
              25.005651384461288
            ],
            [
              121.59595218026806,
              25.005727353687934
            ],
            [
              121.59595601132185,
              25.005830182951186
            ],
            [
              121.59597821401744,
              25.0060307967457
            ],
            [
              121.59596602430274,
              25.006098238636937
            ],
            [
              121.59596593723336,
              25.006228045421484
            ],
            [
              121.59596524067818,
              25.00633987103337
            ],
            [
              121.59594033882826,
              25.00646144615911
            ],
            [
              121.59592388270764,
              25.006546885355306
            ],
            [
              121.59589288598723,
              25.006637369253006
            ],
            [
              121.59585091850401,
              25.006696778102548
            ],
            [
              121.59578030513111,
              25.00677952461355
            ],
            [
              121.59569628299654,
              25.006893993546264
            ],
            [
              121.59565997496685,
              25.006975614844
            ],
            [
              121.59564290931823,
              25.00704323482243
            ],
            [
              121.59563254803028,
              25.007159846304624
            ],
            [
              121.59564038429856,
              25.00724020849431
            ],
            [
              121.59565335767483,
              25.00732478136084
            ],
            [
              121.59564708866097,
              25.007418905298717
            ],
            [
              121.59567390610673,
              25.007610420734235
            ],
            [
              121.59569471574372,
              25.0077753555052
            ],
            [
              121.59569811145816,
              25.007864693506793
            ],
            [
              121.59572048834322,
              25.00794001068371
            ],
            [
              121.59573415826696,
              25.008042462963196
            ],
            [
              121.59576071448352,
              25.00809535298907
            ],
            [
              121.59576776711707,
              25.0081533245646
            ],
            [
              121.59579693541156,
              25.008277693248324
            ],
            [
              121.5958173096785,
              25.00842913657898
            ],
            [
              121.59583872877569,
              25.0084776539742
            ],
            [
              121.59584195034688,
              25.00856258250393
            ],
            [
              121.59585997372993,
              25.008651466911388
            ],
            [
              121.59585875475723,
              25.008749902563483
            ],
            [
              121.59586223753628,
              25.008843750892648
            ],
            [
              121.5958569262982,
              25.008964754852112
            ],
            [
              121.5958573616456,
              25.009107869512682
            ],
            [
              121.59586981258032,
              25.00917905223474
            ],
            [
              121.5958833083472,
              25.009277094775534
            ],
            [
              121.5959006351681,
              25.009348099334094
            ],
            [
              121.59592823617893,
              25.009427767763615
            ],
            [
              121.5959453888542,
              25.00949436304161
            ],
            [
              121.59598439594366,
              25.009618435028703
            ],
            [
              121.59601278055837,
              25.009720412564434
            ],
            [
              121.59604482207814,
              25.00979102383646
            ],
            [
              121.59607738600474,
              25.009875024480763
            ],
            [
              121.59610899215991,
              25.009932144787943
            ],
            [
              121.596153397487,
              25.010069508509364
            ],
            [
              121.59616976650518,
              25.01011371332866
            ],
            [
              121.59623985722125,
              25.01028151538081
            ],
            [
              121.59629862890641,
              25.010409424413744
            ],
            [
              121.59634233760666,
              25.01052890809866
            ],
            [
              121.59638778767155,
              25.010692968941616
            ],
            [
              121.59640781355645,
              25.01083551109317
            ],
            [
              121.59641686873805,
              25.010947059815848
            ],
            [
              121.59641974201666,
              25.011023007284255
            ],
            [
              121.59642061270715,
              25.01117961149531
            ],
            [
              121.59641025149004,
              25.01129622167061
            ],
            [
              121.5963946661281,
              25.0114040298639
            ],
            [
              121.59641373425222,
              25.011519772492004
            ],
            [
              121.59643358599449,
              25.011657824157346
            ],
            [
              121.59645195755988,
              25.0117556872426
            ],
            [
              121.59649766878799,
              25.011928747740924
            ],
            [
              121.59654651447995,
              25.01205252161785
            ],
            [
              121.59661103255438,
              25.012202620145477
            ],
            [
              121.59671473156895,
              25.01235149416795
            ],
            [
              121.59681782100783,
              25.01248246797508
            ],
            [
              121.59688338375268,
              25.012529722419366
            ],
            [
              121.59695408350962,
              25.012581187128536
            ],
            [
              121.59703993315537,
              25.01264558707022
            ],
            [
              121.59718542464849,
              25.012730559814077
            ],
            [
              121.59725577594405,
              25.012773124922656
            ],
            [
              121.59732220912011,
              25.012842667151926
            ],
            [
              121.59740396627829,
              25.012929634510574
            ],
            [
              121.59747710362241,
              25.013048166291323
            ],
            [
              121.59751550070924,
              25.013154253746702
            ],
            [
              121.59755955721467,
              25.013282633434926
            ],
            [
              121.59757313984926,
              25.01338510291562
            ],
            [
              121.59755807705567,
              25.013506380170703
            ],
            [
              121.59752986696287,
              25.01367283053702
            ],
            [
              121.59748076048837,
              25.013804074068794
            ],
            [
              121.59741258603914,
              25.01394927882631
            ],
            [
              121.59734519516414,
              25.0141169542818
            ],
            [
              121.5972629155533,
              25.014280533498418
            ],
            [
              121.59724593721347,
              25.01435266333713
            ],
            [
              121.59725203200243,
              25.014383753335643
            ],
            [
              121.59725830092786,
              25.01441933335156
            ],
            [
              121.5973133281473,
              25.014578705147557
            ],
            [
              121.59740596884906,
              25.014692153082308
            ],
            [
              121.59751732914161,
              25.01478257853744
            ],
            [
              121.59762633848582,
              25.014810527678506
            ],
            [
              121.59775911729834,
              25.014815396841797
            ],
            [
              121.5978916347521,
              25.014815796366122
            ],
            [
              121.59806350669938,
              25.014814929243894
            ],
            [
              121.59825401086435,
              25.014791141078096
            ],
            [
              121.59847472712819,
              25.01478426145947
            ],
            [
              121.59867088998078,
              25.01477815273946
            ],
            [
              121.59888629433905,
              25.014762572280848
            ],
            [
              121.59910274309338,
              25.01477376936588
            ],
            [
              121.59928514830062,
              25.014794932925735
            ],
            [
              121.59949724296142,
              25.014819696520405
            ],
            [
              121.59973920104261,
              25.014856919040135
            ],
            [
              121.59992796107385,
              25.014918170905496
            ],
            [
              121.60001528860221,
              25.014888603329883
            ],
            [
              121.60016086335591,
              25.014843848092795
            ],
            [
              121.60031610225697,
              25.014794306260562
            ],
            [
              121.60043329312096,
              25.014777278626234
            ],
            [
              121.60060516122765,
              25.014776407685517
            ],
            [
              121.60075386959262,
              25.014816515630027
            ],
            [
              121.6008592190778,
              25.014875906875073
            ],
            [
              121.60110012947584,
              25.015016046504602
            ],
            [
              121.6012656408052,
              25.01510931392773
            ],
            [
              121.60138465906093,
              25.015141370637735
            ],
            [
              121.60147781883771,
              25.015138502399843
            ],
            [
              121.6015464261759,
              25.01513640607388
            ],
            [
              121.6017167254304,
              25.01509528606192
            ],
            [
              121.6018862408461,
              25.015031938818726
            ],
            [
              121.60210982319593,
              25.014971298236965
            ],
            [
              121.60229675093679,
              25.014983378824194
            ],
            [
              121.60247453660733,
              25.015009184304272
            ],
            [
              121.60261479729036,
              25.01508534256521
            ],
            [
              121.60270046853489,
              25.015145324638386
            ],
            [
              121.60277516962837,
              25.015304093147456
            ],
            [
              121.6028187017115,
              25.015418995036047
            ],
            [
              121.6028964499705,
              25.015528418703376
            ],
            [
              121.60295304161492,
              25.015728026743222
            ],
            [
              121.60298899906051,
              25.015901349835875
            ],
            [
              121.60301337698326,
              25.016030314348143
            ],
            [
              121.60299404877352,
              25.0161695836367
            ],
            [
              121.60297019323082,
              25.016318011178853
            ],
            [
              121.60297977027413,
              25.016442940785105
            ],
            [
              121.60299117566097,
              25.016617035939564
            ],
            [
              121.60305246871278,
              25.016811974404934
            ],
            [
              121.60313692073288,
              25.016970383417835
            ],
            [
              121.60322006673259,
              25.017093096022915
            ],
            [
              121.60332985418465,
              25.01727312022699
            ],
            [
              121.60341500250823,
              25.017449406457697
            ],
            [
              121.60346645713912,
              25.017644640418904
            ],
            [
              121.60351695404697,
              25.017813076805194
            ],
            [
              121.60351495158382,
              25.01788919757716
            ],
            [
              121.60353349613261,
              25.017991461090748
            ],
            [
              121.60356658029663,
              25.018088920761162
            ],
            [
              121.60360454000981,
              25.01818612070132
            ],
            [
              121.60369038463553,
              25.018380283564046
            ],
            [
              121.60376491095177,
              25.018534557618196
            ],
            [
              121.60383804420523,
              25.01865307523569
            ],
            [
              121.60390665011931,
              25.018780670007242
            ],
            [
              121.604005641067,
              25.018934190661895
            ],
            [
              121.60406763007744,
              25.019017309114847
            ],
            [
              121.60411951972874,
              25.019091724668506
            ],
            [
              121.60415434498478,
              25.019104063019615
            ],
            [
              121.60432124487627,
              25.019103380260404
            ],
            [
              121.60454734725968,
              25.019109772402967
            ],
            [
              121.604734532181,
              25.019126312070924
            ],
            [
              121.60490682909895,
              25.019138837802707
            ],
            [
              121.60507964813027,
              25.019164832335775
            ],
            [
              121.60527371009458,
              25.01923484623854
            ],
            [
              121.60549589278916,
              25.01926821188234
            ],
            [
              121.60578136905428,
              25.0192861653588
            ],
            [
              121.60603193287064,
              25.019291801038
            ],
            [
              121.60626342966523,
              25.01931147941525
            ],
            [
              121.6064802126219,
              25.019331552689895
            ],
            [
              121.60689854161647,
              25.019358867104874
            ],
            [
              121.6072183163111,
              25.019375765718845
            ],
            [
              121.60753809010603,
              25.01939266334295
            ],
            [
              121.60777916047172,
              25.019407571597288
            ],
            [
              121.60798584155542,
              25.019419020323966
            ],
            [
              121.60815325818126,
              25.019431719373074
            ],
            [
              121.60820262122668,
              25.019439089845402
            ],
            [
              121.6083400018645,
              25.01969875396838
            ],
            [
              121.6083659457179,
              25.019738265184376
            ],
            [
              121.60843428771948,
              25.01985693329316
            ],
            [
              121.60849305310194,
              25.0199848176409
            ],
            [
              121.60854790076483,
              25.020139676966892
            ],
            [
              121.60862851807528,
              25.020325107714008
            ],
            [
              121.60866046898053,
              25.020391194597295
            ],
            [
              121.60872854962608,
              25.02050539274899
            ],
            [
              121.60879497609898,
              25.020574917351677
            ],
            [
              121.6088661037471,
              25.02063977323113
            ],
            [
              121.60896213035443,
              25.02071283352408
            ],
            [
              121.60909437357294,
              25.020833984034272
            ],
            [
              121.60913520439733,
              25.020877507231187
            ],
            [
              121.6092010212177,
              25.020929133369638
            ],
            [
              121.60925090616328,
              25.020949890454744
            ],
            [
              121.60929974637673,
              25.020943953015287
            ],
            [
              121.60935267834911,
              25.02091544918643
            ],
            [
              121.60941422914779,
              25.02085538264978
            ],
            [
              121.60944234923284,
              25.02081873481939
            ],
            [
              121.60954490477819,
              25.020672380980752
            ],
            [
              121.60960932841805,
              25.02055856418626
            ],
            [
              121.60967270731462,
              25.020413441494846
            ],
            [
              121.60971806499224,
              25.02031358750724
            ],
            [
              121.60978771206275,
              25.020208570814724
            ],
            [
              121.60992169549458,
              25.020114915657228
            ],
            [
              121.6100750928359,
              25.020016195934527
            ],
            [
              121.61019906420218,
              25.01991842997677
            ],
            [
              121.6103445388563,
              25.01986914995061
            ],
            [
              121.61042236902564,
              25.019848850504246
            ],
            [
              121.6105697586745,
              25.019853161807216
            ],
            [
              121.61071314345952,
              25.019880018585972
            ],
            [
              121.6108749843565,
              25.019875014790653
            ],
            [
              121.61103786971715,
              25.0198967858734
            ],
            [
              121.61114590846195,
              25.019897919075202
            ],
            [
              121.61126308816088,
              25.019880877280986
            ],
            [
              121.61137487016816,
              25.019850546107513
            ],
            [
              121.61150476002602,
              25.019779375651773
            ],
            [
              121.61170150979589,
              25.019656918050707
            ],
            [
              121.61187484083739,
              25.01956660124564
            ],
            [
              121.6120836908972,
              25.019506415453712
            ],
            [
              121.61215203066246,
              25.019495311190497
            ],
            [
              121.61224648746783,
              25.01952820558788
            ],
            [
              121.61230194271695,
              25.01956674004886
            ],
            [
              121.61241607423553,
              25.019598957397694
            ],
            [
              121.61257399515603,
              25.019620926054685
            ],
            [
              121.61271119639495,
              25.01961218515864
            ],
            [
              121.61277387710886,
              25.01958340342599
            ],
            [
              121.61283429431978,
              25.019492052262343
            ],
            [
              121.61289044573341,
              25.019418696740455
            ],
            [
              121.61296157081748,
              25.019349413856585
            ],
            [
              121.613032957026,
              25.019288968565228
            ],
            [
              121.61311949097954,
              25.01924161579829
            ],
            [
              121.61328829293869,
              25.019160294419656
            ],
            [
              121.61336612109116,
              25.01913999375604
            ],
            [
              121.61349426755262,
              25.01915385621486
            ],
            [
              121.61362850778045,
              25.01919888420943
            ],
            [
              121.61375787272664,
              25.019244091159692
            ],
            [
              121.61386251371258,
              25.019285583829056
            ],
            [
              121.61399588294927,
              25.019308245082335
            ],
            [
              121.6141734762067,
              25.019329615427385
            ],
            [
              121.61434166721212,
              25.019364610406395
            ],
            [
              121.61453344992313,
              25.019372034593125
            ],
            [
              121.61461258304904,
              25.01938750680013
            ],
            [
              121.6147516970355,
              25.019432353574317
            ],
            [
              121.61494008391449,
              25.019480219121082
            ],
            [
              121.61511845918793,
              25.01952389305901
            ],
            [
              121.61525191400429,
              25.019546531828006
            ],
            [
              121.61566733790815,
              25.01962755931675
            ],
            [
              121.61585546210563,
              25.019670953931897
            ],
            [
              121.61594948056045,
              25.019690355698152
            ],
            [
              121.6160678740595,
              25.01970457305641
            ],
            [
              121.61619897730486,
              25.019664744021185
            ],
            [
              121.61629047091428,
              25.019617108958272
            ],
            [
              121.61636568539622,
              25.019529790490413
            ],
            [
              121.61656529951469,
              25.01935358124989
            ],
            [
              121.61668369237162,
              25.019238116359038
            ],
            [
              121.61680669893708,
              25.01911347306279
            ],
            [
              121.61685832161027,
              25.019049194827698
            ],
            [
              121.61689436170883,
              25.018963109593127
            ],
            [
              121.61697349318946,
              25.01884881755135
            ],
            [
              121.61702938139668,
              25.01876654416337
            ],
            [
              121.61713219125119,
              25.01862911075332
            ],
            [
              121.61724640496854,
              25.01853162087032
            ],
            [
              121.61739065185438,
              25.01845107249597
            ],
            [
              121.61751661745211,
              25.01840695402022
            ],
            [
              121.6176337035251,
              25.018385397822033
            ],
            [
              121.61776950580791,
              25.018340899978863
            ],
            [
              121.61791096634646,
              25.018318608656674
            ],
            [
              121.61811745488998,
              25.018325631242057
            ],
            [
              121.61824533483254,
              25.01833057045583
            ],
            [
              121.61833795847225,
              25.01831421869079
            ],
            [
              121.61850805845584,
              25.018268666296617
            ],
            [
              121.61876077049925,
              25.018198202414833
            ],
            [
              121.61899476585455,
              25.01815512915965
            ],
            [
              121.61921918505394,
              25.01811682268128
            ],
            [
              121.61935646531519,
              25.018112585360942
            ],
            [
              121.61949426771866,
              25.018121653713017
            ],
            [
              121.6195930709814,
              25.01813652569291
            ],
            [
              121.61965748892139,
              25.01815239152475
            ],
            [
              121.61973792424374,
              25.018203551738964
            ],
            [
              121.61982384372966,
              25.018267979448932
            ],
            [
              121.61991951286798,
              25.01833212902852
            ],
            [
              121.62004913179932,
              25.018386245566067
            ],
            [
              121.62020730325646,
              25.018412591481727
            ],
            [
              121.62032055632181,
              25.018422515887128
            ],
            [
              121.62045191580789,
              25.018391602272025
            ],
            [
              121.62054018511873,
              25.01838881499295
            ],
            [
              121.6205449728999,
              25.01838420671658
            ],
            [
              121.62061748599727,
              25.018355124207066
            ],
            [
              121.62071254511358,
              25.018271617226763
            ],
            [
              121.62087846312396,
              25.018114358284205
            ],
            [
              121.62096438174648,
              25.018049106587966
            ],
            [
              121.6210317586147,
              25.01801120467587
            ],
            [
              121.6210850333194,
              25.01799159618517
            ],
            [
              121.62118714310016,
              25.017966046643558
            ],
            [
              121.62125512918627,
              25.01794604093753
            ],
            [
              121.62141625865921,
              25.017923148978994
            ],
            [
              121.6215620671423,
              25.017882838754574
            ],
            [
              121.62161499339906,
              25.017854332755455
            ],
            [
              121.6217017819608,
              25.017811364866986
            ],
            [
              121.62174939812442,
              25.017774080620306
            ],
            [
              121.62186021226337,
              25.01771694945346
            ],
            [
              121.62191296428206,
              25.01768403519889
            ],
            [
              121.62206199295487,
              25.017598795216507
            ],
            [
              121.62222555866192,
              25.017508749727565
            ],
            [
              121.6222830111694,
              25.01747116683371
            ],
            [
              121.6223795487263,
              25.01742792073608
            ],
            [
              121.62242812214586,
              25.017412980631544
            ],
            [
              121.62248583569801,
              25.017379866296256
            ],
            [
              121.62256357049635,
              25.01735950124329
            ],
            [
              121.62270902930966,
              25.017310293118292
            ],
            [
              121.62287964503501,
              25.017278123159645
            ],
            [
              121.62300682322255,
              25.01726518229898
            ],
            [
              121.62318335780107,
              25.017259686125044
            ],
            [
              121.62327702199256,
              25.01727018521332
            ],
            [
              121.62339131657498,
              25.01730687998722
            ],
            [
              121.62347618871517,
              25.01734453117531
            ],
            [
              121.62354782945692,
              25.01742284009552
            ],
            [
              121.62359318159207,
              25.017452666873016
            ],
            [
              121.62368022978526,
              25.017548372617938
            ],
            [
              121.62375134810954,
              25.017613294844082
            ],
            [
              121.62387800303199,
              25.01771672276819
            ],
            [
              121.623993428632,
              25.017784698500545
            ],
            [
              121.62423368063553,
              25.017906943594284
            ],
            [
              121.62435337120829,
              25.01795692406443
            ],
            [
              121.62453295035442,
              25.018031843636102
            ],
            [
              121.62462304448691,
              25.018078210673636
            ],
            [
              121.62479261276641,
              25.018149020271533
            ],
            [
              121.62493632777813,
              25.018184755139487
            ],
            [
              121.62502563816618,
              25.018208817767356
            ],
            [
              121.62512931124772,
              25.018223504560943
            ],
            [
              121.62530227360024,
              25.01825387346332
            ],
            [
              121.62541099514532,
              25.018272869272984
            ],
            [
              121.62550587615236,
              25.018314626804408
            ],
            [
              121.6256160772958,
              25.018373801139422
            ],
            [
              121.6256860628005,
              25.018407438974656
            ],
            [
              121.62580139951439,
              25.01847090172149
            ],
            [
              121.62591603973948,
              25.018516570096264
            ],
            [
              121.62606105902302,
              25.01858807337322
            ],
            [
              121.62616551457455,
              25.01862506241024
            ],
            [
              121.62620607812111,
              25.018659657192526
            ],
            [
              121.6262672715985,
              25.018720365440995
            ],
            [
              121.62630330870914,
              25.018763955987126
            ],
            [
              121.62636467622627,
              25.018829153040564
            ],
            [
              121.62639540349544,
              25.018863965834573
            ],
            [
              121.62645207047706,
              25.01893375053034
            ],
            [
              121.62650281830291,
              25.018976942918115
            ],
            [
              121.62657593691432,
              25.019095425450608
            ],
            [
              121.62665897870872,
              25.019213588081566
            ],
            [
              121.62667499514843,
              25.019248879512684
            ],
            [
              121.62672757083682,
              25.019341227833824
            ],
            [
              121.62678980858216,
              25.019428707027263
            ],
            [
              121.62685100174463,
              25.01948941424754
            ],
            [
              121.62692168285275,
              25.01954092519629
            ],
            [
              121.62702631170295,
              25.019582401316963
            ],
            [
              121.62712484727061,
              25.019592715458785
            ],
            [
              121.62722782207007,
              25.019589524180166
            ],
            [
              121.62733541017997,
              25.019577235527265
            ],
            [
              121.62749200466561,
              25.019563410756234
            ],
            [
              121.62771118435528,
              25.01951628949659
            ],
            [
              121.62787282692888,
              25.019506773400266
            ],
            [
              121.62805492480261,
              25.019518961753782
            ],
            [
              121.62815903033902,
              25.01954705070735
            ],
            [
              121.62820351018372,
              25.019554671983975
            ],
            [
              121.62823824100923,
              25.019562491112254
            ],
            [
              121.62833285851752,
              25.019599776022744
            ],
            [
              121.62841285246706,
              25.019637600317832
            ],
            [
              121.62851765403052,
              25.019683482495317
            ],
            [
              121.62858763774486,
              25.01971711702905
            ],
            [
              121.62865309511022,
              25.019759828188757
            ],
            [
              121.628708368255,
              25.01979386089429
            ],
            [
              121.62879837202684,
              25.019835793282414
            ],
            [
              121.62885869366374,
              25.019874134841096
            ],
            [
              121.62892954760893,
              25.019930132379375
            ],
            [
              121.62898612628031,
              25.01999993442825
            ],
            [
              121.62902433862854,
              25.02010165576721
            ],
            [
              121.62905254090008,
              25.02019918758763
            ],
            [
              121.62910206894637,
              25.020340786845022
            ],
            [
              121.62916256450964,
              25.02051336716839
            ],
            [
              121.62922662884068,
              25.02064999782474
            ],
            [
              121.62934866432771,
              25.020892259267903
            ],
            [
              121.62939070648007,
              25.02096694772504
            ],
            [
              121.62942186814814,
              25.02101071538435
            ],
            [
              121.62948776025048,
              25.021066831193302
            ],
            [
              121.62954947421916,
              25.02114092036569
            ],
            [
              121.62964278497965,
              25.021272263883716
            ],
            [
              121.62972530226727,
              25.021377034116657
            ],
            [
              121.62974636679735,
              25.02141663274777
            ],
            [
              121.62980338027846,
              25.02149539019907
            ],
            [
              121.6298559545166,
              25.021587652709208
            ],
            [
              121.62989799648085,
              25.021662421259784
            ],
            [
              121.62997624845977,
              25.021785265638332
            ],
            [
              121.63004858144234,
              25.021881437863406
            ],
            [
              121.63008496552442,
              25.02193392154668
            ],
            [
              121.63012622401487,
              25.021986306079654
            ],
            [
              121.6301581688695,
              25.022052456600523
            ],
            [
              121.63022658479494,
              25.0221755999034
            ],
            [
              121.63026331699236,
              25.02223706092704
            ],
            [
              121.6302857741119,
              25.02231240761718
            ],
            [
              121.6302935209467,
              25.02238815308371
            ],
            [
              121.6303063162794,
              25.02246828818526
            ],
            [
              121.63030936278696,
              25.02254878330325
            ],
            [
              121.63031206112217,
              25.022620219945505
            ],
            [
              121.63030422724559,
              25.022674162936408
            ],
            [
              121.63030318272867,
              25.022777059835068
            ],
            [
              121.63029526180837,
              25.02282657437996
            ],
            [
              121.63028594819811,
              25.022970008231773
            ],
            [
              121.6302781143197,
              25.02302387032063
            ],
            [
              121.63027019339764,
              25.023073384861338
            ],
            [
              121.63026175021639,
              25.02310943306165
            ],
            [
              121.63025356816388,
              25.02315439848129
            ],
            [
              121.63026610237175,
              25.023225616191745
            ],
            [
              121.63028751497369,
              25.023274110782772
            ],
            [
              121.63030431428867,
              25.02332725362754
            ],
            [
              121.63037003179217,
              25.0235086268138
            ],
            [
              121.63043470474186,
              25.02366322888771
            ],
            [
              121.63046717176731,
              25.02374268305406
            ],
            [
              121.63049354577846,
              25.023791057664926
            ],
            [
              121.63050607995982,
              25.023862275066097
            ],
            [
              121.63052226994202,
              25.023902052804647
            ],
            [
              121.63059277467632,
              25.02407873567077
            ],
            [
              121.63064256317831,
              25.024229328097853
            ],
            [
              121.63072203324195,
              25.024383347702784
            ],
            [
              121.6308016773353,
              25.024541936655517
            ],
            [
              121.63085390293993,
              25.024625299633975
            ],
            [
              121.63093145791836,
              25.024730265916197
            ],
            [
              121.63103338475105,
              25.024829963271635
            ],
            [
              121.6311150306021,
              25.024912446560265
            ],
            [
              121.63121208289658,
              25.025012242696803
            ],
            [
              121.63135866216862,
              25.02512396507462
            ],
            [
              121.63149549252942,
              25.025236047330505
            ],
            [
              121.63172641514933,
              25.02537193965398
            ],
            [
              121.6319675211898,
              25.02551650832952
            ],
            [
              121.63220157634655,
              25.025603125348788
            ],
            [
              121.63235015629388,
              25.025638821842662
            ],
            [
              121.63243824226325,
              25.025631532098387
            ],
            [
              121.63258325320602,
              25.025568901075808
            ],
            [
              121.63270885377064,
              25.02551578723931
            ],
            [
              121.63284768444764,
              25.025421936233457
            ],
            [
              121.6329774626885,
              25.02534631945723
            ],
            [
              121.63305893305754,
              25.025294565757758
            ],
            [
              121.63311498742276,
              25.025216781298464
            ],
            [
              121.63322352739587,
              25.025101528689024
            ],
            [
              121.6333199685999,
              25.025053762747685
            ],
            [
              121.63338168048256,
              25.02499818104927
            ],
            [
              121.6334923091754,
              25.024936549645684
            ],
            [
              121.63355602289755,
              25.02493460960259
            ],
            [
              121.63367909821027,
              25.02494413292283
            ],
            [
              121.63374255070613,
              25.024933194942633
            ],
            [
              121.63381505536643,
              25.02490410365517
            ],
            [
              121.63392533547507,
              25.02483357570808
            ],
            [
              121.6340496289496,
              25.024744693682077
            ],
            [
              121.63418767462359,
              25.024628540680542
            ],
            [
              121.63428272236695,
              25.024545027323406
            ],
            [
              121.63438238314778,
              25.02445249770558
            ],
            [
              121.63447264353479,
              25.02437359294425
            ],
            [
              121.63454384213074,
              25.02430873388929
            ],
            [
              121.63466447925846,
              25.024251290764074
            ],
            [
              121.63477623821456,
              25.024220938252864
            ],
            [
              121.6349262074194,
              25.024162635510297
            ],
            [
              121.63504701821898,
              25.024109599965378
            ],
            [
              121.63522823417684,
              25.024099488517518
            ],
            [
              121.63534034073385,
              25.02407811287453
            ],
            [
              121.63552991197314,
              25.024027444701147
            ],
            [
              121.63561294720945,
              25.024015926265697
            ],
            [
              121.63565472592174,
              25.023951947410183
            ],
            [
              121.63567744309005,
              25.023902014285603
            ],
            [
              121.63567552823312,
              25.023852882529823
            ],
            [
              121.63565664077902,
              25.023741673563368
            ],
            [
              121.6356334884116,
              25.023648457949587
            ],
            [
              121.63561512318444,
              25.023550552857092
            ],
            [
              121.63560189325594,
              25.023461546057614
            ],
            [
              121.63561312128748,
              25.02336724937453
            ],
            [
              121.63560885637641,
              25.0232555802379
            ],
            [
              121.63568092464801,
              25.023213002622615
            ],
            [
              121.63573619436634,
              25.023247109324622
            ],
            [
              121.63582654071396,
              25.0232979275751
            ],
            [
              121.63588233259404,
              25.023345418986896
            ],
            [
              121.63594804686369,
              25.023397038326028
            ],
            [
              121.63608887546158,
              25.023486571070855
            ],
            [
              121.63616416385533,
              25.023528973045735
            ],
            [
              121.63626408409712,
              25.023575022272635
            ],
            [
              121.63637349143855,
              25.023611874802818
            ],
            [
              121.63650805274942,
              25.023665840113438
            ],
            [
              121.63665192698846,
              25.023706039166395
            ],
            [
              121.63678570462581,
              25.023737702416824
            ],
            [
              121.63690912458317,
              25.02375620017326
            ],
            [
              121.63696256590522,
              25.023741072980624
            ],
            [
              121.63705256312348,
              25.02378299321314
            ],
            [
              121.63714726031273,
              25.023820325311544
            ],
            [
              121.63726798170673,
              25.02389705077883
            ],
            [
              121.63737956401994,
              25.02399194958262
            ],
            [
              121.63744005516564,
              25.024034851309974
            ],
            [
              121.6375004592415,
              25.024073163004623
            ],
            [
              121.63755450954721,
              25.024076010099808
            ],
            [
              121.63766226193158,
              25.024068116674954
            ],
            [
              121.63778367907547,
              25.02403305392704
            ],
            [
              121.63786601636212,
              25.02400366087912
            ],
            [
              121.63791893500947,
              25.023975148622142
            ],
            [
              121.6379717665949,
              25.023942127304043
            ],
            [
              121.63801450184619,
              25.023905019382525
            ],
            [
              121.63804801114597,
              25.02388165687355
            ],
            [
              121.63820119639024,
              25.023778427368555
            ],
            [
              121.63836186660006,
              25.023742102185345
            ],
            [
              121.63852775878777,
              25.02371449253288
            ],
            [
              121.63866492863991,
              25.023705717572717
            ],
            [
              121.63885092582002,
              25.023690992531304
            ],
            [
              121.63899732113966,
              25.023668552724818
            ],
            [
              121.63911960721585,
              25.023655769771644
            ],
            [
              121.63924224130488,
              25.023651882746734
            ],
            [
              121.63947662958121,
              25.023617720814237
            ],
            [
              121.63964756821889,
              25.023594498771185
            ],
            [
              121.63978464967929,
              25.023585743192267
            ],
            [
              121.63998544108088,
              25.023570514959015
            ],
            [
              121.64010781312597,
              25.023562240098627
            ],
            [
              121.64024941987226,
              25.023539878034573
            ],
            [
              121.64037640450532,
              25.023522505931062
            ],
            [
              121.64050808889898,
              25.02350046481107
            ],
            [
              121.64054229374287,
              25.023494974859727
            ],
            [
              121.64073333587444,
              25.02348447423425
            ],
            [
              121.64079739366512,
              25.023491426805958
            ],
            [
              121.64091288907385,
              25.023559431207286
            ],
            [
              121.641023336344,
              25.02362304659151
            ],
            [
              121.64107860345611,
              25.02365706823539
            ],
            [
              121.64119479485578,
              25.02374294472799
            ],
            [
              121.64137043076775,
              25.02384478907477
            ],
            [
              121.64144040654578,
              25.023878409950893
            ],
            [
              121.64154101840961,
              25.023942325026496
            ],
            [
              121.64163153419689,
              25.023997624260886
            ],
            [
              121.64172265915195,
              25.02407089738205
            ],
            [
              121.64184433304642,
              25.024174404053777
            ],
            [
              121.64190995682362,
              25.024221589097152
            ],
            [
              121.64197436208526,
              25.02423743641425
            ],
            [
              121.64212336438803,
              25.024281994285673
            ],
            [
              121.6422471266657,
              25.024309461632175
            ],
            [
              121.64239073251451,
              25.02434073452727
            ],
            [
              121.64243059398453,
              25.024357363787416
            ],
            [
              121.64254539145837,
              25.02440749235032
            ],
            [
              121.64267507155802,
              25.024461546649697
            ],
            [
              121.64277977289925,
              25.0245029784658
            ],
            [
              121.64287498750122,
              25.02455368768746
            ],
            [
              121.64297342225694,
              25.0245595549961
            ],
            [
              121.64303608624785,
              25.024530760855832
            ],
            [
              121.64308343235132,
              25.024484555320146
            ],
            [
              121.6431409613217,
              25.024446944610556
            ],
            [
              121.64321711536013,
              25.024381963897856
            ],
            [
              121.64325001388889,
              25.024345156257958
            ],
            [
              121.64339936264524,
              25.024268871952305
            ],
            [
              121.6435196422114,
              25.024202527394337
            ],
            [
              121.64360571774147,
              25.024141673739297
            ],
            [
              121.64368265476254,
              25.024098993370657
            ],
            [
              121.64372591005571,
              25.02407526883264
            ],
            [
              121.64379309933145,
              25.024032868855077
            ],
            [
              121.64384122841248,
              25.024009044550397
            ],
            [
              121.64395689478218,
              25.023951715960273
            ],
            [
              121.64410763512578,
              25.02391117604059
            ],
            [
              121.64421494611418,
              25.02389448259784
            ],
            [
              121.64426855805404,
              25.023883840985622
            ],
            [
              121.64436089933902,
              25.023858551086224
            ],
            [
              121.64448622575047,
              25.023796513894492
            ],
            [
              121.6446465389162,
              25.023751204856467
            ],
            [
              121.64471329248562,
              25.023699929648537
            ],
            [
              121.64477560738581,
              25.0236577102148
            ],
            [
              121.64485672114307,
              25.0235969767896
            ],
            [
              121.64491912299617,
              25.023559266182826
            ],
            [
              121.64499945336452,
              25.023476232654843
            ],
            [
              121.64508857387983,
              25.023366049443457
            ],
            [
              121.64513443958643,
              25.023279671782923
            ],
            [
              121.64517708510343,
              25.02323805444811
            ],
            [
              121.64529614433931,
              25.023140372722075
            ],
            [
              121.64537647444014,
              25.023057339331892
            ],
            [
              121.64541772736254,
              25.02297997776257
            ],
            [
              121.64549266142991,
              25.022883741225293
            ],
            [
              121.64554340072961,
              25.022797102180057
            ],
            [
              121.64559866563566,
              25.022701467751357
            ],
            [
              121.64563504472443,
              25.02262428694786
            ],
            [
              121.64568073614713,
              25.02253334039836
            ],
            [
              121.64573547879878,
              25.022424322188225
            ],
            [
              121.64577577424726,
              25.022320172495295
            ],
            [
              121.64581554749441,
              25.022202558081112
            ],
            [
              121.64585157838899,
              25.022116481768723
            ],
            [
              121.64590736533113,
              25.02203423140766
            ],
            [
              121.64594409244494,
              25.021965946363142
            ],
            [
              121.64598551922253,
              25.021893073310743
            ],
            [
              121.64605601433445,
              25.021810341367438
            ],
            [
              121.64611319367073,
              25.021763835286226
            ],
            [
              121.6462391273583,
              25.021719610367672
            ],
            [
              121.64633216328211,
              25.021712192646866
            ],
            [
              121.64642041244136,
              25.02170946432018
            ],
            [
              121.6465384260024,
              25.02171474898605
            ],
            [
              121.64668655199414,
              25.02173694209188
            ],
            [
              121.64684546955822,
              25.021785621998113
            ],
            [
              121.64693545892328,
              25.0218275327292
            ],
            [
              121.64704503001684,
              25.02186886172533
            ],
            [
              121.64722152715503,
              25.02199305549449
            ],
            [
              121.64729254367735,
              25.022053439797386
            ],
            [
              121.64739854619764,
              25.022130632331532
            ],
            [
              121.64759044705943,
              25.02227221477939
            ],
            [
              121.64769157563666,
              25.02234958740078
            ],
            [
              121.64784309427384,
              25.02246115774557
            ],
            [
              121.64793351799344,
              25.02251647105135
            ],
            [
              121.64797381265947,
              25.022542054047374
            ],
            [
              121.64812089242015,
              25.022667208461737
            ],
            [
              121.64816144810753,
              25.022701707304748
            ],
            [
              121.6482663184335,
              25.022747622005678
            ],
            [
              121.64841531245564,
              25.022792171247655
            ],
            [
              121.64857405353446,
              25.022836358588254
            ],
            [
              121.64869406651587,
              25.022895275527254
            ],
            [
              121.6487797899961,
              25.022955175528942
            ],
            [
              121.64888613923871,
              25.023041341218367
            ],
            [
              121.64897203663091,
              25.023105729005856
            ],
            [
              121.64905845612994,
              25.023183581012535
            ],
            [
              121.64912929744247,
              25.023239474430845
            ],
            [
              121.64915993150984,
              25.02326984600005
            ],
            [
              121.64918525682627,
              25.02329144270999
            ],
            [
              121.64926306034039,
              25.023400769832588
            ],
            [
              121.6493247635367,
              25.023474916739566
            ],
            [
              121.64937193295322,
              25.023553953026383
            ],
            [
              121.64940709243172,
              25.023575248182315
            ],
            [
              121.64945295638847,
              25.023618520679832
            ],
            [
              121.64951378919808,
              25.023670307603904
            ],
            [
              121.64961004247525,
              25.023747776111414
            ],
            [
              121.64971639093761,
              25.02383393971459
            ],
            [
              121.64978183609556,
              25.02387662951781
            ],
            [
              121.64983779515669,
              25.02392851600702
            ],
            [
              121.64990324024446,
              25.023971205646642
            ],
            [
              121.64995258511935,
              25.02397863466557
            ],
            [
              121.65004657529771,
              25.023997999850543
            ],
            [
              121.65017494138743,
              25.0240163603916
            ],
            [
              121.6502877293705,
              25.024012843694276
            ],
            [
              121.65036605429256,
              25.024005903738765
            ],
            [
              121.65050294872064,
              25.02399264731113
            ],
            [
              121.65063914676354,
              25.023957071068278
            ],
            [
              121.650819902635,
              25.023933532010485
            ],
            [
              121.65098612467891,
              25.02391488240251
            ],
            [
              121.65107924372766,
              25.023911968144557
            ],
            [
              121.65118663513358,
              25.023895167469437
            ],
            [
              121.65133440693398,
              25.023908455991446
            ],
            [
              121.65149105527489,
              25.023894574801197
            ],
            [
              121.6516533601327,
              25.023902892277444
            ],
            [
              121.65173725381237,
              25.023913722627682
            ],
            [
              121.65186553095756,
              25.023932020776783
            ],
            [
              121.65199441714218,
              25.023963762224795
            ],
            [
              121.6521029390217,
              25.0239783165103
            ],
            [
              121.65219744957133,
              25.024011143609837
            ],
            [
              121.65229692053418,
              25.02404376901833
            ],
            [
              121.6524514789171,
              25.024106000135813
            ],
            [
              121.65253006341932,
              25.02410805528316
            ],
            [
              121.65260429657006,
              25.024123593609342
            ],
            [
              121.6526734821708,
              25.024134824899708
            ],
            [
              121.65273753320496,
              25.024141769735124
            ],
            [
              121.65291054043664,
              25.02417214231232
            ],
            [
              121.65303429091995,
              25.024199595695805
            ],
            [
              121.65311800952455,
              25.024205936740625
            ],
            [
              121.65316726597189,
              25.024208855547368
            ],
            [
              121.65326142753068,
              25.024232705380772
            ],
            [
              121.65332112696262,
              25.024253213872377
            ],
            [
              121.65340075516467,
              25.02428203433198
            ],
            [
              121.65358507465668,
              25.024352273265215
            ],
            [
              121.65369951271705,
              25.024393410398797
            ],
            [
              121.65380864213598,
              25.02442132489398
            ],
            [
              121.65393065113842,
              25.024404059195806
            ],
            [
              121.65408120414835,
              25.024359101373562
            ],
            [
              121.65418311014713,
              25.024329035717084
            ],
            [
              121.65431973888272,
              25.024306859150176
            ],
            [
              121.65445976140929,
              25.024244332097044
            ],
            [
              121.65457611312205,
              25.024204867734436
            ],
            [
              121.65473101648811,
              25.02414634548403
            ],
            [
              121.65488444023089,
              25.024047573120342
            ],
            [
              121.65503386065835,
              25.023975788692926
            ],
            [
              121.65515900120228,
              25.02390925651402
            ],
            [
              121.65528396756001,
              25.023838236408597
            ],
            [
              121.65549482621962,
              25.02370187121671
            ],
            [
              121.65557227730002,
              25.023672650363793
            ],
            [
              121.65562118458415,
              25.023666592457545
            ],
            [
              121.65568505990205,
              25.02366904780197
            ],
            [
              121.65576442536937,
              25.023688951001056
            ],
            [
              121.6558299540521,
              25.0237360630263
            ],
            [
              121.65588051466979,
              25.02377474262642
            ],
            [
              121.6559360355974,
              25.02381330133672
            ],
            [
              121.65603506815611,
              25.023837048382973
            ],
            [
              121.65609885621699,
              25.023834994964957
            ],
            [
              121.65618996952394,
              25.023778444256806
            ],
            [
              121.65626724608205,
              25.0237447351684
            ],
            [
              121.65637332721717,
              25.023692168577913
            ],
            [
              121.65650873498583,
              25.023638737049925
            ],
            [
              121.65661472887155,
              25.023586190962593
            ],
            [
              121.65673699591518,
              25.023573390591014
            ],
            [
              121.6567814645367,
              25.023580997558387
            ],
            [
              121.65694785186565,
              25.023566828227246
            ],
            [
              121.65708856731834,
              25.02352208940745
            ],
            [
              121.65725173436795,
              25.023423034633606
            ],
            [
              121.65736703894108,
              25.023356803583784
            ],
            [
              121.65749139370361,
              25.02326789160147
            ],
            [
              121.65762767035419,
              25.02323681780467
            ],
            [
              121.65773131359727,
              25.023251466978408
            ],
            [
              121.65785645115628,
              25.023314574891238
            ],
            [
              121.65798124048958,
              25.023368868662438
            ],
            [
              121.65810072136092,
              25.023414307487357
            ],
            [
              121.65822960044044,
              25.023575762487106
            ],
            [
              121.65824891923647,
              25.023566182567023
            ],
            [
              121.65832584630137,
              25.02352349708692
            ],
            [
              121.65838293241525,
              25.02347700900631
            ],
            [
              121.65841191056874,
              25.023462639120908
            ],
            [
              121.65849049092958,
              25.023464690388806
            ],
            [
              121.65857002847063,
              25.02348899823931
            ],
            [
              121.65863355403762,
              25.02348255723642
            ],
            [
              121.65871605020013,
              25.023457641550557
            ],
            [
              121.65877966270627,
              25.023451099046273
            ],
            [
              121.65884780027574,
              25.023435561442046
            ],
            [
              121.65895962237929,
              25.023405170391456
            ],
            [
              121.65906796353369,
              25.02341522989482
            ],
            [
              121.6591814388162,
              25.023429575213118
            ],
            [
              121.65936322528522,
              25.02343278942898
            ],
            [
              121.65946147165641,
              25.023434154657345
            ],
            [
              121.65956476513614,
              25.023439907143604
            ],
            [
              121.65961384473455,
              25.023438335516087
            ],
            [
              121.65966771043948,
              25.02343668402027
            ],
            [
              121.65975107605176,
              25.023434044797426
            ],
            [
              121.65985932942732,
              25.02343959514163
            ],
            [
              121.6599722817939,
              25.023440476329032
            ],
            [
              121.6601632041045,
              25.023425516849116
            ],
            [
              121.66028085524927,
              25.023421890440957
            ],
            [
              121.66036387232957,
              25.0234102753266
            ],
            [
              121.66046672988529,
              25.02340262409238
            ],
            [
              121.66056497529746,
              25.023403988367257
            ],
            [
              121.66069245925236,
              25.023399978340542
            ],
            [
              121.66079949345155,
              25.023374275513724
            ],
            [
              121.66095830417017,
              25.023288700948726
            ],
            [
              121.6611361719101,
              25.023189240787744
            ],
            [
              121.66123198020003,
              25.023128100295043
            ],
            [
              121.66134240763783,
              25.023061967801567
            ],
            [
              121.66153167427198,
              25.023002351793444
            ],
            [
              121.66177515336562,
              25.022949977841076
            ],
            [
              121.66204317120392,
              25.022896817309874
            ],
            [
              121.66228630112174,
              25.022835467290683
            ],
            [
              121.66256884980005,
              25.02277741531271
            ],
            [
              121.66283294994321,
              25.022751219649773
            ],
            [
              121.66296182362758,
              25.022782947152336
            ],
            [
              121.66323036075832,
              25.022872883632715
            ],
            [
              121.6634591302215,
              25.022950707636035
            ],
            [
              121.6636229842157,
              25.02299923509016
            ],
            [
              121.6638675030112,
              25.02310333770074
            ],
            [
              121.66404710651537,
              25.0231782248769
            ],
            [
              121.6640792158327,
              25.023248755413285
            ],
            [
              121.66414360847409,
              25.023394384793793
            ],
            [
              121.66419573167992,
              25.02360300093264
            ],
            [
              121.66422601359815,
              25.023754105533367
            ],
            [
              121.66428788266442,
              25.023962439075543
            ],
            [
              121.6643230375056,
              25.02411344271369
            ],
            [
              121.66434540085184,
              25.024184254816834
            ],
            [
              121.66438777807551,
              25.024267965298698
            ],
            [
              121.66444512217839,
              25.024355658438047
            ],
            [
              121.66451604086932,
              25.024411514459153
            ],
            [
              121.66465552866775,
              25.024465312710813
            ],
            [
              121.66476134088155,
              25.024537989082717
            ],
            [
              121.66488229386644,
              25.02461921629685
            ],
            [
              121.66492945679383,
              25.02469823634688
            ],
            [
              121.66495669294034,
              25.02476894713711
            ],
            [
              121.66499002022888,
              25.024870808315416
            ],
            [
              121.66502717622829,
              25.0250754389667
            ],
            [
              121.66507947305918,
              25.025288458605395
            ],
            [
              121.66514421319573,
              25.02544297893607
            ],
            [
              121.66519242020877,
              25.02554884265271
            ],
            [
              121.66528744191434,
              25.02572483120645
            ],
            [
              121.6653508766898,
              25.025843591762527
            ],
            [
              121.66536967217196,
              25.02595034324131
            ],
            [
              121.6653675837852,
              25.02602644961243
            ],
            [
              121.66530371393834,
              25.02615371519274
            ],
            [
              121.66523053332007,
              25.02629466548915
            ],
            [
              121.66514343004913,
              25.026458477780025
            ],
            [
              121.66509000203554,
              25.02660324952491
            ],
            [
              121.6650324842272,
              25.026770580299797
            ],
            [
              121.66499698154118,
              25.026870113496887
            ],
            [
              121.66494894847763,
              25.027028247186625
            ],
            [
              121.66490082837714,
              25.027181791943214
            ],
            [
              121.66486558669925,
              25.027290320849648
            ],
            [
              121.66485009776082,
              25.02739814233851
            ],
            [
              121.66482912677897,
              25.027492703461732
            ],
            [
              121.66483321655582,
              25.027599939501897
            ],
            [
              121.66483078009304,
              25.02766715173821
            ],
            [
              121.66482608120039,
              25.027801454173762
            ],
            [
              121.66486088780808,
              25.027943560624898
            ],
            [
              121.66487933530577,
              25.02804133675924
            ],
            [
              121.66490317782196,
              25.028152474594414
            ],
            [
              121.6649402468335,
              25.028222881119547
            ],
            [
              121.66501229642671,
              25.028310086430224
            ],
            [
              121.66508800065996,
              25.028365859057118
            ],
            [
              121.66521922121075,
              25.0284600998705
            ],
            [
              121.6653506156414,
              25.028558908696304
            ],
            [
              121.66539307950418,
              25.028642514575377
            ],
            [
              121.66541996747465,
              25.02870432949565
            ],
            [
              121.66545233745003,
              25.028779323692742
            ],
            [
              121.66548375023982,
              25.028831981817273
            ],
            [
              121.66553160904404,
              25.028928949034043
            ],
            [
              121.6655631958437,
              25.028986094541036
            ],
            [
              121.66562584732108,
              25.029082556079654
            ],
            [
              121.66570564088849,
              25.02924556240105
            ],
            [
              121.66574827864952,
              25.029333655063894
            ],
            [
              121.66578491230479,
              25.029395105991007
            ],
            [
              121.66581841338058,
              25.029501451620483
            ],
            [
              121.66585652628069,
              25.029598619878715
            ],
            [
              121.66588402325087,
              25.029678323739883
            ],
            [
              121.66590786555504,
              25.02978937898715
            ],
            [
              121.66593579759113,
              25.029877956220137
            ],
            [
              121.66591787236004,
              25.029923275673312
            ],
            [
              121.66584521423407,
              25.029947895657223
            ],
            [
              121.66576637793912,
              25.029941467421896
            ],
            [
              121.6656970263185,
              25.02992576092504
            ],
            [
              121.66560235302114,
              25.029888465543436
            ],
            [
              121.66549836893124,
              25.02986485483026
            ],
            [
              121.66542832101756,
              25.02983127903266
            ],
            [
              121.66538237652391,
              25.029783512805093
            ],
            [
              121.66527630384311,
              25.02970637536875
            ],
            [
              121.66518545890852,
              25.029642134380534
            ],
            [
              121.6651054909411,
              25.029604353288367
            ],
            [
              121.6650307438997,
              25.02957544622642
            ],
            [
              121.66481363783552,
              25.02954647607357
            ],
            [
              121.66472113921331,
              25.029567295012317
            ],
            [
              121.66455589454358,
              25.029612753699485
            ],
            [
              121.66438629878874,
              25.029671775653263
            ],
            [
              121.66427604835901,
              25.02974232077797
            ],
            [
              121.66420417233034,
              25.02978931724695
            ],
            [
              121.66410836656004,
              25.029850462788005
            ],
            [
              121.66402717959028,
              25.029911144087784
            ],
            [
              121.66397018334408,
              25.029962143279448
            ],
            [
              121.6639452964245,
              25.02995403700083
            ],
            [
              121.66379162392559,
              25.029914110423988
            ],
            [
              121.66367815327132,
              25.029899775905136
            ],
            [
              121.66357616881307,
              25.029929791607334
            ],
            [
              121.66349907128605,
              25.02996799454013
            ],
            [
              121.66343198073164,
              25.030010381944926
            ],
            [
              121.66334200449104,
              25.030098210646344
            ],
            [
              121.6632696057619,
              25.03013182520339
            ],
            [
              121.6631436040169,
              25.030176010376287
            ],
            [
              121.66298296899186,
              25.030212371461783
            ],
            [
              121.66290909072656,
              25.03020573900096
            ],
            [
              121.66272678785113,
              25.030189157931737
            ],
            [
              121.66257964006512,
              25.030193782581645
            ],
            [
              121.66236035383102,
              25.030236407435524
            ],
            [
              121.66222930399752,
              25.03027636689653
            ],
            [
              121.66207336668029,
              25.0303081386745
            ],
            [
              121.66194179440153,
              25.030334635153626
            ],
            [
              121.66185895251779,
              25.030350662119258
            ],
            [
              121.66173790927807,
              25.030394644160168
            ],
            [
              121.66162574184675,
              25.030416148343114
            ],
            [
              121.6614561416946,
              25.030475087196375
            ],
            [
              121.66132430763965,
              25.030492668289074
            ],
            [
              121.66110832570706,
              25.03049496392782
            ],
            [
              121.66097031286199,
              25.03048141430073
            ],
            [
              121.66079227082177,
              25.03044675839352
            ],
            [
              121.66067792695894,
              25.03041014452584
            ],
            [
              121.6605728070804,
              25.030355256471776
            ],
            [
              121.66044784656778,
              25.03029656711609
            ],
            [
              121.6603281071169,
              25.030246671258123
            ],
            [
              121.66021863590912,
              25.030209794181918
            ],
            [
              121.66010855545419,
              25.03015510745029
            ],
            [
              121.66001335535374,
              25.030104423861623
            ],
            [
              121.65991310799497,
              25.0300494339781
            ],
            [
              121.65980302724252,
              25.029994746673676
            ],
            [
              121.65970225757435,
              25.029926293379166
            ],
            [
              121.65963133586287,
              25.029870435885606
            ],
            [
              121.65956624448603,
              25.029836652890086
            ],
            [
              121.65949105867794,
              25.02979425745941
            ],
            [
              121.65943553949586,
              25.02975578534822
            ],
            [
              121.65933442141711,
              25.029678436803056
            ],
            [
              121.65918491965127,
              25.029620531664307
            ],
            [
              121.65906526588371,
              25.029570612750714
            ],
            [
              121.6589503981477,
              25.029520532710695
            ],
            [
              121.6588609404664,
              25.029492023423252
            ],
            [
              121.65875607996192,
              25.029446128115868
            ],
            [
              121.65868089361504,
              25.029403731635448
            ],
            [
              121.65858586635505,
              25.029357533415386
            ],
            [
              121.65848013538127,
              25.029289279860116
            ],
            [
              121.65838998115599,
              25.029242899867516
            ],
            [
              121.65828921022835,
              25.02917444391702
            ],
            [
              121.65825927480596,
              25.029162029574334
            ],
            [
              121.65813448577951,
              25.029107742256
            ],
            [
              121.65804537553964,
              25.029088207343797
            ],
            [
              121.65794530047953,
              25.029037620906653
            ],
            [
              121.65779936477658,
              25.028943851113024
            ],
            [
              121.65767387906624,
              25.02887169269235
            ],
            [
              121.65756275186806,
              25.028790236327207
            ],
            [
              121.65748147317474,
              25.02871668610787
            ],
            [
              121.65740724322497,
              25.028571433236316
            ],
            [
              121.6573525932425,
              25.028425514939503
            ],
            [
              121.65731961179127,
              25.0283326229427
            ],
            [
              121.65728254028052,
              25.028262209972027
            ],
            [
              121.65722693299158,
              25.02821922702869
            ],
            [
              121.6571802889848,
              25.028153583550395
            ],
            [
              121.6570947459149,
              25.028098104570986
            ],
            [
              121.65697987617702,
              25.028048101247418
            ],
            [
              121.65688415130627,
              25.027983948716162
            ],
            [
              121.6568140110314,
              25.02794593679531
            ],
            [
              121.65673943255243,
              25.027921428352144
            ],
            [
              121.6566203853569,
              25.027889395178224
            ],
            [
              121.65644233646657,
              25.02785472764858
            ],
            [
              121.65626950868321,
              25.027828773213592
            ],
            [
              121.65614993885372,
              25.027783356732275
            ],
            [
              121.65606047895683,
              25.02775484336584
            ],
            [
              121.65589226283072,
              25.027719872359647
            ],
            [
              121.65573448927861,
              25.02770248983705
            ],
            [
              121.65560177831557,
              25.027697703992683
            ],
            [
              121.65547811766494,
              25.027674684917752
            ],
            [
              121.6553685547377,
              25.027633452826684
            ],
            [
              121.65526255968399,
              25.02755619672365
            ],
            [
              121.65517597087596,
              25.027473949604342
            ],
            [
              121.65514029104634,
              25.027439275630744
            ],
            [
              121.65510191346091,
              25.02746282222075
            ],
            [
              121.65507432684385,
              25.02751293354265
            ],
            [
              121.65503272934542,
              25.027581318016377
            ],
            [
              121.65494901215793,
              25.027704785152
            ],
            [
              121.65488713798058,
              25.02775588284817
            ],
            [
              121.65480916428554,
              25.027771722717716
            ],
            [
              121.65466557419306,
              25.027740472444222
            ],
            [
              121.65457289321837,
              25.027756795556115
            ],
            [
              121.65451049668843,
              25.027794591301355
            ],
            [
              121.654428171507,
              25.02782399498755
            ],
            [
              121.65436003127448,
              25.02783953249349
            ],
            [
              121.65431268988829,
              25.027885739762183
            ],
            [
              121.6541764092431,
              25.027916895568335
            ],
            [
              121.65408303166922,
              25.02791534773227
            ],
            [
              121.65402811900589,
              25.02789023274006
            ],
            [
              121.6539476209964,
              25.027839056566087
            ],
            [
              121.65388722569546,
              25.027800679495574
            ],
            [
              121.6538366641867,
              25.027762000269103
            ],
            [
              121.65379628458348,
              25.027731994729518
            ],
            [
              121.65367096848165,
              25.027664316299497
            ],
            [
              121.65356558101354,
              25.02760502989959
            ],
            [
              121.65346550198929,
              25.02755443653278
            ],
            [
              121.6534102409249,
              25.027520425980867
            ],
            [
              121.6533161665154,
              25.02750100638056
            ],
            [
              121.6532367123047,
              25.027476675874404
            ],
            [
              121.6531002563121,
              25.02750334230114
            ],
            [
              121.65290549294569,
              25.027545162395572
            ],
            [
              121.65275850642973,
              25.027554259614092
            ],
            [
              121.65262187580845,
              25.027576437675656
            ],
            [
              121.65254912211095,
              25.027601151792275
            ],
            [
              121.6524291132182,
              25.027671971512067
            ],
            [
              121.65234304439804,
              25.02773282973595
            ],
            [
              121.65227533804047,
              25.027761769753866
            ],
            [
              121.65218874694575,
              25.027809244954444
            ],
            [
              121.65207552572595,
              25.027929089407294
            ],
            [
              121.65195003366507,
              25.028116454183845
            ],
            [
              121.65190182100551,
              25.02814030234933
            ],
            [
              121.6518335051982,
              25.028151431666505
            ],
            [
              121.65174908943027,
              25.028127221073483
            ],
            [
              121.65169347942087,
              25.028084233561234
            ],
            [
              121.65166206279945,
              25.02803156593927
            ],
            [
              121.65160810625471,
              25.027903509310125
            ],
            [
              121.65152560490758,
              25.027798696696312
            ],
            [
              121.65144510511739,
              25.02774759859331
            ],
            [
              121.65140550790227,
              25.027739890437648
            ],
            [
              121.65132231019197,
              25.027746933391185
            ],
            [
              121.65125416808868,
              25.027762550213037
            ],
            [
              121.65116670594198,
              25.027787665856525
            ],
            [
              121.65108864265544,
              25.027798995030732
            ],
            [
              121.65095096569101,
              25.027794405274765
            ],
            [
              121.65081267936787,
              25.02777184272023
            ],
            [
              121.65067926641137,
              25.027749260638743
            ],
            [
              121.6505502046736,
              25.02771303322304
            ],
            [
              121.65035186878295,
              25.027661066029207
            ],
            [
              121.65022794131013,
              25.027629205367308
            ],
            [
              121.65016040774256,
              25.027662632557476
            ],
            [
              121.65005066560927,
              25.02774655307428
            ],
            [
              121.64987443396714,
              25.027890748176713
            ],
            [
              121.64970655675502,
              25.027994471202124
            ],
            [
              121.64959124437328,
              25.02806070146413
            ],
            [
              121.64950969886713,
              25.028112482730606
            ],
            [
              121.64939760633585,
              25.028133873424352
            ],
            [
              121.64930370264695,
              25.028118938404397
            ],
            [
              121.64922929327372,
              25.028098911784024
            ],
            [
              121.64916898248269,
              25.028060510410214
            ],
            [
              121.64911876697991,
              25.02803072308964
            ],
            [
              121.64903382701458,
              25.02799320742526
            ],
            [
              121.64894914807178,
              25.027959997402938
            ],
            [
              121.64884923902181,
              25.027913967456012
            ],
            [
              121.64879049454797,
              25.027920244994462
            ],
            [
              121.64867961970977,
              25.027972970660308
            ],
            [
              121.64856543765924,
              25.02807047578841
            ],
            [
              121.64843846221017,
              25.02821758996542
            ],
            [
              121.6482598782669,
              25.028428984210162
            ],
            [
              121.64818912343952,
              25.02850725093829
            ],
            [
              121.64806536765721,
              25.028609525456726
            ],
            [
              121.64797320345295,
              25.028639227923744
            ],
            [
              121.64789844508672,
              25.028610305200676
            ],
            [
              121.64780245144277,
              25.02853722518747
            ],
            [
              121.64770567445005,
              25.02844637483878
            ],
            [
              121.64756268455126,
              25.028298746976066
            ],
            [
              121.64741177474822,
              25.028205076163385
            ],
            [
              121.64733675492121,
              25.028167155855122
            ],
            [
              121.64721682753066,
              25.028112750925477
            ],
            [
              121.64705651800463,
              25.028028336412685
            ],
            [
              121.646917182559,
              25.02797900154241
            ],
            [
              121.6468285856655,
              25.0279728388919
            ],
            [
              121.64671161677262,
              25.027994327254586
            ],
            [
              121.64658594470242,
              25.028047473810105
            ],
            [
              121.64651527585929,
              25.02812580063764
            ],
            [
              121.6464744584901,
              25.02821648598626
            ],
            [
              121.64646244825929,
              25.028288475990212
            ],
            [
              121.64647141241721,
              25.028395546184644
            ],
            [
              121.64648864448574,
              25.028462083174023
            ],
            [
              121.64652128097205,
              25.028546090320116
            ],
            [
              121.64655069731695,
              25.028674856896064
            ],
            [
              121.64655426557131,
              25.028768724253354
            ],
            [
              121.64652754717632,
              25.028841115779098
            ],
            [
              121.64645731345006,
              25.028932766148586
            ],
            [
              121.64635331175555,
              25.029038946009177
            ],
            [
              121.64624791747222,
              25.029109382406872
            ],
            [
              121.64614261012171,
              25.02917971736281
            ],
            [
              121.64603364737161,
              25.02928601792095
            ],
            [
              121.64593460605886,
              25.029391996428604
            ],
            [
              121.64584339746226,
              25.029448566798795
            ],
            [
              121.6457551478532,
              25.029451299700966
            ],
            [
              121.6456619373926,
              25.029454234014644
            ],
            [
              121.6455677695104,
              25.029430380382628
            ],
            [
              121.64548056406349,
              25.029459961271172
            ],
            [
              121.64541894580303,
              25.029520054882695
            ],
            [
              121.64529988669631,
              25.02961766006684
            ],
            [
              121.64518883437569,
              25.029665896667886
            ],
            [
              121.64508648511855,
              25.02968700404015
            ],
            [
              121.64490389242152,
              25.029661394189727
            ],
            [
              121.6447807422713,
              25.029651828027646
            ],
            [
              121.64464871471768,
              25.02966490275112
            ],
            [
              121.64456072527375,
              25.029676631863587
            ],
            [
              121.64438605166465,
              25.02973132512049
            ],
            [
              121.64426498972766,
              25.02977537442358
            ],
            [
              121.64414471095321,
              25.02984172358961
            ],
            [
              121.64403922758135,
              25.029907650787376
            ],
            [
              121.64399188187753,
              25.029953857765385
            ],
            [
              121.64395532819559,
              25.030026632397178
            ],
            [
              121.64393226455685,
              25.030067588051534
            ],
            [
              121.64391033233757,
              25.03013537164209
            ],
            [
              121.64387430082522,
              25.030221530118254
            ],
            [
              121.6438521074967,
              25.030284846061726
            ],
            [
              121.64380676346686,
              25.030384689796705
            ],
            [
              121.64376498776109,
              25.030448588047072
            ],
            [
              121.64373731134754,
              25.03049419229578
            ],
            [
              121.64363374231857,
              25.030484043286624
            ],
            [
              121.64350119122983,
              25.03048373372925
            ],
            [
              121.64338787428635,
              25.030473865307155
            ],
            [
              121.6433098056349,
              25.030485191221274
            ],
            [
              121.64322320768098,
              25.030532664141216
            ],
            [
              121.64317629680191,
              25.0305922756401
            ],
            [
              121.64309143941098,
              25.030684388431965
            ],
            [
              121.64301511122143,
              25.030744964429587
            ],
            [
              121.64289204605036,
              25.03086511087942
            ],
            [
              121.64279526486006,
              25.03090390868465
            ],
            [
              121.64272746575749,
              25.03092841845378
            ],
            [
              121.64264530607177,
              25.03096230605658
            ],
            [
              121.6425040504558,
              25.03099357382981
            ],
            [
              121.64238333464193,
              25.031046518395613
            ],
            [
              121.64227523861285,
              25.031175179843764
            ],
            [
              121.64221840547404,
              25.03123066489978
            ],
            [
              121.64210273732859,
              25.031287997786645
            ],
            [
              121.64194155022007,
              25.031310870853552
            ],
            [
              121.64182849281862,
              25.03130546918472
            ],
            [
              121.64167139593411,
              25.0313059417284
            ],
            [
              121.64153927772068,
              25.031319035233725
            ],
            [
              121.6414237829507,
              25.031380775194304
            ],
            [
              121.64131385827878,
              25.031460287549525
            ],
            [
              121.64120410756956,
              25.03154420733816
            ],
            [
              121.64106842038393,
              25.031593246654044
            ],
            [
              121.64094343832954,
              25.031664183561425
            ],
            [
              121.64081340810712,
              25.03173089380709
            ],
            [
              121.64069329973688,
              25.031801811647366
            ],
            [
              121.64055891746737,
              25.0318820058404
            ],
            [
              121.64044777346207,
              25.03193026164206
            ],
            [
              121.64038911166429,
              25.031936516314758
            ],
            [
              121.64024263110791,
              25.03195898683418
            ],
            [
              121.64007587107574,
              25.03196424748618
            ],
            [
              121.63998387443934,
              25.03199843558392
            ],
            [
              121.63990101647772,
              25.032014449936693
            ],
            [
              121.63978160342643,
              25.032103159128187
            ],
            [
              121.63972494310804,
              25.032163132581402
            ],
            [
              121.63968760472603,
              25.032213446056147
            ],
            [
              121.63964443492641,
              25.032241680860135
            ],
            [
              121.63956296929197,
              25.03229344023066
            ],
            [
              121.63945400021068,
              25.03239974139898
            ],
            [
              121.63931535169935,
              25.03249800922424
            ],
            [
              121.63921943781506,
              25.032559166958166
            ],
            [
              121.63908514083334,
              25.032643869818134
            ],
            [
              121.63897434352766,
              25.03270102109947
            ],
            [
              121.6388407425476,
              25.03280359655668
            ],
            [
              121.63873542830892,
              25.032874011643905
            ],
            [
              121.63858659562285,
              25.03296368477414
            ],
            [
              121.63851452919936,
              25.03300618676965
            ],
            [
              121.63839067580643,
              25.033108481669185
            ],
            [
              121.63831495370754,
              25.03318242136809
            ],
            [
              121.63828257596704,
              25.03323714416705
            ],
            [
              121.63826960746087,
              25.033282267319674
            ],
            [
              121.63821851675428,
              25.033359852083798
            ],
            [
              121.63819562602139,
              25.033405377855328
            ],
            [
              121.63815880935759,
              25.033469075895578
            ],
            [
              121.6381118093439,
              25.033524260094197
            ],
            [
              121.6380701185747,
              25.03359266842061
            ],
            [
              121.63799927034299,
              25.033666508414846
            ],
            [
              121.63789917755686,
              25.033745638866975
            ],
            [
              121.63781205324234,
              25.03377964607864
            ],
            [
              121.63775809009682,
              25.033781392904988
            ],
            [
              121.63769472688672,
              25.033792316218655
            ],
            [
              121.63759828940557,
              25.033840008830325
            ],
            [
              121.6375314446051,
              25.033891387864095
            ],
            [
              121.63745946454799,
              25.03393386936642
            ],
            [
              121.63736215649003,
              25.033959281641202
            ],
            [
              121.63724039074337,
              25.03398545627494
            ],
            [
              121.63718242358716,
              25.03400958308631
            ],
            [
              121.63711409889795,
              25.034020707502425
            ],
            [
              121.6370261906385,
              25.034032413542395
            ],
            [
              121.6369155653953,
              25.034093972179875
            ],
            [
              121.63682408842102,
              25.034141625082242
            ],
            [
              121.63660692822918,
              25.03424234147707
            ],
            [
              121.63647645783762,
              25.034300094639946
            ],
            [
              121.63636400425084,
              25.03431258325165
            ],
            [
              121.63623701512049,
              25.034329961090105
            ],
            [
              121.63611986121123,
              25.034347037765976
            ],
            [
              121.6359497005998,
              25.03439265010674
            ],
            [
              121.63577379516717,
              25.034416000652765
            ],
            [
              121.63563340137259,
              25.03446962622812
            ],
            [
              121.63552233957434,
              25.03451777933892
            ],
            [
              121.63546950684682,
              25.034550803497208
            ],
            [
              121.63535417996731,
              25.034617030812747
            ],
            [
              121.63521073927711,
              25.034719907194418
            ],
            [
              121.63516260652912,
              25.034743813486738
            ],
            [
              121.63512030539916,
              25.034794328803745
            ],
            [
              121.63507713385934,
              25.034822482592386
            ],
            [
              121.6350346586186,
              25.034868590325154
            ],
            [
              121.6349349113718,
              25.03495669753961
            ],
            [
              121.6348432587195,
              25.03499978064859
            ],
            [
              121.63474037787616,
              25.035007499423923
            ],
            [
              121.63463096895808,
              25.03497065499394
            ],
            [
              121.6345408827768,
              25.03492423147286
            ],
            [
              121.63444479077117,
              25.034851239741965
            ],
            [
              121.63435923052006,
              25.034795739150667
            ],
            [
              121.63426461804104,
              25.034758391951332
            ],
            [
              121.6341812336564,
              25.03476101970195
            ],
            [
              121.63406486098368,
              25.03480047712822
            ],
            [
              121.6340024531511,
              25.034838189032897
            ],
            [
              121.6339513605206,
              25.03491585552645
            ],
            [
              121.63392359466916,
              25.034961481712227
            ],
            [
              121.63390122531054,
              25.03502031197154
            ],
            [
              121.63386197012188,
              25.03515123690414
            ],
            [
              121.63384151563908,
              25.03525927917166
            ],
            [
              121.63381514240677,
              25.035340570933077
            ],
            [
              121.6338078310146,
              25.035407896720073
            ],
            [
              121.6337240981321,
              25.035531289366773
            ],
            [
              121.6336871929751,
              25.035595089786604
            ],
            [
              121.63364019110676,
              25.035650274432008
            ],
            [
              121.6335586341149,
              25.035702053990224
            ],
            [
              121.63347176758519,
              25.03574052802334
            ],
            [
              121.63343286041052,
              25.035750688228333
            ],
            [
              121.63335974622066,
              25.0357664203434
            ],
            [
              121.63330647728117,
              25.035785958248063
            ],
            [
              121.63327723157829,
              25.03579132896995
            ],
            [
              121.63317034543326,
              25.035821508537797
            ],
            [
              121.63310706669894,
              25.035836939646817
            ],
            [
              121.63309235678177,
              25.035837340276803
            ],
            [
              121.63301375878963,
              25.035835359012403
            ],
            [
              121.63289625338415,
              25.035843456888184
            ],
            [
              121.6327824035862,
              25.035820196837253
            ],
            [
              121.63270328313178,
              25.035804749671076
            ],
            [
              121.63263391124674,
              25.035789103017432
            ],
            [
              121.63256480044328,
              25.035777762534426
            ],
            [
              121.6324607859934,
              25.03575420119122
            ],
            [
              121.63219748539038,
              25.035672974820077
            ],
            [
              121.63211801636092,
              25.035648630813625
            ],
            [
              121.63198910755396,
              25.03561687385229
            ],
            [
              121.63179143549304,
              25.035582752729372
            ],
            [
              121.6315829698682,
              25.035522141533967
            ],
            [
              121.63140958188326,
              25.035482850294244
            ],
            [
              121.63130016975025,
              25.03544600213568
            ],
            [
              121.63106228286283,
              25.03538635200067
            ],
            [
              121.63085764577399,
              25.035298788311703
            ],
            [
              121.630722729584,
              25.035235930542928
            ],
            [
              121.63059320989058,
              25.03518627701525
            ],
            [
              121.63046351596331,
              25.035132134595607
            ],
            [
              121.63033425710293,
              25.035091478413577
            ],
            [
              121.63020134228272,
              25.035082180365087
            ],
            [
              121.63016330441748,
              25.03511470188479
            ],
            [
              121.63013536355184,
              25.03515583978312
            ],
            [
              121.63012352567523,
              25.035232244067995
            ],
            [
              121.63010307051785,
              25.03534020775186
            ],
            [
              121.63010289643138,
              25.035465464477774
            ],
            [
              121.63010280938815,
              25.035595230376174
            ],
            [
              121.63009131968111,
              25.035680611940894
            ],
            [
              121.63006233427855,
              25.035824644217435
            ],
            [
              121.6300318691328,
              25.035928500779022
            ],
            [
              121.62999853154957,
              25.036086098628953
            ],
            [
              121.62996092883301,
              25.036261771248878
            ],
            [
              121.62989172935673,
              25.03638019503412
            ],
            [
              121.62980277097424,
              25.036494791888085
            ],
            [
              121.62972225574401,
              25.036573421575397
            ],
            [
              121.6296359955799,
              25.036629788511988
            ],
            [
              121.62947296282002,
              25.036733244406673
            ],
            [
              121.62933743567571,
              25.036786686266492
            ],
            [
              121.62920669578504,
              25.036835519242167
            ],
            [
              121.62909997989037,
              25.036870185278445
            ],
            [
              121.62890073599773,
              25.03692557007283
            ],
            [
              121.62874092281903,
              25.036984261465893
            ],
            [
              121.62861984416605,
              25.03702830484292
            ],
            [
              121.6284686479959,
              25.03705535552742
            ],
            [
              121.62821500008206,
              25.037099077636938
            ],
            [
              121.62805414139937,
              25.03713091720206
            ],
            [
              121.6278832723215,
              25.037158649343436
            ],
            [
              121.6277564477809,
              25.03718050997612
            ],
            [
              121.62766426705463,
              25.037210205565373
            ],
            [
              121.62759175846092,
              25.037239300053052
            ],
            [
              121.62747537902455,
              25.037278754508467
            ],
            [
              121.62734054585579,
              25.037350069251936
            ],
            [
              121.62728814454229,
              25.037391968483647
            ],
            [
              121.62723060752407,
              25.037429499081163
            ],
            [
              121.62714486773768,
              25.03749933178441
            ],
            [
              121.62698183139658,
              25.037602786830913
            ],
            [
              121.62682819576189,
              25.037697065330846
            ],
            [
              121.62670267572912,
              25.037754694155627
            ],
            [
              121.62663016652068,
              25.03778378848848
            ],
            [
              121.62652884505214,
              25.037831658367676
            ],
            [
              121.62639305325132,
              25.037876181646666
            ],
            [
              121.62627527984631,
              25.03787988742583
            ],
            [
              121.62612442873575,
              25.037915832964956
            ],
            [
              121.62604060313289,
              25.037905050805428
            ],
            [
              121.62597122717175,
              25.03788931952616
            ],
            [
              121.62583256216867,
              25.0378578362342
            ],
            [
              121.6257683218273,
              25.03784647350988
            ],
            [
              121.62557446897775,
              25.037785392015113
            ],
            [
              121.6254398946898,
              25.037731424951307
            ],
            [
              121.6253450136276,
              25.037689682721965
            ],
            [
              121.62529513575296,
              25.03766886128457
            ],
            [
              121.62518676228483,
              25.037658778456773
            ],
            [
              121.62512295681303,
              25.037660821273775
            ],
            [
              121.62501623707601,
              25.03769548507169
            ],
            [
              121.62492405412286,
              25.037725179334764
            ],
            [
              121.62483796440395,
              25.037786033996916
            ],
            [
              121.6248007952129,
              25.037840837831933
            ],
            [
              121.6247549212765,
              25.037927303353065
            ],
            [
              121.62470922141628,
              25.038018176817587
            ],
            [
              121.62466848323965,
              25.0381089303027
            ],
            [
              121.6246227833446,
              25.038199803816237
            ],
            [
              121.62453834729962,
              25.038305324642888
            ],
            [
              121.62444033177067,
              25.038442606688385
            ],
            [
              121.62432682167396,
              25.03855798575071
            ],
            [
              121.62419442210017,
              25.038691819399123
            ],
            [
              121.62407586298185,
              25.038802890088594
            ],
            [
              121.6238727801514,
              25.03901950250701
            ],
            [
              121.62358726231248,
              25.039260999789107
            ],
            [
              121.62356358519115,
              25.039284063200288
            ],
            [
              121.62334500682658,
              25.039478772812124
            ],
            [
              121.62313034522721,
              25.03964651035779
            ],
            [
              121.62300551749242,
              25.039722012715316
            ],
            [
              121.62289522676448,
              25.03979254556311
            ],
            [
              121.62278415248974,
              25.039840775348875
            ],
            [
              121.62262424364465,
              25.0398994034467
            ],
            [
              121.62243909033451,
              25.039936488678716
            ],
            [
              121.62230694970562,
              25.039949569643674
            ],
            [
              121.62220910634763,
              25.0399570599368
            ],
            [
              121.62211195930017,
              25.03998695476935
            ],
            [
              121.62193777339128,
              25.04005502012408
            ],
            [
              121.62185168140655,
              25.040115875024757
            ],
            [
              121.62175688439332,
              25.04020831117338
            ],
            [
              121.62170465460012,
              25.04025461838378
            ],
            [
              121.62163327384386,
              25.04031499277295
            ],
            [
              121.62156676783059,
              25.04037526777335
            ],
            [
              121.62146343969334,
              25.040499244188915
            ],
            [
              121.62136846825595,
              25.040587191569703
            ],
            [
              121.62134548707122,
              25.040628210656664
            ],
            [
              121.62128455208929,
              25.040706180146888
            ],
            [
              121.62120437901316,
              25.040793626509547
            ],
            [
              121.62117138703597,
              25.040830456972063
            ],
            [
              121.62113386844338,
              25.04087636464675
            ],
            [
              121.62103080106259,
              25.041009258784236
            ],
            [
              121.62094688464624,
              25.041128247560927
            ],
            [
              121.62089543793293,
              25.04119693914158
            ],
            [
              121.6208394645788,
              25.04127470796114
            ],
            [
              121.62080220702758,
              25.041329533199086
            ],
            [
              121.62076486241375,
              25.041379929876616
            ],
            [
              121.62071863864394,
              25.041457419054378
            ],
            [
              121.62062592989635,
              25.0416034799854
            ],
            [
              121.62053252466843,
              25.04173166622631
            ],
            [
              121.62049074038501,
              25.041795568796154
            ],
            [
              121.62044973954198,
              25.04188185562611
            ],
            [
              121.62042266679038,
              25.04194527766936
            ],
            [
              121.62038088246652,
              25.042009261180343
            ],
            [
              121.62035006651779,
              25.04210414474234
            ],
            [
              121.62029931594,
              25.042190711362114
            ],
            [
              121.62022009972685,
              25.042305031443632
            ],
            [
              121.62014976264732,
              25.042392178114277
            ],
            [
              121.6200983155727,
              25.042460950923346
            ],
            [
              121.62004669437285,
              25.04252515393398
            ],
            [
              121.6200047358086,
              25.0425846486583
            ],
            [
              121.61993422449356,
              25.042667306500213
            ],
            [
              121.61983559563001,
              25.042786695714632
            ],
            [
              121.61976995907489,
              25.042869254211162
            ],
            [
              121.61971276644884,
              25.042915843695987
            ],
            [
              121.61965078597527,
              25.04296696119034
            ],
            [
              121.61956051379246,
              25.043045791099715
            ],
            [
              121.61948895758495,
              25.043101677261024
            ],
            [
              121.61935515954302,
              25.0431998443096
            ],
            [
              121.61927864126864,
              25.043255931341324
            ],
            [
              121.61925975108373,
              25.04327438618049
            ],
            [
              121.61920299345859,
              25.043334301311692
            ],
            [
              121.619161382789,
              25.043402693236334
            ],
            [
              121.61910018547941,
              25.04347174603644
            ],
            [
              121.61904891203247,
              25.043544846310247
            ],
            [
              121.61899894433867,
              25.043653797848744
            ],
            [
              121.61890623418644,
              25.043799860037353
            ],
            [
              121.61882788751993,
              25.043936463829368
            ],
            [
              121.61875493801956,
              25.044086354233738
            ],
            [
              121.61868129205641,
              25.044218450682052
            ],
            [
              121.61861278211633,
              25.044354754383843
            ],
            [
              121.61851598019913,
              25.044523300785553
            ],
            [
              121.61843745915888,
              25.044655496844495
            ],
            [
              121.61836912317612,
              25.044796289694126
            ],
            [
              121.61825334364647,
              25.044983311878877
            ],
            [
              121.61818953427625,
              25.045115027529317
            ],
            [
              121.6181022207143,
              25.04527429613693
            ],
            [
              121.6179732959801,
              25.04550195725139
            ],
            [
              121.61789512277493,
              25.045643131680997
            ],
            [
              121.61781755888448,
              25.045802120804517
            ],
            [
              121.6177531399004,
              25.045915941261452
            ],
            [
              121.61770221405602,
              25.04599802012666
            ],
            [
              121.61760993810888,
              25.046157490084937
            ],
            [
              121.6175464765885,
              25.046298184157216
            ],
            [
              121.61744871617975,
              25.046439858170896
            ],
            [
              121.61737576579318,
              25.046589749753192
            ],
            [
              121.61731108539927,
              25.04669918298746
            ],
            [
              121.61722446758661,
              25.04687632743065
            ],
            [
              121.61715978710653,
              25.04698567987557
            ],
            [
              121.61712339887946,
              25.0470628702719
            ],
            [
              121.61705941476771,
              25.047190097797568
            ],
            [
              121.61700814039904,
              25.047263279964284
            ],
            [
              121.6169391071293,
              25.047386198942714
            ],
            [
              121.61686023678489,
              25.047509499225626
            ],
            [
              121.61679390208192,
              25.047574184226008
            ],
            [
              121.61676143114363,
              25.047624401766036
            ],
            [
              121.61672913430306,
              25.04767902740346
            ],
            [
              121.61668717451263,
              25.047738523290036
            ],
            [
              121.61663067676199,
              25.047802907991407
            ],
            [
              121.61657121916049,
              25.04792105841975
            ],
            [
              121.6165109780449,
              25.048016905193
            ],
            [
              121.61647920345516,
              25.0480849978679
            ],
            [
              121.61645230386405,
              25.04815291020092
            ],
            [
              121.61646335968382,
              25.04831807504052
            ],
            [
              121.6164553507436,
              25.048497286978357
            ],
            [
              121.61644716769543,
              25.0486720098861
            ],
            [
              121.61643428374603,
              25.04872164733653
            ],
            [
              121.6163953707278,
              25.0488614802915
            ],
            [
              121.61634609829636,
              25.04898830853935
            ],
            [
              121.61630022094255,
              25.04907477773117
            ],
            [
              121.61627253782443,
              25.04912030558974
            ],
            [
              121.6162338859124,
              25.049269137171027
            ],
            [
              121.61622317828578,
              25.049376828410292
            ],
            [
              121.61626966504762,
              25.049567764231988
            ],
            [
              121.61630474774108,
              25.049718761315535
            ],
            [
              121.61633025450642,
              25.0498745271612
            ],
            [
              121.61634479248956,
              25.049999311827964
            ],
            [
              121.61633573889547,
              25.050151751338692
            ],
            [
              121.61630648881737,
              25.050286875755113
            ],
            [
              121.6162967387897,
              25.050421359361046
            ],
            [
              121.61629691289734,
              25.0505555218596
            ],
            [
              121.6163344330886,
              25.050639366791646
            ],
            [
              121.61641199799226,
              25.050744333571146
            ],
            [
              121.6164584846768,
              25.05080551384946
            ],
            [
              121.61651411197657,
              25.05084851856058
            ],
            [
              121.61659498479409,
              25.05090861650135
            ],
            [
              121.61674515214425,
              25.050984465800223
            ],
            [
              121.61683002925433,
              25.051022099975565
            ],
            [
              121.61695538610086,
              25.05108973198821
            ],
            [
              121.61701179663662,
              25.05115512048872
            ],
            [
              121.61708204860726,
              25.05119313395087
            ],
            [
              121.61715874246859,
              25.051275816337203
            ],
            [
              121.61721376005343,
              25.051300924874134
            ],
            [
              121.61727983335186,
              25.051361523406168
            ],
            [
              121.61741206688639,
              25.051482618700806
            ],
            [
              121.61753890298904,
              25.05159050825438
            ],
            [
              121.61760010114031,
              25.05165120590477
            ],
            [
              121.61766643537224,
              25.051716272166676
            ],
            [
              121.61777394549519,
              25.051833659362547
            ],
            [
              121.61789216298656,
              25.051973189947233
            ],
            [
              121.61801490708518,
              25.05210356178087
            ],
            [
              121.61811257995397,
              25.052221248740295
            ],
            [
              121.61816463729537,
              25.052300201794953
            ],
            [
              121.6182546494313,
              25.052342121308246
            ],
            [
              121.61841917819936,
              25.052408587342445
            ],
            [
              121.61864873460591,
              25.05250426708403
            ],
            [
              121.61880882315621,
              25.052584318974507
            ],
            [
              121.61898318797073,
              25.052650482683955
            ],
            [
              121.61922301532346,
              25.05275926566233
            ],
            [
              121.6194026025883,
              25.052834225295488
            ],
            [
              121.61956765200044,
              25.052914074001027
            ],
            [
              121.61974201564931,
              25.052980235688306
            ],
            [
              121.61986179801075,
              25.053030167196958
            ],
            [
              121.62000151492234,
              25.05308841371507
            ],
            [
              121.62015655261483,
              25.053164153969803
            ],
            [
              121.6202358559231,
              25.05318400856535
            ],
            [
              121.62032760743128,
              25.053140901494864
            ],
            [
              121.62038479974753,
              25.053094389499446
            ],
            [
              121.6204823835265,
              25.053077893243383
            ],
            [
              121.62053139301096,
              25.053076348113567
            ],
            [
              121.62058179528286,
              25.05311063238512
            ],
            [
              121.62067955299338,
              25.05322829333148
            ],
            [
              121.62075119550072,
              25.053306661480246
            ],
            [
              121.62080264227941,
              25.05336763549244
            ],
            [
              121.62085896385302,
              25.05342850958905
            ],
            [
              121.62092085661655,
              25.053507077065763
            ],
            [
              121.62094749399805,
              25.053564446532018
            ],
            [
              121.6210260133019,
              25.053691746582935
            ],
            [
              121.62104525139358,
              25.053811855348794
            ],
            [
              121.62106988659218,
              25.053945330469826
            ],
            [
              121.62106135567595,
              25.05411114938641
            ],
            [
              121.62103602407399,
              25.054219297897067
            ],
            [
              121.62100042054144,
              25.05431879066179
            ],
            [
              121.6209371350171,
              25.054463892341932
            ],
            [
              121.62085469838708,
              25.054623062791375
            ],
            [
              121.62077278399951,
              25.0547956187203
            ],
            [
              121.62072690843465,
              25.054882006881854
            ],
            [
              121.6207177681396,
              25.054900182269915
            ],
            [
              121.62063541840075,
              25.05505933237089
            ],
            [
              121.62051859657568,
              25.05521958757871
            ],
            [
              121.62040203578239,
              25.05538423020384
            ],
            [
              121.62029426699618,
              25.055521800850443
            ],
            [
              121.62022166664151,
              25.05568067063163
            ],
            [
              121.62018780387025,
              25.05582480886547
            ],
            [
              121.62018432183665,
              25.055994936221317
            ],
            [
              121.62019276576797,
              25.056088635711497
            ],
            [
              121.62018527939591,
              25.056151476746454
            ],
            [
              121.62021304861071,
              25.056235596110426
            ],
            [
              121.62022584508044,
              25.05631572930229
            ],
            [
              121.6202948763515,
              25.056452226110917
            ],
            [
              121.62041692144672,
              25.05656479442288
            ],
            [
              121.6205184224745,
              25.05665107229202
            ],
            [
              121.62064708316655,
              25.056678355406458
            ],
            [
              121.62082440486911,
              25.05669074619345
            ],
            [
              121.62095715657607,
              25.056695545541825
            ],
            [
              121.62112847133626,
              25.05668128571614
            ],
            [
              121.62131371383472,
              25.05664416010735
            ],
            [
              121.62146448429166,
              25.056603690997107
            ],
            [
              121.62154631113017,
              25.056560903287508
            ],
            [
              121.62164276226407,
              25.056513124000055
            ],
            [
              121.62173851691878,
              25.056447551625727
            ],
            [
              121.62189224649548,
              25.05635776828606
            ],
            [
              121.62201202658754,
              25.056277946053946
            ],
            [
              121.62211674701503,
              25.05618970962456
            ],
            [
              121.62218394910049,
              25.056147302724558
            ],
            [
              121.6222260809576,
              25.05609229437481
            ],
            [
              121.62230677560717,
              25.056018226953015
            ],
            [
              121.62240052757137,
              25.055899012385574
            ],
            [
              121.62258054505332,
              25.055723423534918
            ],
            [
              121.62267560252528,
              25.055639896511646
            ],
            [
              121.62283481490755,
              25.05556337787459
            ],
            [
              121.6230028189834,
              25.05545970653844
            ],
            [
              121.62311728793922,
              25.055371108525154
            ],
            [
              121.62318414123794,
              25.055319886103433
            ],
            [
              121.6232865102753,
              25.055169030605963
            ],
            [
              121.62337434213931,
              25.05502314621421
            ],
            [
              121.62342274103632,
              25.05500370480563
            ],
            [
              121.6234817598073,
              25.055006344937382
            ],
            [
              121.62365106864797,
              25.055068187876905
            ],
            [
              121.62379635197104,
              25.055144199390462
            ],
            [
              121.62397558380708,
              25.05521016832243
            ],
            [
              121.62406019436663,
              25.055238794169206
            ],
            [
              121.62412051852334,
              25.055277201773755
            ],
            [
              121.6242130503204,
              25.055386138992493
            ],
            [
              121.62425596485355,
              25.055483259110986
            ],
            [
              121.62427102410777,
              25.05562141832428
            ],
            [
              121.62425587780584,
              25.055742689472915
            ],
            [
              121.62425152541985,
              25.055756255435007
            ],
            [
              121.62422088461774,
              25.055855626291805
            ],
            [
              121.62418885104304,
              25.055919249882695
            ],
            [
              121.62414776448836,
              25.056001028157954
            ],
            [
              121.62409753789598,
              25.05610106258437
            ],
            [
              121.62406062960598,
              25.056164786295028
            ],
            [
              121.62400021836952,
              25.056256145102353
            ],
            [
              121.62388409639239,
              25.05643427409851
            ],
            [
              121.62378137970188,
              25.056576152739922
            ],
            [
              121.62374011890343,
              25.056653523445064
            ],
            [
              121.62370338459341,
              25.05672173592224
            ],
            [
              121.6236379243717,
              25.05680878724258
            ],
            [
              121.62359117948282,
              25.056872893613072
            ],
            [
              121.62353503336178,
              25.056946177443262
            ],
            [
              121.62345503597234,
              25.057038119173853
            ],
            [
              121.62331427873123,
              25.057212523672735
            ],
            [
              121.62323976524164,
              25.057322259699774
            ],
            [
              121.62317874422831,
              25.05739572462836
            ],
            [
              121.6231036213095,
              25.057487485556596
            ],
            [
              121.62306671269617,
              25.057551290486067
            ],
            [
              121.6230206639613,
              25.05763327077239
            ],
            [
              121.62289426922811,
              25.05779821578278
            ],
            [
              121.62281070238505,
              25.05792610685364
            ],
            [
              121.62276935418474,
              25.058003417620277
            ],
            [
              121.62270441571764,
              25.05810385446912
            ],
            [
              121.62263521181434,
              25.05822236665023
            ],
            [
              121.6226035259879,
              25.05829488720492
            ],
            [
              121.62253345153268,
              25.058391037036625
            ],
            [
              121.62250098223626,
              25.0584412555269
            ],
            [
              121.62243317099475,
              25.05859543449449
            ],
            [
              121.62238355298747,
              25.058713364161132
            ],
            [
              121.62233341266337,
              25.05881782786719
            ],
            [
              121.62229754839018,
              25.05890840330182
            ],
            [
              121.62225628705211,
              25.05898569374405
            ],
            [
              121.62222982407637,
              25.05906709168852
            ],
            [
              121.62221241422054,
              25.059125724094542
            ],
            [
              121.62217298088719,
              25.059252248699636
            ],
            [
              121.62214251362248,
              25.0593561092248
            ],
            [
              121.62210308026482,
              25.05948255298565
            ],
            [
              121.62206225410307,
              25.059573330111352
            ],
            [
              121.6220394471577,
              25.059618758454786
            ],
            [
              121.62198913258264,
              25.05971873373719
            ],
            [
              121.6219668479194,
              25.059777547213503
            ],
            [
              121.62192062463919,
              25.05985512030097
            ],
            [
              121.62184245415254,
              25.059996216386264
            ],
            [
              121.62174635138697,
              25.060182559953088
            ],
            [
              121.62167087932106,
              25.060265506326267
            ],
            [
              121.62164406800989,
              25.060337927165758
            ],
            [
              121.62158322023804,
              25.060415800761607
            ],
            [
              121.6215457888314,
              25.060466221171268
            ],
            [
              121.62148929349894,
              25.0605306095498
            ],
            [
              121.6214102522162,
              25.060649343474445
            ],
            [
              121.62128368158928,
              25.06080988259245
            ],
            [
              121.6211981984588,
              25.060888642190115
            ],
            [
              121.62116572878034,
              25.060938861119137
            ],
            [
              121.6210852074197,
              25.061017419180633
            ],
            [
              121.62099554572924,
              25.061114152813616
            ],
            [
              121.6207689537823,
              25.061358261581727
            ],
            [
              121.62044155678173,
              25.061663718634307
            ],
            [
              121.62021383206809,
              25.06187662908602
            ],
            [
              121.62004277708017,
              25.062029558741777
            ],
            [
              121.61987102542581,
              25.06216469539869
            ],
            [
              121.61969439864347,
              25.062299932203207
            ],
            [
              121.61953248326397,
              25.062434686386354
            ],
            [
              121.61938397357842,
              25.06253327025959
            ],
            [
              121.61928900040094,
              25.06262122853927
            ],
            [
              121.61913578960805,
              25.062724401264155
            ],
            [
              121.61899224135367,
              25.06282731347616
            ],
            [
              121.61882832277932,
              25.062908505922948
            ],
            [
              121.61866962708856,
              25.06299841393782
            ],
            [
              121.61851049591537,
              25.0630749159943
            ],
            [
              121.61832167969891,
              25.063147914968148
            ],
            [
              121.61822017670681,
              25.06319138883446
            ],
            [
              121.61805930385417,
              25.063223245727755
            ],
            [
              121.61798130481324,
              25.06323908363675
            ],
            [
              121.61790835476889,
              25.06325922932419
            ],
            [
              121.61781616604196,
              25.06328893512474
            ],
            [
              121.61774835200147,
              25.063313448905017
            ],
            [
              121.61761263674614,
              25.06336241608645
            ],
            [
              121.61749189442942,
              25.063415368912136
            ],
            [
              121.6173279736887,
              25.063496479789297
            ],
            [
              121.61722655686127,
              25.063544462661792
            ],
            [
              121.61717328034565,
              25.06356400503628
            ],
            [
              121.61709545480242,
              25.06358433141357
            ],
            [
              121.61701762920585,
              25.063604576867903
            ],
            [
              121.61691534156772,
              25.06362566660019
            ],
            [
              121.61678928824941,
              25.063669843033967
            ],
            [
              121.61661996917277,
              25.06373774895367
            ],
            [
              121.61646971460338,
              25.063791686790818
            ],
            [
              121.61632372547145,
              25.063827548683346
            ],
            [
              121.61614996594996,
              25.063908960466513
            ],
            [
              121.61612106403986,
              25.063923310818538
            ],
            [
              121.61613133640634,
              25.063936415483518
            ],
            [
              121.61617329640218,
              25.064006667378305
            ],
            [
              121.61625817393973,
              25.06417404353543
            ],
            [
              121.61629482360557,
              25.06423551906377
            ],
            [
              121.61633182147477,
              25.064305972165307
            ],
            [
              121.61635349786782,
              25.064358931856862
            ],
            [
              121.61638596892276,
              25.064438462517288
            ],
            [
              121.61641312969081,
              25.064509217002573
            ],
            [
              121.61646388200599,
              25.064682065172942
            ],
            [
              121.61653082627726,
              25.064765019296264
            ],
            [
              121.61658828166716,
              25.064857171574968
            ],
            [
              121.61662223256572,
              25.064976878878518
            ],
            [
              121.61665992675657,
              25.065065205667903
            ],
            [
              121.6166621901487,
              25.06512323641279
            ],
            [
              121.61666245130931,
              25.065261903610548
            ],
            [
              121.61665818568568,
              25.065409648433523
            ],
            [
              121.61664852274171,
              25.065544188728644
            ],
            [
              121.61666976380664,
              25.06571794068746
            ],
            [
              121.61671215887104,
              25.06580167819263
            ],
            [
              121.61682315203446,
              25.065878754758078
            ],
            [
              121.61695155575481,
              25.06589711629385
            ],
            [
              121.61703477869871,
              25.065889993175805
            ],
            [
              121.61710259316544,
              25.065865559432073
            ],
            [
              121.61714455280236,
              25.06580606028007
            ],
            [
              121.61716152816975,
              25.065733939577765
            ],
            [
              121.61720740517553,
              25.06564754894131
            ],
            [
              121.61724866834896,
              25.06557017565749
            ],
            [
              121.61730856086095,
              25.06546542818834
            ],
            [
              121.61738795321185,
              25.065355588608636
            ],
            [
              121.61747831417526,
              25.065276727509023
            ],
            [
              121.61755361492317,
              25.06518937161197
            ],
            [
              121.61763971016796,
              25.06512858627931
            ],
            [
              121.61771753533812,
              25.065108258785465
            ],
            [
              121.61781581783134,
              25.065109630393394
            ],
            [
              121.6178798015168,
              25.065112148411856
            ],
            [
              121.6179159283437,
              25.06516023693803
            ],
            [
              121.61789425224893,
              25.06523694625291
            ],
            [
              121.6178666565721,
              25.065286984999762
            ],
            [
              121.61783549173028,
              25.065372973561864
            ],
            [
              121.61779457698083,
              25.06545924330691
            ],
            [
              121.61777394549519,
              25.06556280427123
            ],
            [
              121.61779675329767,
              25.065647042792058
            ],
            [
              121.61783444709856,
              25.06573536810375
            ],
            [
              121.61785655846788,
              25.06580181332056
            ],
            [
              121.61789930129947,
              25.065894365301975
            ],
            [
              121.61790626550679,
              25.065947887360505
            ],
            [
              121.61792158676131,
              25.066094966768333
            ],
            [
              121.61792750633639,
              25.06612163724798
            ],
            [
              121.6179450909546,
              25.06619715992548
            ],
            [
              121.61794839895178,
              25.06628657132189
            ],
            [
              121.6179514457912,
              25.06636698466109
            ],
            [
              121.61795449263053,
              25.06644739798251
            ],
            [
              121.61793333885858,
              25.066537492583336
            ],
            [
              121.61788841972474,
              25.066650755264384
            ],
            [
              121.61784210773097,
              25.066723740017068
            ],
            [
              121.61779118192649,
              25.06680590390315
            ],
            [
              121.61768793740497,
              25.06693432185273
            ],
            [
              121.61762325718892,
              25.067043759930407
            ],
            [
              121.61757807677387,
              25.06714802474664
            ],
            [
              121.6175582287246,
              25.067273888190726
            ],
            [
              121.61755788051316,
              25.067394659191386
            ],
            [
              121.61757267949766,
              25.06752843397667
            ],
            [
              121.61761968802384,
              25.067603071443788
            ],
            [
              121.6176998636319,
              25.067645281859765
            ],
            [
              121.61772005986734,
              25.067658063384624
            ],
            [
              121.6178092888818,
              25.0676821183234
            ],
            [
              121.61792689696838,
              25.06767398760939
            ],
            [
              121.61800541836176,
              25.067671532587955
            ],
            [
              121.61818178661497,
              25.067661570961985
            ],
            [
              121.61839158265015,
              25.06762373111071
            ],
            [
              121.61846975551349,
              25.067612298397034
            ],
            [
              121.61853974542565,
              25.067645913381483
            ],
            [
              121.61859493644535,
              25.067675502125052
            ],
            [
              121.61864533957711,
              25.067709700334323
            ],
            [
              121.61873221746156,
              25.067800962869708
            ],
            [
              121.61876416552458,
              25.06786710484152
            ],
            [
              121.61882710405298,
              25.06797243595183
            ],
            [
              121.61893887861488,
              25.06807189015816
            ],
            [
              121.61905848772041,
              25.06811731912773
            ],
            [
              121.61916825986724,
              25.068163130821176
            ],
            [
              121.61932739011837,
              25.06821636960359
            ],
            [
              121.61945744498288,
              25.068279390131938
            ],
            [
              121.61949844618438,
              25.06832284629984
            ],
            [
              121.61952055722956,
              25.068389208683936
            ],
            [
              121.6195304810831,
              25.068523162080393
            ],
            [
              121.61954876186367,
              25.068616475740924
            ],
            [
              121.61958950187827,
              25.06865554451856
            ],
            [
              121.61966767391664,
              25.068644110501044
            ],
            [
              121.61973061194408,
              25.068619774742185
            ],
            [
              121.61984273382069,
              25.068598377198587
            ],
            [
              121.61999463789458,
              25.0685891765944
            ],
            [
              121.62008934932886,
              25.06862649275432
            ],
            [
              121.62023942500593,
              25.068697884501884
            ],
            [
              121.62034989241637,
              25.0687614868314
            ],
            [
              121.62041596388944,
              25.068822071277463
            ],
            [
              121.62048264467832,
              25.06889602001367
            ],
            [
              121.6205689118027,
              25.06896938474907
            ],
            [
              121.62064934647918,
              25.0690205889943
            ],
            [
              121.62078566745654,
              25.069119253161528
            ],
            [
              121.62089021491504,
              25.069285929610395
            ],
            [
              121.62090762497373,
              25.069356960637585
            ],
            [
              121.62092094366683,
              25.069450555602668
            ],
            [
              121.62094357673645,
              25.069530301558054
            ],
            [
              121.62098980041463,
              25.069582552083116
            ],
            [
              121.62106431538166,
              25.069607086098046
            ],
            [
              121.6211528453665,
              25.06960881409455
            ],
            [
              121.62132859937952,
              25.06958095126313
            ],
            [
              121.62146021884845,
              25.06955445836354
            ],
            [
              121.62150026177832,
              25.069575571231496
            ],
            [
              121.62152141488555,
              25.069615222500367
            ],
            [
              121.62152376523058,
              25.06967775955305
            ],
            [
              121.62152272063281,
              25.06978065299446
            ],
            [
              121.62149852078167,
              25.069920079297244
            ],
            [
              121.62147214467905,
              25.070001457156064
            ],
            [
              121.62139406093341,
              25.070147065301146
            ],
            [
              121.62132163538219,
              25.070310344998912
            ],
            [
              121.62130553113677,
              25.07040482594339
            ],
            [
              121.62131919798303,
              25.070507235635862
            ],
            [
              121.62131432318454,
              25.07063716094628
            ],
            [
              121.62130735918637,
              25.070713385175328
            ],
            [
              121.62128089598932,
              25.070794783690406
            ],
            [
              121.62126635863831,
              25.07092941907086
            ],
            [
              121.62126679388837,
              25.071072568335605
            ],
            [
              121.62126749028847,
              25.07122010466034
            ],
            [
              121.62127001473874,
              25.071287130153696
            ],
            [
              121.62126435648804,
              25.071399202523473
            ],
            [
              121.62127732693925,
              25.071483819457526
            ],
            [
              121.62128342043928,
              25.071644639920347
            ],
            [
              121.62125678313663,
              25.071851212678713
            ],
            [
              121.6212254451255,
              25.071932711750446
            ],
            [
              121.62119402005567,
              25.0720097825929
            ],
            [
              121.62114222525396,
              25.072069504206986
            ],
            [
              121.62109565343727,
              25.07213810243899
            ],
            [
              121.62101904928603,
              25.07218969367168
            ],
            [
              121.62095646017409,
              25.072222927636655
            ],
            [
              121.62081308832299,
              25.07233033732285
            ],
            [
              121.62073813793896,
              25.07242659217249
            ],
            [
              121.62070157675804,
              25.07249929570539
            ],
            [
              121.62066962924033,
              25.072562901023517
            ],
            [
              121.62064777957045,
              25.07263520157435
            ],
            [
              121.6206212291691,
              25.072712091223192
            ],
            [
              121.62060529892531,
              25.072810980031576
            ],
            [
              121.62059406940787,
              25.07290527974478
            ],
            [
              121.62059441760996,
              25.073043919960398
            ],
            [
              121.62059380825629,
              25.07316029964653
            ],
            [
              121.62061121836041,
              25.073231329776434
            ],
            [
              121.62063289393635,
              25.073284284503497
            ],
            [
              121.6206379428651,
              25.073288591639784
            ],
            [
              121.62069104365372,
              25.073394299910973
            ],
            [
              121.6207674739256,
              25.07346804423511
            ],
            [
              121.62085374083348,
              25.073541324059047
            ],
            [
              121.62097587237798,
              25.07365385110479
            ],
            [
              121.62104760174844,
              25.073732103122545
            ],
            [
              121.62113926555028,
              25.07381874741107
            ],
            [
              121.621220570323,
              25.07389222851564
            ],
            [
              121.62126252843773,
              25.073962552135196
            ],
            [
              121.62130544408677,
              25.074059584792526
            ],
            [
              121.62135514961535,
              25.07420564791127
            ],
            [
              121.62137847899781,
              25.074303346008783
            ],
            [
              121.62137813079812,
              25.074424192661553
            ],
            [
              121.6214170421083,
              25.074543687294987
            ],
            [
              121.62142949024273,
              25.074614918554854
            ],
            [
              121.6215166271456,
              25.07471063918547
            ],
            [
              121.6215934050605,
              25.074793196795497
            ],
            [
              121.62166356714593,
              25.074831293321303
            ],
            [
              121.62171806024932,
              25.07484300329639
            ],
            [
              121.62174800533016,
              25.074855500267503
            ],
            [
              121.62180197609543,
              25.074853825551752
            ],
            [
              121.62183679593038,
              25.074866140955177
            ],
            [
              121.62192393252047,
              25.074832118622766
            ],
            [
              121.6220024511488,
              25.07482965675726
            ],
            [
              121.62223408949063,
              25.074719500271932
            ],
            [
              121.62237876528388,
              25.074647935524297
            ],
            [
              121.62251273385934,
              25.07455431198958
            ],
            [
              121.62260039222437,
              25.074533674041223
            ],
            [
              121.62269980212538,
              25.074566312593788
            ],
            [
              121.62276239027584,
              25.074662818593396
            ],
            [
              121.62281244336158,
              25.074817775134992
            ],
            [
              121.62286824164504,
              25.074994992244353
            ],
            [
              121.62291385519804,
              25.075163535054866
            ],
            [
              121.62295372351753,
              25.07530997873599
            ],
            [
              121.62303241553056,
              25.075441664409922
            ],
            [
              121.6231232072433,
              25.075635683743652
            ],
            [
              121.62318910300463,
              25.075821513280747
            ],
            [
              121.62321295430115,
              25.075932593497896
            ],
            [
              121.62322374831692,
              25.07608882059533
            ],
            [
              121.62322322602586,
              25.07620517669483
            ],
            [
              121.62319319428578,
              25.07632244170524
            ],
            [
              121.6231725637815,
              25.076425917844887
            ],
            [
              121.62318266141276,
              25.076564352799217
            ],
            [
              121.62317221558727,
              25.076676502803085
            ],
            [
              121.62315933240122,
              25.076726057320307
            ],
            [
              121.6231565468473,
              25.076784306284736
            ],
            [
              121.62317465294666,
              25.076873206500835
            ],
            [
              121.62318666564559,
              25.076931031065726
            ],
            [
              121.62318527286897,
              25.077025025701463
            ],
            [
              121.6232227907833,
              25.07710885188499
            ],
            [
              121.62329451873352,
              25.07718709874119
            ],
            [
              121.62340585365378,
              25.077273130627397
            ],
            [
              121.62348010588936,
              25.07728866052786
            ],
            [
              121.62357925387492,
              25.077312379338956
            ],
            [
              121.62364828310609,
              25.077319194836672
            ],
            [
              121.62375822490966,
              25.077369480501517
            ],
            [
              121.62385223681869,
              25.07738891283511
            ],
            [
              121.62404548327592,
              25.07743204270818
            ],
            [
              121.62421836023309,
              25.077457986617876
            ],
            [
              121.62435197844599,
              25.077485122268126
            ],
            [
              121.62447645650924,
              25.077530433528988
            ],
            [
              121.62462313153436,
              25.07764216088979
            ],
            [
              121.62474343102767,
              25.077705525962596
            ],
            [
              121.62480027292911,
              25.077779767164078
            ],
            [
              121.62484249086198,
              25.07785900220673
            ],
            [
              121.62489480625803,
              25.077942320832204
            ],
            [
              121.6249311049463,
              25.07799488819182
            ],
            [
              121.62495869890535,
              25.078074587463107
            ],
            [
              121.62500370228793,
              25.078225231518257
            ],
            [
              121.62503242784192,
              25.07833620794114
            ],
            [
              121.6250259863547,
              25.078425894483207
            ],
            [
              121.62502407131787,
              25.078506422509193
            ],
            [
              121.6250414807423,
              25.078577448104703
            ],
            [
              121.62505479895015,
              25.078671036923538
            ],
            [
              121.62506846534482,
              25.07877344063376
            ],
            [
              121.62507090266347,
              25.07883603486624
            ],
            [
              121.62501675935881,
              25.07883322433876
            ],
            [
              121.62495129989489,
              25.078790543990294
            ],
            [
              121.62489019275486,
              25.078734297573092
            ],
            [
              121.6248342213712,
              25.078682337047606
            ],
            [
              121.6247836468935,
              25.07864365973428
            ],
            [
              121.6247429087436,
              25.07860467909074
            ],
            [
              121.62470182238957,
              25.078556802561124
            ],
            [
              121.62460842051668,
              25.07842544565724
            ],
            [
              121.62453094826178,
              25.078325022063776
            ],
            [
              121.62444381367368,
              25.07822930899524
            ],
            [
              121.62436790816379,
              25.078169037782043
            ],
            [
              121.62429330831846,
              25.078144532318234
            ],
            [
              121.62423307130136,
              25.078110645941784
            ],
            [
              121.62413496846087,
              25.07811369701614
            ],
            [
              121.62408639577198,
              25.07812865754146
            ],
            [
              121.62400370028605,
              25.078149096272583
            ],
            [
              121.62394703208142,
              25.07820900123721
            ],
            [
              121.62390420447942,
              25.078246141085568
            ],
            [
              121.62387809008001,
              25.07833643469179
            ],
            [
              121.62386538107013,
              25.078390558289907
            ],
            [
              121.62384475068805,
              25.07849403388645
            ],
            [
              121.62386346601373,
              25.07860082624351
            ],
            [
              121.62389123432847,
              25.078684933684237
            ],
            [
              121.62394128691624,
              25.07871022735357
            ],
            [
              121.6240888331117,
              25.078714576351686
            ],
            [
              121.62419424800463,
              25.07877393778043
            ],
            [
              121.62429435289073,
              25.078824443732657
            ],
            [
              121.62443066948926,
              25.07892308880956
            ],
            [
              121.62447906793567,
              25.079033458965732
            ],
            [
              121.62451197190364,
              25.079126381211665
            ],
            [
              121.62452111189305,
              25.079237943781582
            ],
            [
              121.6244949105881,
              25.079323728172916
            ],
            [
              121.62443937424733,
              25.079414910866507
            ],
            [
              121.62439811368814,
              25.079492284566932
            ],
            [
              121.62432307862437,
              25.079588562302316
            ],
            [
              121.62423968692909,
              25.07972086797992
            ],
            [
              121.62421748975562,
              25.07978419060715
            ],
            [
              121.6241631719481,
              25.079906711142552
            ],
            [
              121.62413662236928,
              25.079983518945483
            ],
            [
              121.62415551174237,
              25.08009479883539
            ],
            [
              121.62420608650011,
              25.08026321439468
            ],
            [
              121.62425344046969,
              25.08034673475184
            ],
            [
              121.62431036966433,
              25.080425483867373
            ],
            [
              121.62438131349838,
              25.08048142648884
            ],
            [
              121.62448664107198,
              25.08054072560185
            ],
            [
              121.62459797482245,
              25.080626752152
            ],
            [
              121.62463418655823,
              25.080674809770183
            ],
            [
              121.62470434676345,
              25.080712899994023
            ],
            [
              121.62473107030412,
              25.080770237616285
            ],
            [
              121.62474238645952,
              25.080810107157642
            ],
            [
              121.62480784604399,
              25.080852786526798
            ],
            [
              121.6249372852973,
              25.08089797211558
            ],
            [
              121.62503268898327,
              25.080953145531787
            ],
            [
              121.62514872273776,
              25.081034500559294
            ],
            [
              121.62520434577829,
              25.08107756381082
            ],
            [
              121.62530114199033,
              25.08116840061059
            ],
            [
              121.62541412883122,
              25.081299086224217
            ],
            [
              121.6254758450165,
              25.081373223585157
            ],
            [
              121.62550761708754,
              25.08143486686376
            ],
            [
              121.62556602544691,
              25.081549338029753
            ],
            [
              121.62561198610202,
              25.081597111662592
            ],
            [
              121.6256681311952,
              25.081653558258626
            ],
            [
              121.62571957574455,
              25.081714513243057
            ],
            [
              121.62580636116661,
              25.081801325743022
            ],
            [
              121.62586285434955,
              25.081866667742208
            ],
            [
              121.62592996716971,
              25.081954006268543
            ],
            [
              121.62603076689508,
              25.08202246043561
            ],
            [
              121.62616037884551,
              25.0820720503607
            ],
            [
              121.6263583218608,
              25.08211065989699
            ],
            [
              121.62642273596015,
              25.082126488355577
            ],
            [
              121.62654695061329,
              25.082162875669354
            ],
            [
              121.62668970589813,
              25.082171827309548
            ],
            [
              121.62682776053317,
              25.082185449005426
            ],
            [
              121.62698174435093,
              25.082229840712472
            ],
            [
              121.62709977815906,
              25.082235092958953
            ],
            [
              121.62722703866113,
              25.082222148679048
            ],
            [
              121.62731721769929,
              25.0822685236847
            ],
            [
              121.62741244529303,
              25.08231928562646
            ],
            [
              121.6274929621632,
              25.08237045235202
            ],
            [
              121.62754962859647,
              25.08244019970752
            ],
            [
              121.6275905398287,
              25.082483665259236
            ],
            [
              121.62765721640112,
              25.082557677740535
            ],
            [
              121.6277052652906,
              25.082658984379034
            ],
            [
              121.62778525968281,
              25.082826501075264
            ],
            [
              121.62787134716484,
              25.083025091046036
            ],
            [
              121.62787709213099,
              25.08304734998729
            ],
            [
              121.62796840223557,
              25.083254733821377
            ],
            [
              121.62800304608825,
              25.0833922900753
            ],
            [
              121.62800826877869,
              25.083530818237485
            ],
            [
              121.62799146912359,
              25.083607422418112
            ],
            [
              121.62795525845955,
              25.08368902116598
            ],
            [
              121.62786238153528,
              25.08383060763891
            ],
            [
              121.6277589720868,
              25.083954626196007
            ],
            [
              121.62766078525048,
              25.08408743910567
            ],
            [
              121.62757078057582,
              25.084304941391498
            ],
            [
              121.62754675610516,
              25.084448849133683
            ],
            [
              121.62751742187136,
              25.084583983182657
            ],
            [
              121.62756642831701,
              25.084841891618776
            ],
            [
              121.6276586091228,
              25.08494190045211
            ],
            [
              121.62779257146337,
              25.0851077334695
            ],
            [
              121.6278548086243,
              25.085195249521046
            ],
            [
              121.62794211468201,
              25.08529543974958
            ],
            [
              121.6279898152714,
              25.085387849003883
            ],
            [
              121.62805683978826,
              25.085470754585685
            ],
            [
              121.62810889256752,
              25.085549678692402
            ],
            [
              121.62816468824589,
              25.085726877628296
            ],
            [
              121.6282385891879,
              25.085863236443128
            ],
            [
              121.62830526537928,
              25.085937165087312
            ],
            [
              121.62838882817476,
              25.08606881209248
            ],
            [
              121.6284353099531,
              25.086129965131367
            ],
            [
              121.62847239090867,
              25.086200377953848
            ],
            [
              121.62852966616364,
              25.08628809528478
            ],
            [
              121.62856135033485,
              25.086345225756524
            ],
            [
              121.62858328552507,
              25.0864071690798
            ],
            [
              121.6286054818442,
              25.086473579925244
            ],
            [
              121.62858311143628,
              25.086532413401613
            ],
            [
              121.62850529371825,
              25.086682490677497
            ],
            [
              121.62843974922309,
              25.086769490241977
            ],
            [
              121.62837020064026,
              25.086879031915686
            ],
            [
              121.62832911560011,
              25.086960893969348
            ],
            [
              121.62829351435623,
              25.087060385207053
            ],
            [
              121.62827253660095,
              25.08715496217653
            ],
            [
              121.62827288477948,
              25.087163938465785
            ],
            [
              121.6282465972965,
              25.08737947453071
            ],
            [
              121.62825878354766,
              25.08744170137906
            ],
            [
              121.62825356086874,
              25.087562639835923
            ],
            [
              121.62824320255488,
              25.087679292978244
            ],
            [
              121.6282244009071,
              25.08796172609696
            ],
            [
              121.62820864582024,
              25.088065097054862
            ],
            [
              121.6281639048434,
              25.08818276431887
            ],
            [
              121.62811385411884,
              25.088287209772727
            ],
            [
              121.62805866772908,
              25.08838736998544
            ],
            [
              121.62798250350352,
              25.088452374817148
            ],
            [
              121.62789232499435,
              25.08853573788861
            ],
            [
              121.62779709780351,
              25.088614714234712
            ],
            [
              121.62772511156508,
              25.088661746009045
            ],
            [
              121.62766861930967,
              25.08872614238077
            ],
            [
              121.62762144085602,
              25.088776850946143
            ],
            [
              121.62758906006098,
              25.08883150084658
            ],
            [
              121.62755589585004,
              25.08886385118018
            ],
            [
              121.62749479011312,
              25.088937345887867
            ],
            [
              121.62728988545015,
              25.089104782238095
            ],
            [
              121.62725219478999,
              25.089146210309988
            ],
            [
              121.6271805563876,
              25.089202137591773
            ],
            [
              121.62711457589917,
              25.08927581466911
            ],
            [
              121.62703336239572,
              25.08933651379542
            ],
            [
              121.62691950671093,
              25.089442946942427
            ],
            [
              121.62680591204918,
              25.089558296171756
            ],
            [
              121.62676839531977,
              25.089604212484552
            ],
            [
              121.62667499514843,
              25.089732417816407
            ],
            [
              121.62663312608112,
              25.089796348529905
            ],
            [
              121.62656279297694,
              25.08988351080649
            ],
            [
              121.6264816661244,
              25.08994871882814
            ],
            [
              121.62638339113623,
              25.090077025722582
            ],
            [
              121.62628389741668,
              25.090174077184027
            ],
            [
              121.62624159297405,
              25.0902246037633
            ],
            [
              121.62616951870211,
              25.09026712700352
            ],
            [
              121.62612294894892,
              25.090335647428226
            ],
            [
              121.62608569313257,
              25.09039056083834
            ],
            [
              121.62600534935619,
              25.0904735393746
            ],
            [
              121.62597758155891,
              25.090519172200068
            ],
            [
              121.6259697473829,
              25.09070284641306
            ],
            [
              121.62596313185608,
              25.09078804236136
            ],
            [
              121.62599542606893,
              25.090863065459388
            ],
            [
              121.62601727470906,
              25.090920500344975
            ],
            [
              121.62604382384775,
              25.090973345615343
            ],
            [
              121.62605635852093,
              25.091044549259315
            ],
            [
              121.62610771584792,
              25.091105600527275
            ],
            [
              121.62618335905496,
              25.091156863877988
            ],
            [
              121.62631070763142,
              25.091278154448105
            ],
            [
              121.62631410243088,
              25.091367533958017
            ],
            [
              121.62631305787721,
              25.09147049996191
            ],
            [
              121.6262382852186,
              25.09157116843538
            ],
            [
              121.62618701499699,
              25.09164435959083
            ],
            [
              121.62614096752857,
              25.091726344785204
            ],
            [
              121.62609935940307,
              25.091794743471354
            ],
            [
              121.62603842697418,
              25.091872727200865
            ],
            [
              121.62592996716971,
              25.091992362984954
            ],
            [
              121.62586903464982,
              25.09207034677553
            ],
            [
              121.62578964823193,
              25.092180194739754
            ],
            [
              121.6257525663993,
              25.09223951575522
            ],
            [
              121.62571174155073,
              25.09233029516205
            ],
            [
              121.62568980580512,
              25.092398004418758
            ],
            [
              121.62564384518156,
              25.092614232150463
            ],
            [
              121.62562896020287,
              25.092739883317037
            ],
            [
              121.62561268247545,
              25.092829871728654
            ],
            [
              121.62558578504903,
              25.09289786482758
            ],
            [
              121.62555906170967,
              25.092970265229983
            ],
            [
              121.62552345959634,
              25.09306975789975
            ],
            [
              121.62547697662467,
              25.093138339221596
            ],
            [
              121.62540672985048,
              25.093230011383753
            ],
            [
              121.6253180290908,
              25.09335354784029
            ],
            [
              121.6252527438946,
              25.09344501714994
            ],
            [
              121.62518197469953,
              25.093523305759636
            ],
            [
              121.62508718046865,
              25.093615769179134
            ],
            [
              121.62505488599724,
              25.09367039936451
            ],
            [
              121.62504792222865,
              25.093746699940198
            ],
            [
              121.6250502725006,
              25.093809231563696
            ],
            [
              121.62504957612373,
              25.09392109346656
            ],
            [
              121.62506463527264,
              25.094059316768522
            ],
            [
              121.62508221878497,
              25.09413482608752
            ],
            [
              121.62510415464803,
              25.09419676936141
            ],
            [
              121.62512095473079,
              25.094249898029247
            ],
            [
              121.62512191224842,
              25.094276766786273
            ],
            [
              121.62513409883526,
              25.094338993848098
            ],
            [
              121.62515081186653,
              25.094392143053685
            ],
            [
              121.62516787308343,
              25.094454268580073
            ],
            [
              121.62519616336087,
              25.094551752329753
            ],
            [
              121.62522384430244,
              25.094635872978618
            ],
            [
              121.62524229825975,
              25.094733741960212
            ],
            [
              121.62525518120928,
              25.094813840625932
            ],
            [
              121.62528251394875,
              25.09488906567759
            ],
            [
              121.62531097829144,
              25.094991037291663
            ],
            [
              121.62534797322155,
              25.09506146956082
            ],
            [
              121.62535963750291,
              25.095110312725147
            ],
            [
              121.62543597758331,
              25.09517952678601
            ],
            [
              121.62551684404349,
              25.095239581988523
            ],
            [
              121.6256281767829,
              25.095325591972667
            ],
            [
              121.62568310321534,
              25.095350695026127
            ],
            [
              121.6257589207987,
              25.095406524989475
            ],
            [
              121.62583421605231,
              25.095448890421345
            ],
            [
              121.62593031535546,
              25.095521922322405
            ],
            [
              121.62603651195444,
              25.095603646260308
            ],
            [
              121.62610266716256,
              25.095664187533156
            ],
            [
              121.62615968247546,
              25.09574290494132
            ],
            [
              121.62620163876376,
              25.095813133109942
            ],
            [
              121.62624829553081,
              25.095878852380796
            ],
            [
              121.62623784998763,
              25.09599099686834
            ],
            [
              121.62621225840272,
              25.09609467284282
            ],
            [
              121.6261337426878,
              25.096226881872795
            ],
            [
              121.62608325583575,
              25.09632237347732
            ],
            [
              121.62598088932197,
              25.09647316515122
            ],
            [
              121.62586886055684,
              25.096628749704948
            ],
            [
              121.62574716951183,
              25.09678912714995
            ],
            [
              121.62564732704762,
              25.096877286640396
            ],
            [
              121.62553425339226,
              25.097006104423812
            ],
            [
              121.62544694548117,
              25.097035653163854
            ],
            [
              121.62535946340917,
              25.097060713736763
            ],
            [
              121.62528608287285,
              25.0970674757651
            ],
            [
              121.62516386892051,
              25.09708473726751
            ],
            [
              121.62503120918223,
              25.0970844110074
            ],
            [
              121.62487948594489,
              25.097098056817135
            ],
            [
              121.62478591012365,
              25.097092044220975
            ],
            [
              121.6247126162637,
              25.09710331466669
            ],
            [
              121.62464898462001,
              25.097109792314324
            ],
            [
              121.62457490724435,
              25.09709868217168
            ],
            [
              121.62446627194556,
              25.097084180001417
            ],
            [
              121.62437757045055,
              25.097077984598126
            ],
            [
              121.6242789454488,
              25.097067665804136
            ],
            [
              121.62411773299301,
              25.097090591566722
            ],
            [
              121.62398942442763,
              25.097076697987408
            ],
            [
              121.62387521749571,
              25.09704450571481
            ],
            [
              121.6237808574134,
              25.09701611153749
            ],
            [
              121.6236620367184,
              25.096993017446405
            ],
            [
              121.6235424324646,
              25.096947542481605
            ],
            [
              121.62338948855896,
              25.096929930605942
            ],
            [
              121.6232765867502,
              25.09693342106472
            ],
            [
              121.62314653626227,
              25.097000172977125
            ],
            [
              121.62306392713995,
              25.097025049785046
            ],
            [
              121.6229913285571,
              25.09705419120493
            ],
            [
              121.62290401868911,
              25.097083738550428
            ],
            [
              121.62279198688572,
              25.097109669782398
            ],
            [
              121.62266559189781,
              25.09714490243654
            ],
            [
              121.62252483367742,
              25.09718951738179
            ],
            [
              121.62240871019036,
              25.097237930750957
            ],
            [
              121.62231635102026,
              25.09726317199284
            ],
            [
              121.62215156675339,
              25.097321961735638
            ],
            [
              121.62202717318901,
              25.09741083093125
            ],
            [
              121.62200889280767,
              25.0974471839484
            ],
            [
              121.62195013441914,
              25.0975832945687
            ],
            [
              121.6219177520053,
              25.09763794617908
            ],
            [
              121.62187187690328,
              25.097724421423
            ],
            [
              121.62182147520433,
              25.097819893778418
            ],
            [
              121.62177072528448,
              25.097906470543435
            ],
            [
              121.62173024720181,
              25.09800614737675
            ],
            [
              121.62167958429086,
              25.09809723303363
            ],
            [
              121.62158600583057,
              25.098220954181247
            ],
            [
              121.62157181671779,
              25.098234743956237
            ],
            [
              121.62149129564527,
              25.09831331789224
            ],
            [
              121.6213809163957,
              25.09838390946715
            ],
            [
              121.62125687018666,
              25.098481674726706
            ],
            [
              121.62114231230406,
              25.09857023995138
            ],
            [
              121.6210118241191,
              25.09862803582926
            ],
            [
              121.62089561203355,
              25.09867194039662
            ],
            [
              121.62078453580158,
              25.0987245788305
            ],
            [
              121.62061043490577,
              25.098797137805644
            ],
            [
              121.62046723671884,
              25.098908976666202
            ],
            [
              121.6203721773971,
              25.098992444848523
            ],
            [
              121.62021461552547,
              25.099113666160743
            ],
            [
              121.6201098062919,
              25.099201947639457
            ],
            [
              121.61991846825546,
              25.0993376278398
            ],
            [
              121.61976464895405,
              25.09942747084615
            ],
            [
              121.61954510570777,
              25.09959982938716
            ],
            [
              121.61943141661163,
              25.099710755392465
            ],
            [
              121.619346280292,
              25.09979834742879
            ],
            [
              121.61929787965646,
              25.099817801810758
            ],
            [
              121.61915955470482,
              25.099929458595923
            ],
            [
              121.61903994570578,
              25.100013717991082
            ],
            [
              121.61893348140336,
              25.100057338475512
            ],
            [
              121.61874074855282,
              25.100157273928136
            ],
            [
              121.61863959414354,
              25.10020958721645
            ],
            [
              121.61858840754064,
              25.10028728982456
            ],
            [
              121.61855201977147,
              25.100364485244942
            ],
            [
              121.61849630641807,
              25.10045118510676
            ],
            [
              121.61843136550603,
              25.100551633739403
            ],
            [
              121.61832725104408,
              25.10065778802787
            ],
            [
              121.61821286430937,
              25.100750841943913
            ],
            [
              121.61800602772932,
              25.100869076348175
            ],
            [
              121.61785090004702,
              25.100923153799968
            ],
            [
              121.61767609822954,
              25.10097783972862
            ],
            [
              121.61753629140293,
              25.10104924267399
            ],
            [
              121.61740649549634,
              25.101124910560067
            ],
            [
              121.61735939982889,
              25.101180049678348
            ],
            [
              121.61727565480452,
              25.10130346819689
            ],
            [
              121.61721689396568,
              25.10143950074052
            ],
            [
              121.61717458614291,
              25.101490029565888
            ],
            [
              121.61712244129437,
              25.101540862681013
            ],
            [
              121.61704731436701,
              25.10163263935571
            ],
            [
              121.61700021855056,
              25.10168785946972
            ],
            [
              121.6168956675093,
              25.101780528445214
            ],
            [
              121.61679189985273,
              25.101895659932367
            ],
            [
              121.61675516329389,
              25.101963879195875
            ],
            [
              121.61673853607968,
              25.102044894753465
            ],
            [
              121.61672330171898,
              25.102161736460378
            ],
            [
              121.61670249593166,
              25.102260726060802
            ],
            [
              121.6166860428168,
              25.1023463108884
            ],
            [
              121.6165767035379,
              25.10244359054211
            ],
            [
              121.61645300029365,
              25.102550333584208
            ],
            [
              121.61637883051468,
              25.10266898063545
            ],
            [
              121.61634731704935,
              25.10274607542331
            ],
            [
              121.61630657587119,
              25.10283675732676
            ],
            [
              121.61624302656847,
              25.102977400935902
            ],
            [
              121.61616894370623,
              25.103096027567197
            ],
            [
              121.61607919107868,
              25.103192800390662
            ],
            [
              121.6160259140247,
              25.103212356320135
            ],
            [
              121.61593955639388,
              25.10326869252547
            ],
            [
              121.61586425457554,
              25.10335606231169
            ],
            [
              121.61577998612309,
              25.1034660975298
            ],
            [
              121.61565758782555,
              25.103608526147493
            ],
            [
              121.61560152483442,
              25.103686331229415
            ],
            [
              121.61554032560595,
              25.103755321243813
            ],
            [
              121.61545518636842,
              25.103842995500635
            ],
            [
              121.61539729513261,
              25.10387165026467
            ],
            [
              121.61528116435403,
              25.103919982953204
            ],
            [
              121.61510226700776,
              25.103997152611885
            ],
            [
              121.61491797197722,
              25.10406112008775
            ],
            [
              121.61476754104567,
              25.104110527082447
            ],
            [
              121.61467569798891,
              25.104149152172972
            ],
            [
              121.61450071717285,
              25.104199349789045
            ],
            [
              121.6143353992288,
              25.10424475458216
            ],
            [
              121.61419489184546,
              25.104298365995753
            ],
            [
              121.6141087939887,
              25.104359169971147
            ],
            [
              121.61395487976068,
              25.10444895329508
            ],
            [
              121.61384353557088,
              25.1044927559176
            ],
            [
              121.6136882280902,
              25.104542263662136
            ],
            [
              121.61352760998459,
              25.104583078094254
            ],
            [
              121.61340033412117,
              25.1045960285747
            ],
            [
              121.61326870530804,
              25.10462246481104
            ],
            [
              121.6130729158719,
              25.10464199147895
            ],
            [
              121.61288574468588,
              25.104629956102784
            ],
            [
              121.61266496934627,
              25.104636786565294
            ],
            [
              121.61252280581886,
              25.104645734018945
            ],
            [
              121.61235034633457,
              25.10463321139
            ],
            [
              121.61214872249644,
              25.104626048034326
            ],
            [
              121.61200655832293,
              25.10463499485691
            ],
            [
              121.61188450418751,
              25.1046566577771
            ],
            [
              121.61176305932207,
              25.104691765584942
            ],
            [
              121.61163168978382,
              25.104727197948176
            ],
            [
              121.61133752245368,
              25.104875057309645
            ],
            [
              121.61102246047604,
              25.104987736759746
            ],
            [
              121.6109253038568,
              25.105017586016917
            ],
            [
              121.61081804842439,
              25.105038822423776
            ],
            [
              121.6106623015164,
              25.105079452016206
            ],
            [
              121.61048243925413,
              25.105129828100768
            ],
            [
              121.61037561869544,
              25.105164469632236
            ],
            [
              121.6103135460671,
              25.10521109795935
            ],
            [
              121.61025687102901,
              25.105271009864587
            ],
            [
              121.6102048971213,
              25.105326331969916
            ],
            [
              121.61011853506464,
              25.105382748096222
            ],
            [
              121.61001833062022,
              25.105461931401393
            ],
            [
              121.60987973318917,
              25.10556459105366
            ],
            [
              121.60982166499413,
              25.1055888370591
            ],
            [
              121.60973129793892,
              25.10566763555618
            ],
            [
              121.60960218958408,
              25.105761175900025
            ],
            [
              121.6095783354283,
              25.10577975847119
            ],
            [
              121.60953019180663,
              25.105808128802646
            ],
            [
              121.60949232113151,
              25.105845070898752
            ],
            [
              121.60946846695265,
              25.105863734361584
            ],
            [
              121.60937252783236,
              25.10592484155599
            ],
            [
              121.60906921342013,
              25.106090877112084
            ],
            [
              121.60893383603162,
              25.106148771630703
            ],
            [
              121.60886680022327,
              25.1061956026998
            ],
            [
              121.608689372789,
              25.106313024727076
            ],
            [
              121.60860762374543,
              25.10636026091209
            ],
            [
              121.60856026325025,
              25.106406484186554
            ],
            [
              121.60849340134115,
              25.106457803879525
            ],
            [
              121.60843550655731,
              25.106486457480997
            ],
            [
              121.60834940433556,
              25.106547260726305
            ],
            [
              121.60827775400418,
              25.106603190842005
            ],
            [
              121.60814629337595,
              25.106634112533477
            ],
            [
              121.60811765060964,
              25.10665738641729
            ],
            [
              121.60798888866209,
              25.106759823133224
            ],
            [
              121.60773667501283,
              25.10684817352366
            ],
            [
              121.60757613555343,
              25.106888963178463
            ],
            [
              121.60744005990132,
              25.106928983530114
            ],
            [
              121.60725879956658,
              25.106943529563146
            ],
            [
              121.6070866803356,
              25.10693997866955
            ],
            [
              121.60696914808572,
              25.106948111560975
            ],
            [
              121.60686119243063,
              25.106951472467255
            ],
            [
              121.60675367197867,
              25.10696823898353
            ],
            [
              121.60665685995433,
              25.107007064127426
            ],
            [
              121.60650807224897,
              25.107101130720427
            ],
            [
              121.60646140736974,
              25.107165227837424
            ],
            [
              121.60638061439916,
              25.107239335386033
            ],
            [
              121.6062891128082,
              25.10728685434274
            ],
            [
              121.60621119274637,
              25.107307218622644
            ],
            [
              121.60609331134461,
              25.10730637358132
            ],
            [
              121.6058775723917,
              25.107317582917894
            ],
            [
              121.60570083678617,
              25.10732312946261
            ],
            [
              121.60549084318728,
              25.107356518762543
            ],
            [
              121.6052293953908,
              25.107328866525386
            ],
            [
              121.60503838053661,
              25.107343692829776
            ],
            [
              121.60485711637178,
              25.107358316674397
            ],
            [
              121.60474898458537,
              25.107357187188672
            ],
            [
              121.60469143614506,
              25.107394817455873
            ],
            [
              121.60456989652933,
              25.10742986128389
            ],
            [
              121.60442441448322,
              25.10747913990758
            ],
            [
              121.60422234126644,
              25.107592759082294
            ],
            [
              121.60411621132886,
              25.10764527214457
            ],
            [
              121.60401443445396,
              25.107684298734895
            ],
            [
              121.603862683136,
              25.107697929822372
            ],
            [
              121.60368263598536,
              25.10774381196111
            ],
            [
              121.60345278814468,
              25.107773316950762
            ],
            [
              121.60332245376495,
              25.107835515415136
            ],
            [
              121.60323582528693,
              25.107882932255333
            ],
            [
              121.60315537827942,
              25.10796593623831
            ],
            [
              121.60304602597877,
              25.10806329666956
            ],
            [
              121.60294181035232,
              25.10816494341127
            ],
            [
              121.60285361443012,
              25.108172203806227
            ],
            [
              121.60273851560146,
              25.10824738311611
            ],
            [
              121.60264187428619,
              25.108290614660948
            ],
            [
              121.60249107884465,
              25.108331117208245
            ],
            [
              121.60234994736393,
              25.108366827321714
            ],
            [
              121.60220341770169,
              25.108389252794026
            ],
            [
              121.60202702464333,
              25.108403691835058
            ],
            [
              121.60190321849325,
              25.10837617317041
            ],
            [
              121.6017952580273,
              25.108379530457064
            ],
            [
              121.60163784451908,
              25.108375487548468
            ],
            [
              121.60152970967088,
              25.108374436641657
            ],
            [
              121.60143141308927,
              25.108373001305132
            ],
            [
              121.60127957125852,
              25.108386650492818
            ],
            [
              121.60113748055437,
              25.1083955675585
            ],
            [
              121.60097162077622,
              25.10842757618181
            ],
            [
              121.60088377158839,
              25.108443732124986
            ],
            [
              121.60078625803978,
              25.108464680264476
            ],
            [
              121.60067463975024,
              25.10849939779542
            ],
            [
              121.60058182757895,
              25.108515756007613
            ],
            [
              121.60040229762932,
              25.10857502072837
            ],
            [
              121.60026508153102,
              25.108583755105517
            ],
            [
              121.60017670940039,
              25.108586444030916
            ],
            [
              121.60005133404304,
              25.10851876582853
            ],
            [
              121.60000022613201,
              25.108466698184575
            ],
            [
              121.5999095900698,
              25.10840690564186
            ],
            [
              121.59973780797849,
              25.108412242057508
            ],
            [
              121.59959127495051,
              25.10843466459805
            ],
            [
              121.59953877376618,
              25.10847660113366
            ],
            [
              121.59947329961845,
              25.108563588232588
            ],
            [
              121.5994546673408,
              25.10859104733347
            ],
            [
              121.59942654478509,
              25.10862770663577
            ],
            [
              121.59936063523878,
              25.108705817443088
            ],
            [
              121.5992277712288,
              25.10883073737418
            ],
            [
              121.59909290452256,
              25.10890201247533
            ],
            [
              121.5990052280177,
              25.108922656381583
            ],
            [
              121.59891702904247,
              25.108929833480634
            ],
            [
              121.5987598727522,
              25.10893025543927
            ],
            [
              121.59861682115904,
              25.108916826854955
            ],
            [
              121.59847324698113,
              25.108885482043746
            ],
            [
              121.5983759055009,
              25.108910836805286
            ],
            [
              121.59823772921374,
              25.109026981076966
            ],
            [
              121.59809458989616,
              25.109138797615998
            ],
            [
              121.59801283323434,
              25.109186112088906
            ],
            [
              121.59790208290222,
              25.109247722098427
            ],
            [
              121.59781579856715,
              25.109304034426167
            ],
            [
              121.59764148833848,
              25.10937209305059
            ],
            [
              121.5975126274583,
              25.10947454822709
            ],
            [
              121.59748450442245,
              25.109511207680885
            ],
            [
              121.59745707792571,
              25.109565742105907
            ],
            [
              121.59738916466722,
              25.10971988257051
            ],
            [
              121.59730819111371,
              25.109919256491377
            ],
            [
              121.59723705623476,
              25.110118327306218
            ],
            [
              121.5971680980232,
              25.110245695962995
            ],
            [
              121.59710001045515,
              25.110395428618048
            ],
            [
              121.59701329016879,
              25.11057262067631
            ],
            [
              121.59692491551179,
              25.110705145224596
            ],
            [
              121.59685404159931,
              25.11077884797589
            ],
            [
              121.59680711155188,
              25.110838478006762
            ],
            [
              121.59669853676688,
              25.110958223088076
            ],
            [
              121.59656871706031,
              25.11116348073681
            ],
            [
              121.59649941016774,
              25.111282033682368
            ],
            [
              121.59643611099652,
              25.111427075519476
            ],
            [
              121.59641268942357,
              25.111588901561962
            ],
            [
              121.59640502734662,
              25.111777014645117
            ],
            [
              121.59641051269719,
              25.111924484535628
            ],
            [
              121.59640929373043,
              25.112022898656924
            ],
            [
              121.59639858423604,
              25.112130593976538
            ],
            [
              121.59634947727324,
              25.112261845786236
            ],
            [
              121.5963150849728,
              25.11239269344506
            ],
            [
              121.59623663566133,
              25.112529344155618
            ],
            [
              121.59617194323616,
              25.11263871719425
            ],
            [
              121.59613032413293,
              25.112707123208665
            ],
            [
              121.59607442564818,
              25.112789340055084
            ],
            [
              121.59601260641965,
              25.112844966650893
            ],
            [
              121.59594678196478,
              25.112923058167553
            ],
            [
              121.59589532393186,
              25.112991767548063
            ],
            [
              121.5957856163728,
              25.113080151140142
            ],
            [
              121.5956766923345,
              25.113190919368613
            ],
            [
              121.59559153821755,
              25.113278595538794
            ],
            [
              121.59554077658173,
              25.113365099183223
            ],
            [
              121.59550890905949,
              25.113433222687704
            ],
            [
              121.59548183036557,
              25.113496654830865
            ],
            [
              121.59548095966791,
              25.113604047265543
            ],
            [
              121.59548783817924,
              25.11378726763641
            ],
            [
              121.59552196952049,
              25.113911463833418
            ],
            [
              121.59553938346619,
              25.11398249940832
            ],
            [
              121.59557299237379,
              25.114093309395773
            ],
            [
              121.59562418934352,
              25.114149887544418
            ],
            [
              121.59567852079641,
              25.114157106580258
            ],
            [
              121.59581208550782,
              25.114179814815234
            ],
            [
              121.5959812614459,
              25.114237221931308
            ],
            [
              121.59609392917245,
              25.114358950330733
            ],
            [
              121.59620267867288,
              25.114507652762406
            ],
            [
              121.59624821586276,
              25.114542027582317
            ],
            [
              121.59627555558178,
              25.114617268574406
            ],
            [
              121.59630176339543,
              25.114661228089478
            ],
            [
              121.59634895485863,
              25.114740270136107
            ],
            [
              121.59639144457256,
              25.11482390203089
            ],
            [
              121.59646884894917,
              25.1149244384404
            ],
            [
              121.59658169033075,
              25.115050654087057
            ],
            [
              121.59663706615297,
              25.115084724927712
            ],
            [
              121.59668895919464,
              25.11515917646752
            ],
            [
              121.59672587637769,
              25.115225114919163
            ],
            [
              121.59677742110374,
              25.115290588443266
            ],
            [
              121.59680563138309,
              25.115388111559007
            ],
            [
              121.59684280973441,
              25.11546304824311
            ],
            [
              121.59690105869605,
              25.11557304639632
            ],
            [
              121.59693196807314,
              25.11561233442835
            ],
            [
              121.59701790480418,
              25.11567679576642
            ],
            [
              121.59709356738394,
              25.11572815412495
            ],
            [
              121.59718046174602,
              25.11581940739507
            ],
            [
              121.5972875559086,
              25.115923439028062
            ],
            [
              121.5973855077983,
              25.116045648693085
            ],
            [
              121.59749025092567,
              25.11621681118253
            ],
            [
              121.5974682226617,
              25.116284630837157
            ],
            [
              121.59742111873108,
              25.116339773145615
            ],
            [
              121.59737114152642,
              25.116448661153328
            ],
            [
              121.5973719251413,
              25.11660079910685
            ],
            [
              121.59741537222433,
              25.116711221166664
            ],
            [
              121.5974786708507,
              25.116825605485253
            ],
            [
              121.5975738363946,
              25.117006068932277
            ],
            [
              121.59761649978734,
              25.117094187348005
            ],
            [
              121.59767971123368,
              25.117208510797685
            ],
            [
              121.59773151673173,
              25.117278531554955
            ],
            [
              121.59781823647057,
              25.11736529372527
            ],
            [
              121.5978745694382,
              25.117426154493778
            ],
            [
              121.59791723271816,
              25.117514272384422
            ],
            [
              121.59800125321249,
              25.117659349178734
            ],
            [
              121.59806603166525,
              25.117813909555295
            ],
            [
              121.5980886692879,
              25.11789373791087
            ],
            [
              121.59813229023266,
              25.11800864722203
            ],
            [
              121.59816459235866,
              25.1180836827614
            ],
            [
              121.59821274079353,
              25.118189593885575
            ],
            [
              121.59825279191733,
              25.118340454475273
            ],
            [
              121.59831269444138,
              25.118495115066597
            ],
            [
              121.59836493498895,
              25.11870821205768
            ],
            [
              121.59847194096896,
              25.118942011359543
            ],
            [
              121.59851573590166,
              25.11906140841167
            ],
            [
              121.59862143572936,
              25.11925943752135
            ],
            [
              121.59870206007888,
              25.11944487074312
            ],
            [
              121.59876074342476,
              25.119568269847043
            ],
            [
              121.59879609272532,
              25.11972379972804
            ],
            [
              121.59880923987618,
              25.119812827591392
            ],
            [
              121.598818033665,
              25.119915423102398
            ],
            [
              121.59884101940675,
              25.12000422773683
            ],
            [
              121.59886008712083,
              25.120119925196505
            ],
            [
              121.59891119554415,
              25.120171988048437
            ],
            [
              121.59903700749354,
              25.120253142500246
            ],
            [
              121.59916813038745,
              25.12034299053238
            ],
            [
              121.5992830586961,
              25.120393066727452
            ],
            [
              121.5993529733604,
              25.120422238742442
            ],
            [
              121.59946598601451,
              25.120423180777927
            ],
            [
              121.59956263002871,
              25.12037994344883
            ],
            [
              121.59970820536178,
              25.120330636304068
            ],
            [
              121.59980180184417,
              25.12033665453969
            ],
            [
              121.59987859443541,
              25.12041928694271
            ],
            [
              121.59996687973135,
              25.120546280464378
            ],
            [
              121.6000186841877,
              25.12061621629142
            ],
            [
              121.60008946906218,
              25.12080194943734
            ],
            [
              121.60018541601728,
              25.12100025627919
            ],
            [
              121.60026542979546,
              25.121167789831457
            ],
            [
              121.60033900062992,
              25.12129518764986
            ],
            [
              121.60042554424885,
              25.12137753494324
            ],
            [
              121.60051200073602,
              25.12145537273504
            ],
            [
              121.60053812050771,
              25.121494818577183
            ],
            [
              121.60062161667103,
              25.121626420681494
            ],
            [
              121.60070554810191,
              25.121766979363148
            ],
            [
              121.60075778755044,
              25.121850319644874
            ],
            [
              121.60079383275593,
              25.122023638268267
            ],
            [
              121.60081507678473,
              25.122197464024428
            ],
            [
              121.60083901984521,
              25.12231305713358
            ],
            [
              121.60082108431673,
              25.12235831027557
            ],
            [
              121.60084049996152,
              25.122482982171128
            ],
            [
              121.60088333626022,
              25.12257558311448
            ],
            [
              121.60092068740997,
              25.122655001711763
            ],
            [
              121.60098084972562,
              25.122818652408977
            ],
            [
              121.6010343079649,
              25.122933250844213
            ],
            [
              121.60111971920387,
              25.12311398365758
            ],
            [
              121.60116777932234,
              25.123215378949592
            ],
            [
              121.60117413509737,
              25.123255453509238
            ],
            [
              121.60117126193884,
              25.12330927799972
            ],
            [
              121.6011556772292,
              25.12341706967952
            ],
            [
              121.60114906025686,
              25.123502275239044
            ],
            [
              121.6011601175657,
              25.12366750771304
            ],
            [
              121.60115994343485,
              25.123792767135228
            ],
            [
              121.60116525442531,
              25.124065486523975
            ],
            [
              121.60115846332272,
              25.12414620331431
            ],
            [
              121.60116046582738,
              25.124329512352862
            ],
            [
              121.60126085221145,
              25.12464850211596
            ],
            [
              121.60136837785848,
              25.124895670937086
            ],
            [
              121.60140816667536,
              25.125037605632933
            ],
            [
              121.60146310482195,
              25.125192458722662
            ],
            [
              121.60152004544032,
              25.125400953280344
            ],
            [
              121.6015593988786,
              25.125533930761517
            ],
            [
              121.60161929966111,
              25.12568866103217
            ],
            [
              121.60166596652796,
              25.125884053936982
            ],
            [
              121.6017107179457,
              25.126030233434232
            ],
            [
              121.60178507142963,
              25.12604581202521
            ],
            [
              121.60193717377987,
              25.12604114075457
            ],
            [
              121.60213759682941,
              25.126012502389774
            ],
            [
              121.60230632803679,
              25.126056475433426
            ],
            [
              121.60240767111843,
              25.126138308157678
            ],
            [
              121.60250788227268,
              25.12618886162227
            ],
            [
              121.60263577978608,
              25.12619387773876
            ],
            [
              121.60272449826262,
              25.12619999093699
            ],
            [
              121.60278135118519,
              25.1261445621062
            ],
            [
              121.60291490755606,
              25.12603750251853
            ],
            [
              121.60304236929174,
              25.125899367191984
            ],
            [
              121.60310305286842,
              25.125812456345585
            ],
            [
              121.60321649711501,
              25.125692601091313
            ],
            [
              121.60336276428045,
              25.125531494269865
            ],
            [
              121.60345496473626,
              25.125501839673667
            ],
            [
              121.60359931619683,
              25.12555101096276
            ],
            [
              121.60370814558449,
              25.12569966457092
            ],
            [
              121.60377457499152,
              25.125769207966194
            ],
            [
              121.60386790693687,
              25.125766301965406
            ],
            [
              121.60397551718174,
              25.12575403276117
            ],
            [
              121.60409331371652,
              25.125750354779193
            ],
            [
              121.60421781398647,
              25.125795646027015
            ],
            [
              121.60425324865375,
              25.12582139902553
            ],
            [
              121.60442415329445,
              25.125923416506687
            ],
            [
              121.6045353325891,
              25.126004941192527
            ],
            [
              121.60459801781299,
              25.126105944645886
            ],
            [
              121.6045942741131,
              25.126267069017725
            ],
            [
              121.60467820261152,
              25.1264076162639
            ],
            [
              121.60478729215431,
              25.126565264298616
            ],
            [
              121.60496716343043,
              25.12677443720364
            ],
            [
              121.60508391418868,
              25.126873650619284
            ],
            [
              121.60528555056264,
              25.127010536729486
            ],
            [
              121.60541179077013,
              25.12710054810736
            ],
            [
              121.60556850255679,
              25.127216433467165
            ],
            [
              121.60565599987702,
              25.12732110958405
            ],
            [
              121.60581044771871,
              25.12750862914465
            ],
            [
              121.60592327983116,
              25.12763489352812
            ],
            [
              121.60604020373074,
              25.127738592775636
            ],
            [
              121.6061823753692,
              25.12785937139164
            ],
            [
              121.60628841631623,
              25.127936606249296
            ],
            [
              121.60646088500157,
              25.128078850161522
            ],
            [
              121.60659992190871,
              25.128249062445853
            ],
            [
              121.60670248001924,
              25.12836214390196
            ],
            [
              121.60690097932513,
              25.128543847184275
            ],
            [
              121.60695765603701,
              25.12861366997307
            ],
            [
              121.60704471698331,
              25.12870938646527
            ],
            [
              121.60716755986506,
              25.128839749242804
            ],
            [
              121.60734664382832,
              25.12902652883806
            ],
            [
              121.60739766137633,
              25.129078600754347
            ],
            [
              121.60750413649228,
              25.129164788794583
            ],
            [
              121.60753530416888,
              25.129208534324697
            ],
            [
              121.60756838716816,
              25.12930593906182
            ],
            [
              121.60759137114094,
              25.129394651816977
            ],
            [
              121.60765344525633,
              25.129607495872847
            ],
            [
              121.60769453777972,
              25.129785103860623
            ],
            [
              121.60773815503933,
              25.129900075279558
            ],
            [
              121.6077822946443,
              25.13002843082006
            ],
            [
              121.60782695659398,
              25.130170170455404
            ],
            [
              121.60782338712107,
              25.130206119181643
            ],
            [
              121.6078138975462,
              25.130215320592384
            ],
            [
              121.60779474427335,
              25.130229315926957
            ],
            [
              121.6076828716835,
              25.13025966802305
            ],
            [
              121.60757152134656,
              25.130303404310453
            ],
            [
              121.60740584507641,
              25.13033985373331
            ],
            [
              121.60724077799013,
              25.130394196272967
            ],
            [
              121.60700214418891,
              25.13045089979008
            ],
            [
              121.60688530833991,
              25.130481374043395
            ],
            [
              121.6067683853097,
              25.130507339221555
            ],
            [
              121.60662142603633,
              25.13052091728163
            ],
            [
              121.60647794902688,
              25.130494037139943
            ],
            [
              121.6063841839174,
              25.130483543519773
            ],
            [
              121.6062565518056,
              25.130487533367944
            ],
            [
              121.60592920003153,
              25.13053796604875
            ],
            [
              121.60580191565627,
              25.130550932320645
            ],
            [
              121.60563110014897,
              25.130583094882176
            ],
            [
              121.605425459529,
              25.130602870276242
            ],
            [
              121.60521563954602,
              25.13064070112186
            ],
            [
              121.60500068248963,
              25.130674246638144
            ],
            [
              121.60486390725346,
              25.13069641345486
            ],
            [
              121.60469848822478,
              25.13074185760278
            ],
            [
              121.60463536774247,
              25.130761724750737
            ],
            [
              121.6045848713314,
              25.130857227449997
            ],
            [
              121.60456049374561,
              25.13099217123977
            ],
            [
              121.60455840423802,
              25.131068294908545
            ],
            [
              121.6045541381599,
              25.131216033142238
            ],
            [
              121.60455326753167,
              25.13132341432023
            ],
            [
              121.604556488856,
              25.131408311465115
            ],
            [
              121.60455492172527,
              25.131497819598756
            ],
            [
              121.60457041890618,
              25.131649456022735
            ],
            [
              121.60460123913606,
              25.13181404892954
            ],
            [
              121.60464224570019,
              25.131991681096387
            ],
            [
              121.60469639871971,
              25.132124222549496
            ],
            [
              121.60474036538058,
              25.132248092354384
            ],
            [
              121.60479155822368,
              25.13243439543709
            ],
            [
              121.6048232490198,
              25.132491525991256
            ],
            [
              121.60484083566654,
              25.132567038354008
            ],
            [
              121.60483944266491,
              25.13266103453319
            ],
            [
              121.60486138243853,
              25.132722979496272
            ],
            [
              121.60483195528089,
              25.132853617284756
            ],
            [
              121.6047700537499,
              25.133039014346704
            ],
            [
              121.60469726934681,
              25.133193337529914
            ],
            [
              121.60462117651198,
              25.133392526690173
            ],
            [
              121.6045732919788,
              25.133555113869853
            ],
            [
              121.6045173105808,
              25.133767097177515
            ],
            [
              121.60450616653563,
              25.13386137826988
            ],
            [
              121.60453010881885,
              25.133976962361803
            ],
            [
              121.604556488856,
              25.13402531917355
            ],
            [
              121.60458513251977,
              25.134131783025136
            ],
            [
              121.6045979307502,
              25.134211906145307
            ],
            [
              121.6045913139782,
              25.134297108213683
            ],
            [
              121.60457668742819,
              25.134431766602077
            ],
            [
              121.60456606576568,
              25.13453951288293
            ],
            [
              121.60458391364064,
              25.134623941400317
            ],
            [
              121.60463658662108,
              25.134716226391983
            ],
            [
              121.60476395936386,
              25.134837508001436
            ],
            [
              121.60488323514534,
              25.13500381727923
            ],
            [
              121.60501809498399,
              25.135191998610676
            ],
            [
              121.60515208403906,
              25.135357818178058
            ],
            [
              121.60525177040056,
              25.135524635857564
            ],
            [
              121.60529094842265,
              25.135653194893397
            ],
            [
              121.60532681806656,
              25.135822089720488
            ],
            [
              121.60532594744427,
              25.13592946921411
            ],
            [
              121.60533622078688,
              25.1360723088947
            ],
            [
              121.60533909384016,
              25.13614822772796
            ],
            [
              121.60534614587972,
              25.136206171726265
            ],
            [
              121.605336656098,
              25.13634511384818
            ],
            [
              121.60536973973727,
              25.136442517517217
            ],
            [
              121.60543172800386,
              25.136521110451174
            ],
            [
              121.60555674918027,
              25.13657985389598
            ],
            [
              121.60567219340354,
              25.13664337068893
            ],
            [
              121.60570875942264,
              25.13670039692203
            ],
            [
              121.60568586213111,
              25.136745853330602
            ],
            [
              121.60559888720597,
              25.136784309883488
            ],
            [
              121.60538166725748,
              25.136889499280155
            ],
            [
              121.60510472210392,
              25.13697420205141
            ],
            [
              121.60501635373468,
              25.136976993959582
            ],
            [
              121.6049650739303,
              25.136920375262253
            ],
            [
              121.60493259961098,
              25.13684086470961
            ],
            [
              121.60493146779807,
              25.13680958709557
            ],
            [
              121.60486225306438,
              25.136668642124082
            ],
            [
              121.60479512779183,
              25.13658123424529
            ],
            [
              121.60470815218517,
              25.136489949290745
            ],
            [
              121.60463162404379,
              25.13641633266107
            ],
            [
              121.60457616505134,
              25.136377769119544
            ],
            [
              121.60446071971502,
              25.136314250418586
            ],
            [
              121.60438506203657,
              25.136262994587213
            ],
            [
              121.60426003957151,
              25.136204248992108
            ],
            [
              121.60409653505391,
              25.136169006189245
            ],
            [
              121.60406736888785,
              25.136178900042673
            ],
            [
              121.60404064048434,
              25.1362513084461
            ],
            [
              121.60400877534363,
              25.136319432000835
            ],
            [
              121.6039354680734,
              25.136460371767694
            ],
            [
              121.60382898961451,
              25.13663366888608
            ],
            [
              121.60370631725165,
              25.136771729612786
            ],
            [
              121.60358312237504,
              25.136891876323855
            ],
            [
              121.60346375816584,
              25.136985071200908
            ],
            [
              121.603397676832,
              25.137058702485046
            ],
            [
              121.60332985418465,
              25.13708316229724
            ],
            [
              121.60317235573704,
              25.137208837247513
            ],
            [
              121.60306674720306,
              25.137274753987068
            ],
            [
              121.60293249449805,
              25.137363949084875
            ],
            [
              121.60276881394284,
              25.1374540405086
            ],
            [
              121.60269245862452,
              25.13751457243749
            ],
            [
              121.60251432503718,
              25.137614069071237
            ],
            [
              121.6024076711184,
              25.137653135799745
            ],
            [
              121.60211783314733,
              25.13778747433031
            ],
            [
              121.60198192509091,
              25.13783192561304
            ],
            [
              121.60183112877412,
              25.13787237685442
            ],
            [
              121.60165543165857,
              25.13790472596292
            ],
            [
              121.60158577960502,
              25.138014226339056
            ],
            [
              121.60157376462148,
              25.138086227911717
            ],
            [
              121.60146710982052,
              25.138255037959276
            ],
            [
              121.60139310438963,
              25.138378106025787
            ],
            [
              121.60120460798636,
              25.138594267203278
            ],
            [
              121.60106173359908,
              25.138715025730278
            ],
            [
              121.60097179490735,
              25.138807243848003
            ],
            [
              121.60083901984524,
              25.13893669450324
            ],
            [
              121.60075543677578,
              25.139064536414264
            ],
            [
              121.60068630656566,
              25.139187502827795
            ],
            [
              121.60063058445137,
              25.139274213781366
            ],
            [
              121.60050155282563,
              25.13937212237389
            ],
            [
              121.60034196087551,
              25.139439729497305
            ],
            [
              121.600197692346,
              25.139524741884074
            ],
            [
              121.5999431976863,
              25.139684770803985
            ],
            [
              121.59974451209945,
              25.139758067877988
            ],
            [
              121.59951221843156,
              25.139854765903603
            ],
            [
              121.59931231315613,
              25.139896804540495
            ],
            [
              121.599186849779,
              25.139958843697148
            ],
            [
              121.59899756611537,
              25.14002287815776
            ],
            [
              121.59884249954905,
              25.140081405412268
            ],
            [
              121.59863902333531,
              25.140159312824064
            ],
            [
              121.59846976428199,
              25.140231632204262
            ],
            [
              121.59838426398547,
              25.140310343244575
            ],
            [
              121.59834221035372,
              25.140369877566517
            ],
            [
              121.598302246329,
              25.140482951388258
            ],
            [
              121.59827969581647,
              25.14066705127881
            ],
            [
              121.59826524258989,
              25.14080612158869
            ],
            [
              121.59823067673332,
              25.140932478321403
            ],
            [
              121.59817547582217,
              25.141032655761904
            ],
            [
              121.59805741195393,
              25.141161538027337
            ],
            [
              121.59774370625723,
              25.14144420882005
            ],
            [
              121.59760639988355,
              25.141582658874157
            ],
            [
              121.59752185668835,
              25.14168816079496
            ],
            [
              121.59744732628081,
              25.14179784586176
            ],
            [
              121.59731254453203,
              25.142003403097483
            ],
            [
              121.59725438284953,
              25.142157263862362
            ],
            [
              121.59713736284726,
              25.14231307832933
            ],
            [
              121.59704846587523,
              25.14243214838012
            ],
            [
              121.5969358861626,
              25.142574293679775
            ],
            [
              121.59682731150046,
              25.14269397487295
            ],
            [
              121.59674128755665,
              25.14275930178216
            ],
            [
              121.59662043599536,
              25.14281224165313
            ],
            [
              121.59654816879004,
              25.142850289624388
            ],
            [
              121.59644690755643,
              25.14290263904777
            ],
            [
              121.59616201734264,
              25.14303677426526
            ],
            [
              121.5960754704799,
              25.143088635250187
            ],
            [
              121.59586275995312,
              25.143314490476868
            ],
            [
              121.59578370084301,
              25.143433255554296
            ],
            [
              121.5957668964216,
              25.143509789543018
            ],
            [
              121.59575993085754,
              25.143586098941764
            ],
            [
              121.59576619986521,
              25.14362166338801
            ],
            [
              121.5957931043524,
              25.14368348838077
            ],
            [
              121.59584987367019,
              25.143887489510895
            ],
            [
              121.59590585933472,
              25.144069188383003
            ],
            [
              121.59597751746232,
              25.144277189099945
            ],
            [
              121.59599545375453,
              25.14436160061661
            ],
            [
              121.5959971080726,
              25.14453601179867
            ],
            [
              121.59598282869477,
              25.14467965287445
            ],
            [
              121.59600546673194,
              25.144759473589822
            ],
            [
              121.59594765265885,
              25.144922312630733
            ],
            [
              121.59588600750037,
              25.14511210459606
            ],
            [
              121.59584621675181,
              25.145229668409154
            ],
            [
              121.59577481975013,
              25.145424275305988
            ],
            [
              121.59570760204421,
              25.145596295916874
            ],
            [
              121.59562183846276,
              25.145800287898098
            ],
            [
              121.59549933138715,
              25.14607250827972
            ],
            [
              121.59539537005533,
              25.146312838384304
            ],
            [
              121.59529811301152,
              25.14647247222209
            ],
            [
              121.59524325895727,
              25.146581547760164
            ],
            [
              121.59509349854763,
              25.146783047965528
            ],
            [
              121.59498971098529,
              25.146898119936292
            ],
            [
              121.59489254066496,
              25.147057652620333
            ],
            [
              121.59480564455555,
              25.1472303662238
            ],
            [
              121.59467399421122,
              25.14739101966215
            ],
            [
              121.59449758947669,
              25.147535163964584
            ],
            [
              121.59434956949833,
              25.147651641876788
            ],
            [
              121.59404969784613,
              25.14791146998461
            ],
            [
              121.59390759811131,
              25.148054616065625
            ],
            [
              121.59389540817486,
              25.148122050626426
            ],
            [
              121.59385135025063,
              25.14825761195553
            ],
            [
              121.59384760619699,
              25.14828907431754
            ],
            [
              121.59384725791293,
              25.148409844971596
            ],
            [
              121.59384412335629,
              25.14858886866127
            ],
            [
              121.59383489382792,
              25.14873681652494
            ],
            [
              121.59386240826879,
              25.148946202328407
            ],
            [
              121.59386153755872,
              25.149053587752896
            ],
            [
              121.59383236876812,
              25.14932289674399
            ],
            [
              121.59382906006904,
              25.149497512356763
            ],
            [
              121.59381016565386,
              25.149650173496916
            ],
            [
              121.59380459310685,
              25.149762230458563
            ],
            [
              121.5937666301231,
              25.149928867525873
            ],
            [
              121.59372204972237,
              25.150051043950125
            ],
            [
              121.59362479124842,
              25.150210679653306
            ],
            [
              121.59357420287772,
              25.150301679016284
            ],
            [
              121.5934754640653,
              25.150421058266275
            ],
            [
              121.59333658525557,
              25.15051935864289
            ],
            [
              121.59318351361883,
              25.15063145199331
            ],
            [
              121.59306361606677,
              25.150711267138394
            ],
            [
              121.59292952569909,
              25.150804875254714
            ],
            [
              121.59288076552623,
              25.1508153607648
            ],
            [
              121.59270993061297,
              25.150847530832568
            ],
            [
              121.59249016095906,
              25.15088569744447
            ],
            [
              121.59225454373514,
              25.150892992004167
            ],
            [
              121.59214161099034,
              25.15089649655821
            ],
            [
              121.5920492272199,
              25.15092175215428
            ],
            [
              121.59194134447505,
              25.15092956223159
            ],
            [
              121.5917900124137,
              25.150956631183938
            ],
            [
              121.59163032117104,
              25.151024181869072
            ],
            [
              121.5915004956827,
              25.151099792903846
            ],
            [
              121.59139548582328,
              25.151183607646203
            ],
            [
              121.59130458168761,
              25.151249039238934
            ],
            [
              121.5912375354874,
              25.151295883507704
            ],
            [
              121.59113182880063,
              25.151361824326486
            ],
            [
              121.59105006713621,
              25.151409076316728
            ],
            [
              121.5908575482248,
              25.151517963340687
            ],
            [
              121.59071770841337,
              25.151589391207537
            ],
            [
              121.59062610714861,
              25.151636948778282
            ],
            [
              121.59052962969125,
              25.15168468928866
            ],
            [
              121.59044760637344,
              25.151727553971774
            ],
            [
              121.59037063326987,
              25.15177019448946
            ],
            [
              121.59028852276379,
              25.15180846892158
            ],
            [
              121.59009025568791,
              25.151895175848544
            ],
            [
              121.58983504182893,
              25.15203733848247
            ],
            [
              121.58970025106457,
              25.152113071883715
            ],
            [
              121.58963302977102,
              25.152155427330005
            ],
            [
              121.58953785758678,
              25.152238936524245
            ],
            [
              121.58944712611654,
              25.152308856820735
            ],
            [
              121.58938121079005,
              25.15238690028539
            ],
            [
              121.5893493415432,
              25.15245502838333
            ],
            [
              121.58936632106108,
              25.1525126510825
            ],
            [
              121.58940315354499,
              25.152578600410223
            ],
            [
              121.58944007309135,
              25.152644529079268
            ],
            [
              121.5894808238975,
              25.15268358489638
            ],
            [
              121.58954142763352,
              25.152726437313248
            ],
            [
              121.58965697518457,
              25.152794390494925
            ],
            [
              121.5897773116955,
              25.1528578129066
            ],
            [
              121.5898572457186,
              25.152891076199822
            ],
            [
              121.58990339496565,
              25.15294333399343
            ],
            [
              121.58994910882397,
              25.152982185813915
            ],
            [
              121.59000483616934,
              25.153025139755822
            ],
            [
              121.59006961917399,
              25.15305001541885
            ],
            [
              121.59012517231261,
              25.15308856139274
            ],
            [
              121.59021146247888,
              25.15316189853515
            ],
            [
              121.59033310450936,
              25.15326100738372
            ],
            [
              121.59037916648981,
              25.1533088362018
            ],
            [
              121.59043733168618,
              25.1534188379575
            ],
            [
              121.59049636758861,
              25.153551202214626
            ],
            [
              121.59051865842287,
              25.153622127672612
            ],
            [
              121.59054774098911,
              25.153742003147265
            ],
            [
              121.59055348784263,
              25.153893932262765
            ],
            [
              121.59058048063565,
              25.153960185828574
            ],
            [
              121.59059484776482,
              25.15408046901902
            ],
            [
              121.59061713857976,
              25.154151394233928
            ],
            [
              121.590640474272,
              25.154249089803553
            ],
            [
              121.59067277852465,
              25.154324116912363
            ],
            [
              121.59071675060584,
              25.154447991666093
            ],
            [
              121.59076612121933,
              25.154585149282813
            ],
            [
              121.59078745419384,
              25.15462928327158
            ],
            [
              121.5908184523048,
              25.1546685418031
            ],
            [
              121.59091353634523,
              25.154714800591307
            ],
            [
              121.59097344273287,
              25.154739776850256
            ],
            [
              121.59107331566658,
              25.15478142392093
            ],
            [
              121.59114340952151,
              25.15481499058853
            ],
            [
              121.59123849329052,
              25.15486124887171
            ],
            [
              121.59134446109707,
              25.15493405217544
            ],
            [
              121.59140001361355,
              25.154972596216957
            ],
            [
              121.59151555927815,
              25.155040544286795
            ],
            [
              121.59158730724295,
              25.155118855770308
            ],
            [
              121.59162440022642,
              25.15518927023583
            ],
            [
              121.59165191520167,
              25.155268988514813
            ],
            [
              121.59167307386484,
              25.155308552332002
            ],
            [
              121.59173855250117,
              25.155480966215556
            ],
            [
              121.59176066894696,
              25.155547401506567
            ],
            [
              121.59179497555122,
              25.155676068752893
            ],
            [
              121.59180864594647,
              25.155778557289565
            ],
            [
              121.59183250382982,
              25.155889636128812
            ],
            [
              121.59183311333773,
              25.15603727804415
            ],
            [
              121.59180768814814,
              25.156145377772255
            ],
            [
              121.59177224960388,
              25.15624937582055
            ],
            [
              121.59174987194248,
              25.15630822038583
            ],
            [
              121.59170346222601,
              25.15638124526059
            ],
            [
              121.59166245099739,
              25.156467552886838
            ],
            [
              121.5916399862417,
              25.156521888245297
            ],
            [
              121.59160881420904,
              25.15660788983795
            ],
            [
              121.59157877411357,
              25.156725089825464
            ],
            [
              121.59154943059241,
              25.156860244364207
            ],
            [
              121.59153941722289,
              25.1569858094708
            ],
            [
              121.59155221692116,
              25.157065935527392
            ],
            [
              121.59159009357074,
              25.157158732043225
            ],
            [
              121.59162196219033,
              25.157220351566114
            ],
            [
              121.59165844565368,
              25.15727740070942
            ],
            [
              121.59170024053766,
              25.15734314234971
            ],
            [
              121.59175892749468,
              25.157466605471022
            ],
            [
              121.59178278538846,
              25.15757768364049
            ],
            [
              121.59177120473264,
              25.157663093514437
            ],
            [
              121.59173498252332,
              25.157744708815688
            ],
            [
              121.59170886073056,
              25.15783501581261
            ],
            [
              121.5916868313474,
              25.157902756790005
            ],
            [
              121.59164651669441,
              25.158006938167688
            ],
            [
              121.59157485583967,
              25.1581925517222
            ],
            [
              121.59152095779164,
              25.15832842084576
            ],
            [
              121.59146540533415,
              25.158419625881148
            ],
            [
              121.59142421987404,
              25.158501445172195
            ],
            [
              121.59136083080693,
              25.158646597835716
            ],
            [
              121.59130632314684,
              25.15876457291266
            ],
            [
              121.59124258572204,
              25.15890074842935
            ],
            [
              121.5911793706999,
              25.159050389863182
            ],
            [
              121.59111075711,
              25.1591867487289
            ],
            [
              121.59102829884503,
              25.15934579756176
            ],
            [
              121.59098676493399,
              25.159418720707453
            ],
            [
              121.59093173465527,
              25.159523311047305
            ],
            [
              121.59086764872757,
              25.159650590489097
            ],
            [
              121.59081732035143,
              25.159750589910512
            ],
            [
              121.59074835824977,
              25.159877971802906
            ],
            [
              121.5906970720132,
              25.15995109980476
            ],
            [
              121.59063237643905,
              25.160060485178043
            ],
            [
              121.59057386304826,
              25.160205455200845
            ],
            [
              121.59053729216377,
              25.160278174677416
            ],
            [
              121.59050237566547,
              25.160395558412034
            ],
            [
              121.5904669367148,
              25.16049955716419
            ],
            [
              121.590456052514,
              25.16060284104711
            ],
            [
              121.59047529578032,
              25.16072301946881
            ],
            [
              121.59048914048122,
              25.16082991522272
            ],
            [
              121.59049741247156,
              25.160919120602777
            ],
            [
              121.5904911431737,
              25.161013304151233
            ],
            [
              121.59049480026414,
              25.161111609732423
            ],
            [
              121.5904790399449,
              25.161214995905542
            ],
            [
              121.59045849057506,
              25.16132299370976
            ],
            [
              121.59043271678395,
              25.161422197572886
            ],
            [
              121.59040598517686,
              25.16149461089275
            ],
            [
              121.59037524817461,
              25.161593937794944
            ],
            [
              121.59035374097547,
              25.161675145076448
            ],
            [
              121.59032361347514,
              25.161787917258405
            ],
            [
              121.59029322474561,
              25.16189622144016
            ],
            [
              121.59027911879963,
              25.162044271779447
            ],
            [
              121.59023897779564,
              25.16215294261121
            ],
            [
              121.59022234670309,
              25.162233966616597
            ],
            [
              121.59018760425579,
              25.162355839130036
            ],
            [
              121.59018011590737,
              25.16241868319937
            ],
            [
              121.5901546903486,
              25.162526864401283
            ],
            [
              121.59009138764847,
              25.162806193949464
            ],
            [
              121.59005194316967,
              25.16293265759182
            ],
            [
              121.59000953816283,
              25.163112885652282
            ],
            [
              121.58998359012213,
              25.163207681953644
            ],
            [
              121.5899588611114,
              25.16333365590618
            ],
            [
              121.58991218944267,
              25.16353196154586
            ],
            [
              121.58987622786398,
              25.163622575692113
            ],
            [
              121.58986011916284,
              25.16371706561591
            ],
            [
              121.58983626086612,
              25.16373565450809
            ],
            [
              121.58973804125623,
              25.16373867753207
            ],
            [
              121.58965279562183,
              25.163692118219238
            ],
            [
              121.58950633668113,
              25.163589347942942
            ],
            [
              121.58936074829651,
              25.16350885862108
            ],
            [
              121.58924911879896,
              25.163413860906285
            ],
            [
              121.5891021368911,
              25.163297704383137
            ],
            [
              121.5890212445161,
              25.16323757568294
            ],
            [
              121.58894548949492,
              25.16318173159248
            ],
            [
              121.5887753452751,
              25.163102036569015
            ],
            [
              121.58864647435597,
              25.163074778495435
            ],
            [
              121.58854694759361,
              25.16304203186071
            ],
            [
              121.58844707244369,
              25.16300038863406
            ],
            [
              121.58831828822827,
              25.16297310940735
            ],
            [
              121.58813090214556,
              25.162956543215437
            ],
            [
              121.58801317615894,
              25.16296466534364
            ],
            [
              121.58792026658503,
              25.16297654067499
            ],
            [
              121.58783780600933,
              25.163005923338716
            ],
            [
              121.58778643138608,
              25.163079072854146
            ],
            [
              121.58772156000664,
              25.16318397092441
            ],
            [
              121.58767436496642,
              25.16323461433131
            ],
            [
              121.58763639993832,
              25.16327158694757
            ],
            [
              121.58748210157461,
              25.163352510190453
            ],
            [
              121.58734635018898,
              25.163401379462236
            ],
            [
              121.58726354089349,
              25.163421865533802
            ],
            [
              121.5871459010863,
              25.163429966592794
            ],
            [
              121.58706701007424,
              25.163423478223027
            ],
            [
              121.58694815099592,
              25.163400319837812
            ],
            [
              121.5868601168294,
              25.163412011448667
            ],
            [
              121.58673768740059,
              25.163424804645047
            ],
            [
              121.58661543199327,
              25.163442005569053
            ],
            [
              121.58648420756032,
              25.16348187529323
            ],
            [
              121.58638702997966,
              25.163511746805067
            ],
            [
              121.58630474244733,
              25.163545617703466
            ],
            [
              121.58620817425157,
              25.163593302933826
            ],
            [
              121.58606832873006,
              25.163664818869915
            ],
            [
              121.58594389567769,
              25.163753638699603
            ],
            [
              121.58584784963878,
              25.16381479013065
            ],
            [
              121.58574710134954,
              25.163880532608683
            ],
            [
              121.58567491431829,
              25.163923014536874
            ],
            [
              121.5855363743026,
              25.164030218395425
            ],
            [
              121.58543597404766,
              25.16410493840053
            ],
            [
              121.58531737449978,
              25.164220447391305
            ],
            [
              121.58522716213251,
              25.1643037580016
            ],
            [
              121.58517448016683,
              25.16434121992079
            ],
            [
              121.58511735721453,
              25.164392190155255
            ],
            [
              121.58499814779042,
              25.164489804446568
            ],
            [
              121.58487876408579,
              25.16458301087637
            ],
            [
              121.58476834928625,
              25.164653548251934
            ],
            [
              121.58464374065758,
              25.164737879416318
            ],
            [
              121.58456240972511,
              25.1647986225518
            ],
            [
              121.58448534556526,
              25.16484128765835
            ],
            [
              121.58428097290246,
              25.16489684706257
            ],
            [
              121.5840712010066,
              25.16493912300549
            ],
            [
              121.58390427141372,
              25.164944242830572
            ],
            [
              121.583816931524,
              25.164973807622705
            ],
            [
              121.58369502129685,
              25.16499998469676
            ],
            [
              121.58358913345077,
              25.165061441916254
            ],
            [
              121.58353261925582,
              25.165125777116618
            ],
            [
              121.58349125676871,
              25.165203110265836
            ],
            [
              121.58346548140072,
              25.16530231749881
            ],
            [
              121.58343970602691,
              25.16540160563467
            ],
            [
              121.58341427896323,
              25.165509709629205
            ],
            [
              121.58339712439994,
              25.16557735094303
            ],
            [
              121.58335968042036,
              25.16562770930069
            ],
            [
              121.58320938190403,
              25.165815838149836
            ],
            [
              121.58305586125645,
              25.16578478011398
            ],
            [
              121.58289162963706,
              25.16573174539526
            ],
            [
              121.58277337575812,
              25.165592276422874
            ],
            [
              121.58260339647708,
              25.165516979808114
            ],
            [
              121.58246345945037,
              25.16545423153256
            ],
            [
              121.58201578172199,
              25.165445772534742
            ],
            [
              121.58162453032374,
              25.16549814075076
            ],
            [
              121.58124189856717,
              25.16551894161235
            ],
            [
              121.58100094613945,
              25.165517464200153
            ],
            [
              121.58079935381808,
              25.165514763139957
            ],
            [
              121.58053149236758,
              25.165451537434738
            ],
            [
              121.5801864761385,
              25.165426465078674
            ],
            [
              121.57992592810716,
              25.165425576022123
            ],
            [
              121.57962253519703,
              25.165461760966092
            ],
            [
              121.57927620998379,
              25.16553520223073
            ],
            [
              121.5790126119889,
              25.165583569912435
            ],
            [
              121.57884654580994,
              25.16561112805436
            ],
            [
              121.57866262745206,
              25.16568837304383
            ],
            [
              121.57848915872894,
              25.16578328887003
            ],
            [
              121.57831290308926,
              25.165931850999197
            ],
            [
              121.57779632619584,
              25.16631470915031
            ],
            [
              121.57729359326606,
              25.16680447325383
            ],
            [
              121.57706020878626,
              25.167004086654135
            ],
            [
              121.57701118056801,
              25.167139781223174
            ],
            [
              121.5770113547358,
              25.16714427024455
            ],
            [
              121.57701649268505,
              25.167282844509394
            ],
            [
              121.57705097789776,
              25.167415932012606
            ],
            [
              121.57712717624744,
              25.167744628664423
            ],
            [
              121.57727852778984,
              25.168240959585205
            ],
            [
              121.57737614855722,
              25.16861822046221
            ],
            [
              121.5773828539949,
              25.168796952036065
            ],
            [
              121.57726337522789,
              25.169019855993422
            ],
            [
              121.57723455052117,
              25.169168406050414
            ],
            [
              121.57723611802808,
              25.169472529012005
            ],
            [
              121.57724343305998,
              25.169669156034775
            ],
            [
              121.577288542413,
              25.16995407824742
            ],
            [
              121.57737475521947,
              25.1701571966506
            ],
            [
              121.57749371136862,
              25.17031454642855
            ],
            [
              121.5777225666271,
              25.17051772882884
            ],
            [
              121.57806410699168,
              25.170712934643255
            ],
            [
              121.57839371598556,
              25.17085028969112
            ],
            [
              121.57862762023102,
              25.171057773527
            ],
            [
              121.57880187248611,
              25.171249277766737
            ],
            [
              121.57891542803522,
              25.17139333946942
            ],
            [
              121.57906111685236,
              25.171608022592952
            ],
            [
              121.57928448278842,
              25.171927688806544
            ],
            [
              121.57942207250385,
              25.172057648377294
            ],
            [
              121.5795833483386,
              25.172164448460506
            ],
            [
              121.57976926809165,
              25.172270512725493
            ],
            [
              121.58013858132449,
              25.172420139636486
            ],
            [
              121.58028975470529,
              25.172518326442717
            ],
            [
              121.58045712500015,
              25.172656362526457
            ],
            [
              121.58068701928124,
              25.172886300566823
            ],
            [
              121.58089514287053,
              25.17319297987148
            ],
            [
              121.58094608519748,
              25.173240623644535
            ],
            [
              121.58107313613243,
              25.173353009886817
            ],
            [
              121.58123092640407,
              25.17349573640236
            ],
            [
              121.58142772853387,
              25.173632789061568
            ],
            [
              121.5815987545334,
              25.17373484747137
            ],
            [
              121.58170908532459,
              25.17379407836613
            ],
            [
              121.58179712347206,
              25.173912055011478
            ],
            [
              121.5818633915085,
              25.17410685455927
            ],
            [
              121.58193680007676,
              25.174229829942945
            ],
            [
              121.58199993314929,
              25.17433970561986
            ],
            [
              121.58209284755237,
              25.174457659656817
            ],
            [
              121.5822014362667,
              25.17460191480927
            ],
            [
              121.58229321846741,
              25.174688507277782
            ],
            [
              121.58241391107799,
              25.174760815040987
            ],
            [
              121.58247974335718,
              25.17481245553896
            ],
            [
              121.58252572143434,
              25.174860301301504
            ],
            [
              121.58258197488985,
              25.174916635479953
            ],
            [
              121.58266435219106,
              25.175017020557966
            ],
            [
              121.58274202713932,
              25.175121996730297
            ],
            [
              121.58281021037423,
              25.175236175920023
            ],
            [
              121.58288710150846,
              25.175318768364743
            ],
            [
              121.58295606837068,
              25.17545533051061
            ],
            [
              121.5829831500438,
              25.175521561477627
            ],
            [
              121.58299516698992,
              25.17557938604519
            ],
            [
              121.58298820064448,
              25.175655617074078
            ],
            [
              121.58297792528421,
              25.175776717289814
            ],
            [
              121.58297827360151,
              25.17591544501716
            ],
            [
              121.5829733100797,
              25.176045318499177
            ],
            [
              121.58295885490968,
              25.17618439521796
            ],
            [
              121.58297348423838,
              25.17631367576836
            ],
            [
              121.5830029170487,
              25.17644252625516
            ],
            [
              121.58306160848807,
              25.176565988235616
            ],
            [
              121.58311376895551,
              25.176644887747223
            ],
            [
              121.58313484212594,
              25.17668447102476
            ],
            [
              121.58333094433463,
              25.17679918988673
            ],
            [
              121.58345468360969,
              25.176822156708983
            ],
            [
              121.58349482700503,
              25.176843312552137
            ],
            [
              121.58350135792483,
              25.17688787467113
            ],
            [
              121.58347575671704,
              25.176991570172905
            ],
            [
              121.58345477068865,
              25.17708608414357
            ],
            [
              121.58342760204869,
              25.177149624183844
            ],
            [
              121.58340147835027,
              25.177239853662527
            ],
            [
              121.58336542763664,
              25.177325961600296
            ],
            [
              121.5833346887341,
              25.177425372651058
            ],
            [
              121.5832755620399,
              25.177552454009724
            ],
            [
              121.58314276633364,
              25.177681846405434
            ],
            [
              121.5830576899211,
              25.177773977445558
            ],
            [
              121.58296764992299,
              25.177861782782742
            ],
            [
              121.58287421375687,
              25.17799439691872
            ],
            [
              121.58277938424241,
              25.17808681431397
            ],
            [
              121.5826894311039,
              25.178179048171188
            ],
            [
              121.58261898372706,
              25.17826626054025
            ],
            [
              121.58254522727962,
              25.178398261166272
            ],
            [
              121.58246694263921,
              25.178539422820975
            ],
            [
              121.58243089162984,
              25.178625531143183
            ],
            [
              121.58234241857302,
              25.178758022359037
            ],
            [
              121.5823049742468,
              25.178808382892306
            ],
            [
              121.58226448211272,
              25.178907999800177
            ],
            [
              121.58220788018076,
              25.178972440219457
            ],
            [
              121.5821635564944,
              25.179233291227717
            ],
            [
              121.58219621147127,
              25.17931721177627
            ],
            [
              121.58222364164462,
              25.179392419342907
            ],
            [
              121.5822353974312,
              25.17957552530356
            ],
            [
              121.58221014425857,
              25.179688117860405
            ],
            [
              121.58216033453614,
              25.17980150788555
            ],
            [
              121.58208474911163,
              25.179884355409598
            ],
            [
              121.58195978922723,
              25.17995979984407
            ],
            [
              121.58175532495358,
              25.1800153971993
            ],
            [
              121.58161939258221,
              25.180059868632828
            ],
            [
              121.58148589830184,
              25.180171388393777
            ],
            [
              121.5814149276977,
              25.18024513526784
            ],
            [
              121.58133986426218,
              25.180341449066944
            ],
            [
              121.58126532326102,
              25.180451067279897
            ],
            [
              121.58126967729281,
              25.18056724898011
            ],
            [
              121.58131243387606,
              25.18065994178836
            ],
            [
              121.58135083641476,
              25.18076604157238
            ],
            [
              121.58137913759714,
              25.180863611942513
            ],
            [
              121.58137130034733,
              25.1809175613604
            ],
            [
              121.58135336175133,
              25.180962819684407
            ],
            [
              121.58130233252585,
              25.18104495098205
            ],
            [
              121.58122221833742,
              25.18113687905881
            ],
            [
              121.58113226396952,
              25.18122919500223
            ],
            [
              121.58100939298058,
              25.181362710924553
            ],
            [
              121.58093607089569,
              25.18150366964116
            ],
            [
              121.58091534564223,
              25.1816071826874
            ],
            [
              121.58087972954664,
              25.181706697590954
            ],
            [
              121.58085856887818,
              25.18179680477431
            ],
            [
              121.58087877165639,
              25.18194385658704
            ],
            [
              121.58092309584251,
              25.182076704837645
            ],
            [
              121.58097908884668,
              25.18212864935691
            ],
            [
              121.58106947873942,
              25.182179489146307
            ],
            [
              121.58116021688332,
              25.18223930619651
            ],
            [
              121.58121072368834,
              25.182273539544006
            ],
            [
              121.58123171013006,
              25.182308693929674
            ],
            [
              121.58126262376125,
              25.18234796968533
            ],
            [
              121.58131408840748,
              25.182408993921825
            ],
            [
              121.58132610552966,
              25.182466817862018
            ],
            [
              121.58133890637576,
              25.182546944084297
            ],
            [
              121.58134970436733,
              25.182703177870255
            ],
            [
              121.58136694631945,
              25.182769714541056
            ],
            [
              121.58139855655818,
              25.182826944828697
            ],
            [
              121.58143643658484,
              25.182919658209087
            ],
            [
              121.58149042648611,
              25.18304779018107
            ],
            [
              121.58155390812762,
              25.18316655661947
            ],
            [
              121.58164342676085,
              25.18332486270314
            ],
            [
              121.58172075408397,
              25.183420856279692
            ],
            [
              121.58180182580442,
              25.18348546734221
            ],
            [
              121.58202649256934,
              25.18357691468919
            ],
            [
              121.58210112015256,
              25.183601392000558
            ],
            [
              121.58229400218606,
              25.183631201252016
            ],
            [
              121.58240232946939,
              25.183636780084974
            ],
            [
              121.58249681097887,
              25.183665212106504
            ],
            [
              121.58252276072537,
              25.183700161217544
            ],
            [
              121.58257405064315,
              25.183756694967478
            ],
            [
              121.5826060088655,
              25.183822820424968
            ],
            [
              121.58262899788095,
              25.183911615371898
            ],
            [
              121.5826519868917,
              25.18400032937554
            ],
            [
              121.58266975112413,
              25.184080330734144
            ],
            [
              121.58270275427411,
              25.184173225979922
            ],
            [
              121.58271520664745,
              25.18424445439383
            ],
            [
              121.58274342041142,
              25.18434196165944
            ],
            [
              121.58275630817786,
              25.18442214663522
            ],
            [
              121.58274490076303,
              25.184511966089566
            ],
            [
              121.58272879105323,
              25.184606377069397
            ],
            [
              121.58268298721708,
              25.18469730229538
            ],
            [
              121.58263265522388,
              25.184797307702084
            ],
            [
              121.58259590762998,
              25.18486554280486
            ],
            [
              121.58254461772204,
              25.184938676789134
            ],
            [
              121.58245109412923,
              25.185066865376193
            ],
            [
              121.58233249147379,
              25.185182386603877
            ],
            [
              121.58221911348949,
              25.1853067013398
            ],
            [
              121.58211531419144,
              25.185421710921904
            ],
            [
              121.5820036775925,
              25.18559066945876
            ],
            [
              121.58193296855124,
              25.18567341619719
            ],
            [
              121.58184423386724,
              25.185796992976893
            ],
            [
              121.58180365448918,
              25.18589663117345
            ],
            [
              121.58177413428878,
              25.186027301634283
            ],
            [
              121.58176673246743,
              25.186090126355044
            ],
            [
              121.5817804040665,
              25.18619261355343
            ],
            [
              121.58179782011389,
              25.18626363760663
            ],
            [
              121.58185224524485,
              25.18640517237101
            ],
            [
              121.58193488431402,
              25.18650993602733
            ],
            [
              121.58199218302225,
              25.18659764512725
            ],
            [
              121.58204956878176,
              25.18668533348947
            ],
            [
              121.58208117883112,
              25.18674248097954
            ],
            [
              121.5820931958724,
              25.186800303552694
            ],
            [
              121.58211635915127,
              25.186893505558047
            ],
            [
              121.58214361518392,
              25.18696422173761
            ],
            [
              121.58220552902297,
              25.187042829498388
            ],
            [
              121.58227745701315,
              25.187125618283552
            ],
            [
              121.58238787422692,
              25.18718481487572
            ],
            [
              121.58247286405994,
              25.18722244800592
            ],
            [
              121.58258310692506,
              25.18727715563172
            ],
            [
              121.58269840029708,
              25.18733624864045
            ],
            [
              121.58277389823502,
              25.187383085153062
            ],
            [
              121.58286480918044,
              25.18744738445544
            ],
            [
              121.58295606837068,
              25.187520579859612
            ],
            [
              121.58300796764853,
              25.18759500532903
            ],
            [
              121.5830458471401,
              25.18768779560831
            ],
            [
              121.58305856071378,
              25.18776349086432
            ],
            [
              121.58305255224421,
              25.187866510646977
            ],
            [
              121.5830469791707,
              25.18797856782973
            ],
            [
              121.58301188621724,
              25.188091466898168
            ],
            [
              121.58295371722834,
              25.188245340224814
            ],
            [
              121.58292741926252,
              25.188331162080864
            ],
            [
              121.58292114954794,
              25.188425345866065
            ],
            [
              121.58295345599029,
              25.18850036549641
            ],
            [
              121.58298036350538,
              25.18856218420601
            ],
            [
              121.58304636961577,
              25.188618304383056
            ],
            [
              121.58317620474244,
              25.188672415215464
            ],
            [
              121.58337552880391,
              25.188742266028072
            ],
            [
              121.58347880448017,
              25.188743535045358
            ],
            [
              121.58353166138787,
              25.18871055458849
            ],
            [
              121.58360933574478,
              25.18868585336793
            ],
            [
              121.58368761960027,
              25.188674435349206
            ],
            [
              121.58385036973496,
              25.188687263216003
            ],
            [
              121.58391080231004,
              25.188725612304985
            ],
            [
              121.58398708315154,
              25.18879490992643
            ],
            [
              121.58400415054743,
              25.188856954664338
            ],
            [
              121.58401111683075,
              25.188910471220684
            ],
            [
              121.58400850447458,
              25.188973131406264
            ],
            [
              121.58400206066236,
              25.18906282586513
            ],
            [
              121.58397480507432,
              25.189121857300943
            ],
            [
              121.58392821803179,
              25.189190400421634
            ],
            [
              121.58385742310632,
              25.189268639249708
            ],
            [
              121.58380160567405,
              25.18935538401362
            ],
            [
              121.58377025733816,
              25.189436820124698
            ],
            [
              121.58377800734422,
              25.189512638174158
            ],
            [
              121.58379524892888,
              25.189579252263567
            ],
            [
              121.58381762815351,
              25.1896500693176
            ],
            [
              121.5838750129935,
              25.189737753656
            ],
            [
              121.58392168713642,
              25.1898034648485
            ],
            [
              121.58396888373166,
              25.1898824797435
            ],
            [
              121.58399126292221,
              25.189953377461233
            ],
            [
              121.58399509437852,
              25.190056169231397
            ],
            [
              121.58398621236597,
              25.190213012083152
            ],
            [
              121.5839611337386,
              25.190330091338957
            ],
            [
              121.58392499612346,
              25.19041622063142
            ],
            [
              121.58387840906053,
              25.190484763998775
            ],
            [
              121.58381640905189,
              25.19053592610924
            ],
            [
              121.5837686028424,
              25.19057321166862
            ],
            [
              121.58371626851724,
              25.190619577432468
            ],
            [
              121.58368901286082,
              25.19067852813767
            ],
            [
              121.58369624039973,
              25.190740961287847
            ],
            [
              121.58372776291351,
              25.190793677893538
            ],
            [
              121.58378932757684,
              25.190863304393066
            ],
            [
              121.58382572647106,
              25.190915917712445
            ],
            [
              121.58384218434047,
              25.190960068209204
            ],
            [
              121.58381518995027,
              25.19102801655328
            ],
            [
              121.58378758600266,
              25.19107815202261
            ],
            [
              121.58375554103304,
              25.19114171506133
            ],
            [
              121.58370076849617,
              25.19125531042076
            ],
            [
              121.5836466054847,
              25.191382188954204
            ],
            [
              121.5836253582513,
              25.19147239584643
            ],
            [
              121.58364921784919,
              25.191583467833887
            ],
            [
              121.58368169824266,
              25.19166297406216
            ],
            [
              121.58374465619079,
              25.191768346333607
            ],
            [
              121.5837667741892,
              25.191834775713932
            ],
            [
              121.58378453824778,
              25.19191477377521
            ],
            [
              121.58376755789772,
              25.191986902735305
            ],
            [
              121.58372218987304,
              25.19208670414274
            ],
            [
              121.58365661954826,
              25.192173736853178
            ],
            [
              121.58358643400605,
              25.19226987043901
            ],
            [
              121.58353497038621,
              25.19233851740273
            ],
            [
              121.58345851508405,
              25.192399088881558
            ],
            [
              121.58339129010625,
              25.192441458658987
            ],
            [
              121.58321364878235,
              25.192554302464632
            ],
            [
              121.58313640955168,
              25.192592491650483
            ],
            [
              121.5830447151095,
              25.192640089616457
            ],
            [
              121.58294448681718,
              25.1927192327374
            ],
            [
              121.58287804525072,
              25.192783984838883
            ],
            [
              121.58278338989845,
              25.192880817103603
            ],
            [
              121.58273314502908,
              25.19298533279552
            ],
            [
              121.58269805197891,
              25.19309823203005
            ],
            [
              121.58269535251308,
              25.19315646401586
            ],
            [
              121.58274437828602,
              25.193284710947083
            ],
            [
              121.58280280862019,
              25.193399163590545
            ],
            [
              121.58285592707976,
              25.193504843787334
            ],
            [
              121.58286280635387,
              25.193558380681093
            ],
            [
              121.58287821940952,
              25.19370550686286
            ],
            [
              121.5828967673212,
              25.193807806395547
            ],
            [
              121.58293386313551,
              25.193878211459676
            ],
            [
              121.58296477630483,
              25.19391756345916
            ],
            [
              121.58301240869302,
              25.194005533522652
            ],
            [
              121.58308468449081,
              25.194097212389128
            ],
            [
              121.58320650829195,
              25.194200857567385
            ],
            [
              121.58322174714283,
              25.19421374994666
            ],
            [
              121.58340374240437,
              25.194346824531376
            ],
            [
              121.58347453761176,
              25.194398247436673
            ],
            [
              121.58356022326517,
              25.19445374732033
            ],
            [
              121.58366123472506,
              25.194526729279886
            ],
            [
              121.5837117404214,
              25.194560874433613
            ],
            [
              121.58375728260775,
              25.194595305243777
            ],
            [
              121.58368526847302,
              25.194642288387076
            ],
            [
              121.5836082037198,
              25.19468488636056
            ],
            [
              121.58352147315551,
              25.194732361809248
            ],
            [
              121.58343953186895,
              25.194775143954214
            ],
            [
              121.58322322748825,
              25.19490709573254
            ],
            [
              121.58314659781847,
              25.19496317974361
            ],
            [
              121.58304993986603,
              25.195006454130365
            ],
            [
              121.58297165557238,
              25.195017875251807
            ],
            [
              121.58285923609776,
              25.195034710859407
            ],
            [
              121.58273697652768,
              25.195051935344495
            ],
            [
              121.5826141943488,
              25.19505577509976
            ],
            [
              121.58249088955941,
              25.19504614919902
            ],
            [
              121.58242766967918,
              25.195066054816742
            ],
            [
              121.5822417542634,
              25.1950896982939
            ],
            [
              121.58209998811255,
              25.19511202680214
            ],
            [
              121.58193862875937,
              25.19513486969178
            ],
            [
              121.58179276946044,
              25.19517968355074
            ],
            [
              121.5816813067061,
              25.195223389195686
            ],
            [
              121.58154580964856,
              25.19528127963325
            ],
            [
              121.58145794546792,
              25.195297475884935
            ],
            [
              121.58131617834185,
              25.195319722847415
            ],
            [
              121.58116848955119,
              25.195315384256197
            ],
            [
              121.58101183124387,
              25.195333715305164
            ],
            [
              121.58088469315966,
              25.195351041478975
            ],
            [
              121.58071784597912,
              25.195360702999025
            ],
            [
              121.58054054881183,
              25.19535277817837
            ],
            [
              121.58035193079564,
              25.19530490488227
            ],
            [
              121.58012247124614,
              25.195218087342248
            ],
            [
              121.5800019503717,
              25.19515028609342
            ],
            [
              121.57987603030456,
              25.19506920283477
            ],
            [
              121.57973399996507,
              25.194952783165707
            ],
            [
              121.57965153346359,
              25.194852431080285
            ],
            [
              121.5795596620532,
              25.194761343179238
            ],
            [
              121.57953336330405,
              25.194717499279722
            ],
            [
              121.579494176415,
              25.194588941078447
            ],
            [
              121.57946004026951,
              25.194464687361695
            ],
            [
              121.57943835684524,
              25.19441174233593
            ],
            [
              121.57939638329745,
              25.19434143764212
            ],
            [
              121.57936538207792,
              25.194302185265077
            ],
            [
              121.57931783524734,
              25.194214190825384
            ],
            [
              121.57927185587583,
              25.1941663512992
            ],
            [
              121.57916195813618,
              25.194120541927305
            ],
            [
              121.57907862039767,
              25.1941276555132
            ],
            [
              121.57895835966656,
              25.194198436329575
            ],
            [
              121.57886343981089,
              25.194290881622507
            ],
            [
              121.57868204687603,
              25.194435187318604
            ],
            [
              121.57852791054992,
              25.194520460210278
            ],
            [
              121.57837255485552,
              25.194574555136427
            ],
            [
              121.57826518165375,
              25.194595771932818
            ],
            [
              121.5781236718051,
              25.194622482724245
            ],
            [
              121.57801655961825,
              25.194652697314044
            ],
            [
              121.57787043404979,
              25.194688508923438
            ],
            [
              121.57774459871108,
              25.194741599610328
            ],
            [
              121.5776347865823,
              25.1948300478574
            ],
            [
              121.57754500354986,
              25.194926777357395
            ],
            [
              121.57748421926463,
              25.19500919886916
            ],
            [
              121.57739112693696,
              25.195150716908273
            ],
            [
              121.57731510293101,
              25.195220163999362
            ],
            [
              121.57723838220465,
              25.1952718181327
            ],
            [
              121.57713161752113,
              25.19531092903459
            ],
            [
              121.57702903276358,
              25.195327452129263
            ],
            [
              121.57694551929774,
              25.195330076263428
            ],
            [
              121.57681646082877,
              25.19529826527584
            ],
            [
              121.57663306170043,
              25.195259258698606
            ],
            [
              121.57652368392219,
              25.19522683209664
            ],
            [
              121.57638130106798,
              25.195231259838522
            ],
            [
              121.57630292510906,
              25.195238167642046
            ],
            [
              121.57616210950081,
              25.195287280947394
            ],
            [
              121.57609975695577,
              25.195329465878224
            ],
            [
              121.57605386337079,
              25.195415884889684
            ],
            [
              121.57597287464635,
              25.19548553638306
            ],
            [
              121.57587229179562,
              25.19555570142682
            ],
            [
              121.57577014132907,
              25.195585710524533
            ],
            [
              121.57566685866715,
              25.195584439560303
            ],
            [
              121.5755684526712,
              25.19558306550474
            ],
            [
              121.57541030622008,
              25.195561051306044
            ],
            [
              121.57527663049702,
              25.19553842042316
            ],
            [
              121.57518745520439,
              25.19551876287782
            ],
            [
              121.57504332897363,
              25.195478544319823
            ],
            [
              121.5748936290885,
              25.195420554265525
            ],
            [
              121.57474384192119,
              25.195358054483314
            ],
            [
              121.57458926484166,
              25.195300247586456
            ],
            [
              121.5744693477179,
              25.195250251668355
            ],
            [
              121.57424484022913,
              25.195163294655103
            ],
            [
              121.57416036677716,
              25.19513904415859
            ],
            [
              121.5740963585013,
              25.195136562613243
            ],
            [
              121.57400369883827,
              25.195157285256844
            ],
            [
              121.57391565467138,
              25.19516898760817
            ],
            [
              121.57382673957335,
              25.195158326755372
            ],
            [
              121.57372258428708,
              25.195134690483396
            ],
            [
              121.57359761523527,
              25.195080469013337
            ],
            [
              121.5735328228646,
              25.19505560328513
            ],
            [
              121.57342370337223,
              25.19503217099659
            ],
            [
              121.5733446286868,
              25.195021202353768
            ],
            [
              121.57326520559953,
              25.19500125598186
            ],
            [
              121.57318090559555,
              25.19498149329391
            ],
            [
              121.57307274372226,
              25.194980403213716
            ],
            [
              121.57290571093382,
              25.19498556435445
            ],
            [
              121.5727109841834,
              25.195036352984047
            ],
            [
              121.57262407115262,
              25.19507925424909
            ],
            [
              121.57250833215404,
              25.19514103253094
            ],
            [
              121.57240278226516,
              25.195211400411072
            ],
            [
              121.57226814505391,
              25.195291646983996
            ],
            [
              121.57215623754843,
              25.195321939982442
            ],
            [
              121.57202412558935,
              25.195339461562916
            ],
            [
              121.57188678820928,
              25.19534818899655
            ],
            [
              121.57174074187292,
              25.19538850441078
            ],
            [
              121.57169327895049,
              25.1954346862994
            ],
            [
              121.5716615789326,
              25.19550722970715
            ],
            [
              121.57160044315896,
              25.19558075488695
            ],
            [
              121.57156804641092,
              25.195635423696718
            ],
            [
              121.57152624414177,
              25.195699356826452
            ],
            [
              121.57147973909937,
              25.195772330898496
            ],
            [
              121.57141372629125,
              25.195845958978392
            ],
            [
              121.57136103794075,
              25.19588334689998
            ],
            [
              121.5712790008242,
              25.19592622607653
            ],
            [
              121.57117789130324,
              25.195983003811442
            ],
            [
              121.57110081809397,
              25.19602567863326
            ],
            [
              121.57104847795269,
              25.196072044337715
            ],
            [
              121.57093883355223,
              25.19616489919801
            ],
            [
              121.57087343005108,
              25.196256422692493
            ],
            [
              121.57080968119632,
              25.196392532247074
            ],
            [
              121.5707933956225,
              25.196482540668985
            ],
            [
              121.5708111617029,
              25.19656254698945
            ],
            [
              121.57083833334994,
              25.196633288926858
            ],
            [
              121.57087560726544,
              25.19670811102354
            ],
            [
              121.57089755358385,
              25.19677013970264
            ],
            [
              121.5709142745855,
              25.196823293407252
            ],
            [
              121.57093169229293,
              25.196894321751724
            ],
            [
              121.57097140465598,
              25.197036275493705
            ],
            [
              121.57098133274458,
              25.197170152373488
            ],
            [
              121.57096374086771,
              25.197224390741347
            ],
            [
              121.57094641025367,
              25.19728754660297
            ],
            [
              121.5709139262313,
              25.19733770618072
            ],
            [
              121.57088658042518,
              25.197396761294893
            ],
            [
              121.57084913233605,
              25.19744712526085
            ],
            [
              121.57075037382813,
              25.197566526087595
            ],
            [
              121.57066493981182,
              25.1976496866598
            ],
            [
              121.57059857817703,
              25.197714337517002
            ],
            [
              121.57055111477939,
              25.197760519878763
            ],
            [
              121.57045575248037,
              25.197839559114797
            ],
            [
              121.57039418061571,
              25.197904127772937
            ],
            [
              121.57030900759963,
              25.19799175672236
            ],
            [
              121.5702139063655,
              25.19807971353549
            ],
            [
              121.57010852853172,
              25.198154490266084
            ],
            [
              121.5700602811274,
              25.198178369347648
            ],
            [
              121.56998947758919,
              25.19825661050002
            ],
            [
              121.56993165031257,
              25.198289714328226
            ],
            [
              121.5697758474591,
              25.198330317256435
            ],
            [
              121.5695655263328,
              25.198359233249857
            ],
            [
              121.56933961575531,
              25.19836619519178
            ],
            [
              121.56909471912667,
              25.198391726734588
            ],
            [
              121.56888483219514,
              25.198433967335152
            ],
            [
              121.56879399719179,
              25.198503925777246
            ],
            [
              121.5686723321699,
              25.198668711544702
            ],
            [
              121.5686198167338,
              25.198710588735874
            ],
            [
              121.56851548251213,
              25.1988122180367
            ],
            [
              121.5683717833027,
              25.198915156763494
            ],
            [
              121.56820753053015,
              25.198991815643303
            ],
            [
              121.56795479329952,
              25.19907121774949
            ],
            [
              121.56775047809256,
              25.199131229766785
            ],
            [
              121.56753266339616,
              25.199222912502012
            ],
            [
              121.56733366000137,
              25.199291697830432
            ],
            [
              121.567109922291,
              25.19935679176155
            ],
            [
              121.56680823711663,
              25.199442196172587
            ],
            [
              121.56650620277705,
              25.199518622109707
            ],
            [
              121.56635039524609,
              25.199559222594278
            ],
            [
              121.56623909158057,
              25.19960741002598
            ],
            [
              121.56610409872634,
              25.199678678344533
            ],
            [
              121.56597973097479,
              25.199772024509073
            ],
            [
              121.56588044569766,
              25.19987795929771
            ],
            [
              121.56580606877563,
              25.19999215550087
            ],
            [
              121.56578412147789,
              25.200064414331678
            ],
            [
              121.5657485006563,
              25.200163936181454
            ],
            [
              121.56570913484542,
              25.20029484282549
            ],
            [
              121.56567255598245,
              25.200367571708426
            ],
            [
              121.56558258934814,
              25.200459813559167
            ],
            [
              121.5654777297933,
              25.2005480570348
            ],
            [
              121.56533864267698,
              25.20064181327034
            ],
            [
              121.56521880292176,
              25.20072607896798
            ],
            [
              121.5651132462889,
              25.200796447207228
            ],
            [
              121.56500298653351,
              25.2008714881225
            ],
            [
              121.56489255248538,
              25.200941959088844
            ],
            [
              121.56483611611664,
              25.20101081309867
            ],
            [
              121.56480406582078,
              25.20107446140217
            ],
            [
              121.56480197558375,
              25.201150595667023
            ],
            [
              121.56482479400228,
              25.201234829524473
            ],
            [
              121.56484857044114,
              25.201345937341046
            ],
            [
              121.56487600478754,
              25.20142115053393
            ],
            [
              121.56490866471513,
              25.201505158118902
            ],
            [
              121.5649508177812,
              25.20157988053255
            ],
            [
              121.56500455420851,
              25.201703473808983
            ],
            [
              121.56505898735467,
              25.201845023068348
            ],
            [
              121.56509321490365,
              25.201969188906624
            ],
            [
              121.56510035652836,
              25.202161328950716
            ],
            [
              121.56509791792487,
              25.20222848482197
            ],
            [
              121.56507997676889,
              25.202273827484245
            ],
            [
              121.56505062642509,
              25.202408916457426
            ],
            [
              121.5650211018877,
              25.20253959730832
            ],
            [
              121.56497337489073,
              25.202711071551924
            ],
            [
              121.56496135604526,
              25.20278300292869
            ],
            [
              121.56492181577667,
              25.20290950189775
            ],
            [
              121.5648953394658,
              25.202990841871436
            ],
            [
              121.56485936999418,
              25.203081386134283
            ],
            [
              121.56482766807757,
              25.2031539317788
            ],
            [
              121.56479692417749,
              25.20325335132382
            ],
            [
              121.56474336183894,
              25.203398135547086
            ],
            [
              121.56469058331487,
              25.20356530467055
            ],
            [
              121.56463135985945,
              25.203822177667245
            ],
            [
              121.56459382262402,
              25.204002242175402
            ],
            [
              121.56454356973963,
              25.204236443829707
            ],
            [
              121.56449984884127,
              25.204380921080137
            ],
            [
              121.56447520139514,
              25.20451141841708
            ],
            [
              121.56443653189302,
              25.204660281893226
            ],
            [
              121.5644009977444,
              25.20476423320185
            ],
            [
              121.56434081610955,
              25.204864553939966
            ],
            [
              121.56427523463924,
              25.204951591376357
            ],
            [
              121.56422376230348,
              25.205020242062922
            ],
            [
              121.56417664462892,
              25.20507540373339
            ],
            [
              121.5641146339074,
              25.205126567333366
            ],
            [
              121.56401447606979,
              25.205210140278325
            ],
            [
              121.56395316201105,
              25.205279179133427
            ],
            [
              121.56388148374438,
              25.20533505810019
            ],
            [
              121.56377670972071,
              25.20542781352572
            ],
            [
              121.56365800054864,
              25.2055388336608
            ],
            [
              121.5636013893813,
              25.205603199818462
            ],
            [
              121.5635547069206,
              25.205671768456607
            ],
            [
              121.56350419229614,
              25.20576729331792
            ],
            [
              121.56347728018537,
              25.205835226980028
            ],
            [
              121.56345210995303,
              25.205952257773706
            ],
            [
              121.56340377264009,
              25.206105918193618
            ],
            [
              121.563369980056,
              25.20625459863307
            ],
            [
              121.56335334504314,
              25.206335631972276
            ],
            [
              121.563342109876,
              25.206429867785317
            ],
            [
              121.56332077176486,
              25.206515573925564
            ],
            [
              121.56330849146238,
              25.2065830372845
            ],
            [
              121.56328218896604,
              25.206668866914786
            ],
            [
              121.56326537975164,
              25.20674541122632
            ],
            [
              121.56322183255254,
              25.206894378354157
            ],
            [
              121.56317210163083,
              25.207012288409537
            ],
            [
              121.5631356961438,
              25.20708942665587
            ],
            [
              121.56309493591962,
              25.207184665192198
            ],
            [
              121.56305879169159,
              25.207270802173266
            ],
            [
              121.56301385090052,
              25.207384018898523
            ],
            [
              121.56298772252549,
              25.207474256786984
            ],
            [
              121.5629673423888,
              25.207586756110995
            ],
            [
              121.56293868825884,
              25.20773972139648
            ],
            [
              121.5628959247871,
              25.20791107365331
            ],
            [
              121.5628697092904,
              25.208131092177894
            ],
            [
              121.56283739715828,
              25.208319952112724
            ],
            [
              121.56281849760505,
              25.208472630692192
            ],
            [
              121.56280351731178,
              25.208598413312043
            ],
            [
              121.56278792735334,
              25.208706219166796
            ],
            [
              121.5627934143222,
              25.208853691041554
            ],
            [
              121.5627748631407,
              25.20901534761192
            ],
            [
              121.5627615376423,
              25.209185717495565
            ],
            [
              121.56274089618088,
              25.209289218103024
            ],
            [
              121.56271389679539,
              25.209357172729444
            ],
            [
              121.5626679107305,
              25.20944361736792
            ],
            [
              121.5625816868089,
              25.20950447796049
            ],
            [
              121.56249494025238,
              25.209551871451897
            ],
            [
              121.56238232640145,
              25.20956429238971
            ],
            [
              121.56224515160699,
              25.20957751178657
            ],
            [
              121.56212269574645,
              25.20959023987109
            ],
            [
              121.56190704769556,
              25.209610305260334
            ],
            [
              121.56171578599776,
              25.209625163690983
            ],
            [
              121.56158366195113,
              25.20964268766461
            ],
            [
              121.56141260593786,
              25.209670317342148
            ],
            [
              121.56124694961558,
              25.209711230270614
            ],
            [
              121.56109566389992,
              25.209742754730204
            ],
            [
              121.560959358521,
              25.209778256480078
            ],
            [
              121.56081329819955,
              25.209818575097813
            ],
            [
              121.56063405397191,
              25.209891260985103
            ],
            [
              121.56051769313711,
              25.20993506586638
            ],
            [
              121.56036248710849,
              25.209993566940046
            ],
            [
              121.56019752603648,
              25.210052354530617
            ],
            [
              121.56010520347402,
              25.21008205550249
            ],
            [
              121.55990087421661,
              25.210142071741664
            ],
            [
              121.55973983184604,
              25.21017388171969
            ],
            [
              121.55943464330176,
              25.210165384328135
            ],
            [
              121.55925696466404,
              25.210148546804454
            ],
            [
              121.55919765129254,
              25.21014139078226
            ],
            [
              121.5591631606835,
              25.21013798616068
            ],
            [
              121.55908790840944,
              25.210100058697506
            ],
            [
              121.55899297202072,
              25.210058295897465
            ],
            [
              121.55888218376825,
              25.20999010944645
            ],
            [
              121.55876704051778,
              25.209935493029576
            ],
            [
              121.55858248010327,
              25.20986518982094
            ],
            [
              121.55844242650808,
              25.209802392290527
            ],
            [
              121.55834252498913,
              25.209760751885828
            ],
            [
              121.55826692378156,
              25.209709395530208
            ],
            [
              121.55802766479148,
              25.209493068052254
            ],
            [
              121.55799195445148,
              25.20945840032986
            ],
            [
              121.5579052915067,
              25.20937608781195
            ],
            [
              121.55781357678102,
              25.209289469530862
            ],
            [
              121.55769703887513,
              25.20919909906266
            ],
            [
              121.55755620030558,
              25.209113994361772
            ],
            [
              121.55743513299814,
              25.2090327043972
            ],
            [
              121.55733427251019,
              25.20896426800853
            ],
            [
              121.55718881724556,
              25.20888818318188
            ],
            [
              121.55709283408927,
              25.208819562739205
            ],
            [
              121.55699206039826,
              25.20875563552568
            ],
            [
              121.55688205409821,
              25.208705300259137
            ],
            [
              121.55681716513836,
              25.208680449694018
            ],
            [
              121.55664984726111,
              25.208676685708024
            ],
            [
              121.55614205647151,
              25.208643150011625
            ],
            [
              121.55592543902765,
              25.208636408849717
            ],
            [
              121.5557772818663,
              25.208618643036115
            ],
            [
              121.55563417632459,
              25.208605182762465
            ],
            [
              121.55548584458491,
              25.208582927200748
            ],
            [
              121.55520302951288,
              25.20851555957085
            ],
            [
              121.55508361462336,
              25.20847901685431
            ],
            [
              121.55500322072152,
              25.2084322686884
            ],
            [
              121.5549495666884,
              25.208313175997347
            ],
            [
              121.5549044485047,
              25.208158003200673
            ],
            [
              121.55488066999527,
              25.208046807156585
            ],
            [
              121.55485663017855,
              25.20793130413886
            ],
            [
              121.55481656380607,
              25.207780436811987
            ],
            [
              121.55478215897504,
              25.207647241674522
            ],
            [
              121.5547258918113,
              25.207456601296965
            ],
            [
              121.55468695770502,
              25.207337017597837
            ],
            [
              121.55463339062432,
              25.207217903131248
            ],
            [
              121.55456789068018,
              25.207045465689326
            ],
            [
              121.5545252982761,
              25.206957328549763
            ],
            [
              121.55449150306487,
              25.206842029658265
            ],
            [
              121.55445291728313,
              25.206731343114523
            ],
            [
              121.55442487072479,
              25.206638307379514
            ],
            [
              121.55440684079076,
              25.2065493735523
            ],
            [
              121.55438976896657,
              25.20648723459418
            ],
            [
              121.55437147772356,
              25.206393912848256
            ],
            [
              121.55435867385171,
              25.2063137742314
            ],
            [
              121.55432095903711,
              25.206225453129594
            ],
            [
              121.55430946167775,
              25.206181088097768
            ],
            [
              121.55425667833136,
              25.20608427795261
            ],
            [
              121.55422558318025,
              25.206040505102347
            ],
            [
              121.55417820007654,
              25.20595697951451
            ],
            [
              121.55414126911445,
              25.20589096370136
            ],
            [
              121.55406923628377,
              25.205803724093656
            ],
            [
              121.55401253326178,
              25.205733891812717
            ],
            [
              121.55393483875275,
              25.20562889835788
            ],
            [
              121.55388928466067,
              25.20559453331754
            ],
            [
              121.55380244440042,
              25.205507803447787
            ],
            [
              121.55371647509081,
              25.205443277606
            ],
            [
              121.55364470329751,
              25.20536495561032
            ],
            [
              121.55357380247682,
              25.205308999535163
            ],
            [
              121.55349332041085,
              25.20526226815206
            ],
            [
              121.55344680802222,
              25.205201107473005
            ],
            [
              121.55341092204648,
              25.205161946242722
            ],
            [
              121.55335491551332,
              25.205109989626877
            ],
            [
              121.55330770625254,
              25.20503095203542
            ],
            [
              121.55328114014704,
              25.204978016172582
            ],
            [
              121.55325997436019,
              25.204938446129255
            ],
            [
              121.55324281526264,
              25.204871876921715
            ],
            [
              121.55323079518261,
              25.204814042940356
            ],
            [
              121.55322391412172,
              25.204760575377083
            ],
            [
              121.55322626587677,
              25.204693434836887
            ],
            [
              121.55321363608066,
              25.204617784351168
            ],
            [
              121.55321145852947,
              25.204559644069274
            ],
            [
              121.55320553559001,
              25.204533052649722
            ],
            [
              121.55319682538436,
              25.204430423550072
            ],
            [
              121.55317975337941,
              25.20436828328236
            ],
            [
              121.553146654587,
              25.20427085828365
            ],
            [
              121.55310954908727,
              25.204200432393883
            ],
            [
              121.55302392766515,
              25.204144964422955
            ],
            [
              121.55296818224899,
              25.20410192548443
            ],
            [
              121.5528978036223,
              25.204059355267827
            ],
            [
              121.55277316018079,
              25.20401400952168
            ],
            [
              121.55266837596649,
              25.20397245980619
            ],
            [
              121.55257892170252,
              25.203948398966432
            ],
            [
              121.55251411740133,
              25.203923521959453
            ],
            [
              121.5524183916258,
              25.203863890348916
            ],
            [
              121.5523129973671,
              25.203804523445932
            ],
            [
              121.55222258469415,
              25.203753585687146
            ],
            [
              121.55212755549739,
              25.203711830499447
            ],
            [
              121.55194333276901,
              25.203650401447696
            ],
            [
              121.55179395100058,
              25.203601278769217
            ],
            [
              121.55173324010359,
              25.203553911629054
            ],
            [
              121.5516903853334,
              25.203461300888907
            ],
            [
              121.55165118888313,
              25.203332792539374
            ],
            [
              121.5516426527655,
              25.20323465126567
            ],
            [
              121.55161356027823,
              25.203114755410116
            ],
            [
              121.55161112138677,
              25.203047695508324
            ],
            [
              121.55159779458592,
              25.20295416644788
            ],
            [
              121.55159065211689,
              25.202896228933685
            ],
            [
              121.55158316123422,
              25.202824862622972
            ],
            [
              121.55157523483462,
              25.202744618819867
            ],
            [
              121.55156513085187,
              25.202606233679024
            ],
            [
              121.55155232666556,
              25.202526092024982
            ],
            [
              121.55154440026382,
              25.202445848128754
            ],
            [
              121.55151469802814,
              25.20230805407447
            ],
            [
              121.55150119700936,
              25.202210035202793
            ],
            [
              121.55149753866853,
              25.202111710382123
            ],
            [
              121.55151922740183,
              25.20203505875532
            ],
            [
              121.55155459135169,
              25.201926531311823
            ],
            [
              121.55159221997597,
              25.20188065541513
            ],
            [
              121.55164334959143,
              25.201803025835
            ],
            [
              121.55168507203757,
              25.20173466056539
            ],
            [
              121.55173663712736,
              25.201665908511803
            ],
            [
              121.55179795774443,
              25.201596952093475
            ],
            [
              121.55186554975012,
              25.201563566755528
            ],
            [
              121.55198096126531,
              25.201492897758296
            ],
            [
              121.5520658866455,
              25.201396350729425
            ],
            [
              121.5521197162384,
              25.20139016921621
            ],
            [
              121.5522012445056,
              25.201333988602755
            ],
            [
              121.55229157009269,
              25.20125064607281
            ],
            [
              121.55234897079029,
              25.201208668558028
            ],
            [
              121.55240593594573,
              25.201153201992486
            ],
            [
              121.55246272686756,
              25.201093245956628
            ],
            [
              121.55251403029877,
              25.20102010611345
            ],
            [
              121.55255139729952,
              25.20096531171484
            ],
            [
              121.55259320651665,
              25.200901375870533
            ],
            [
              121.5526198598846,
              25.200824520920243
            ],
            [
              121.5526343188986,
              25.20068534128579
            ],
            [
              121.5526317058239,
              25.20061387291699
            ],
            [
              121.5526275249043,
              25.2005021610082
            ],
            [
              121.55260339751102,
              25.200382061244984
            ],
            [
              121.55259460015698,
              25.200279451001112
            ],
            [
              121.55256002045179,
              25.200141840208587
            ],
            [
              121.55253467360839,
              25.199990556486625
            ],
            [
              121.55252448260791,
              25.199847661230013
            ],
            [
              121.55253763509555,
              25.199672787455484
            ],
            [
              121.55257674413924,
              25.19940318162621
            ],
            [
              121.55260217807583,
              25.199295062034025
            ],
            [
              121.55260923337916,
              25.199218717195745
            ],
            [
              121.5526350157185,
              25.199119576606595
            ],
            [
              121.55263771589557,
              25.19906133310435
            ],
            [
              121.55262125352459,
              25.198882866431646
            ],
            [
              121.55258911269816,
              25.198812234109994
            ],
            [
              121.55251150432392,
              25.198707293224956
            ],
            [
              121.55243459271813,
              25.19862467909275
            ],
            [
              121.55232554016,
              25.19846698230725
            ],
            [
              121.55222754955375,
              25.198344694071213
            ],
            [
              121.55215508000246,
              25.198248568936613
            ],
            [
              121.55206153149935,
              25.19811276981329
            ],
            [
              121.55201005365909,
              25.198051727112176
            ],
            [
              121.5520180671315,
              25.198002258716773
            ],
            [
              121.55199559456612,
              25.197926911280337
            ],
            [
              121.55192808974036,
              25.197830581942696
            ],
            [
              121.55185614261768,
              25.197747762823536
            ],
            [
              121.5517699976376,
              25.1976788198487
            ],
            [
              121.55167958453508,
              25.197627957550527
            ],
            [
              121.55155433004174,
              25.197564705545936
            ],
            [
              121.55148438606119,
              25.197535538328314
            ],
            [
              121.5513598281816,
              25.197490163253118
            ],
            [
              121.55128474497461,
              25.197456709796818
            ],
            [
              121.55115408962448,
              25.19738017119571
            ],
            [
              121.55104372928905,
              25.197321000139226
            ],
            [
              121.5509736107885,
              25.197287342773993
            ],
            [
              121.55088798776619,
              25.19723178613998
            ],
            [
              121.55080245178358,
              25.197180820457312
            ],
            [
              121.55069670761884,
              25.1971124660404
            ],
            [
              121.5505945346221,
              25.197142458800094
            ],
            [
              121.5504150130486,
              25.197206119362697
            ],
            [
              121.55030857169139,
              25.19725419296752
            ],
            [
              121.55023610092337,
              25.19728767790182
            ],
            [
              121.55008567167049,
              25.19734154420059
            ],
            [
              121.54999821878856,
              25.197371129295334
            ],
            [
              121.54985780625256,
              25.19742909872921
            ],
            [
              121.54973821156821,
              25.19751782426999
            ],
            [
              121.5495761967198,
              25.197657037166326
            ],
            [
              121.54947193220399,
              25.19776309174645
            ],
            [
              121.54934894002129,
              25.19789218473032
            ],
            [
              121.54923439689928,
              25.197985136235562
            ],
            [
              121.54916270939648,
              25.19804108983119
            ],
            [
              121.54905260845409,
              25.198120530822013
            ],
            [
              121.548970119783,
              25.198149912326958
            ],
            [
              121.54887247472159,
              25.198170823380472
            ],
            [
              121.54874564925416,
              25.19819709898561
            ],
            [
              121.54861760416834,
              25.198192108777068
            ],
            [
              121.54836316857565,
              25.198092575558718
            ],
            [
              121.54822850301738,
              25.198043032808954
            ],
            [
              121.54811378456093,
              25.197997348220213
            ],
            [
              121.54804775824452,
              25.197941198748026
            ],
            [
              121.54798086082964,
              25.19786276262388
            ],
            [
              121.54791892842236,
              25.197784122968933
            ],
            [
              121.54786108996953,
              25.19768299321762
            ],
            [
              121.54778853054383,
              25.19758235137517
            ],
            [
              121.54771457737223,
              25.197445953671355
            ],
            [
              121.5476511640139,
              25.197327128353596
            ],
            [
              121.54759349963827,
              25.197230487657627
            ],
            [
              121.54754611378517,
              25.197146950403027
            ],
            [
              121.54750029582767,
              25.197103577622574
            ],
            [
              121.5474294783021,
              25.19705212003812
            ],
            [
              121.54738427004325,
              25.19702664564017
            ],
            [
              121.54731014239712,
              25.19701553526893
            ],
            [
              121.54710483208524,
              25.197048718858365
            ],
            [
              121.54693427703589,
              25.197089702511786
            ],
            [
              121.54685570664664,
              25.197092183426243
            ],
            [
              121.54672783365827,
              25.19709159874694
            ],
            [
              121.5466587577951,
              25.197084794933804
            ],
            [
              121.54660893255644,
              25.197068421961465
            ],
            [
              121.54651485687177,
              25.197048921202185
            ],
            [
              121.54642069400249,
              25.197029521845927
            ],
            [
              121.54631032909774,
              25.19697026281424
            ],
            [
              121.5462280997703,
              25.196874332183825
            ],
            [
              121.54616564376917,
              25.196782301574892
            ],
            [
              121.54611756046474,
              25.196680965405424
            ],
            [
              121.54607461648189,
              25.196583834687967
            ],
            [
              121.54603167248295,
              25.196486703870846
            ],
            [
              121.54598925111316,
              25.196403042233566
            ],
            [
              121.54593785764615,
              25.196341972517352
            ],
            [
              121.54582557590652,
              25.196233648348088
            ],
            [
              121.54569918259838,
              25.196139098383593
            ],
            [
              121.54564413047287,
              25.196113927577784
            ],
            [
              121.54557932224048,
              25.19608904109018
            ],
            [
              121.54551381710813,
              25.196046357239492
            ],
            [
              121.54543759765818,
              25.195981610245656
            ],
            [
              121.54537191822857,
              25.19593443641845
            ],
            [
              121.54527697044534,
              25.19589256556359
            ],
            [
              121.5451917786975,
              25.19585049115973
            ],
            [
              121.54507688297802,
              25.195800310552315
            ],
            [
              121.5449375096986,
              25.19575543251413
            ],
            [
              121.54487165576501,
              25.195703768278914
            ],
            [
              121.54477060997304,
              25.195630812397418
            ],
            [
              121.54468933773248,
              25.195561757015273
            ],
            [
              121.5446024033748,
              25.195470495276755
            ],
            [
              121.54454552143966,
              25.19539615751997
            ],
            [
              121.54450667097457,
              25.195276533918463
            ],
            [
              121.54444212342388,
              25.195126414793968
            ],
            [
              121.54440423112005,
              25.195033669585246
            ],
            [
              121.54436686145637,
              25.19495431287951
            ],
            [
              121.54433541517983,
              25.19490155074593
            ],
            [
              121.54428463073157,
              25.194858377779937
            ],
            [
              121.54421302723449,
              25.194784526616843
            ],
            [
              121.54413097061703,
              25.194693161910525
            ],
            [
              121.54405919280572,
              25.194614820602855
            ],
            [
              121.54395718809589,
              25.194515064671297
            ],
            [
              121.54389115937954,
              25.194458908881426
            ],
            [
              121.54382957319417,
              25.19438924213851
            ],
            [
              121.54376763853867,
              25.19431059556535
            ],
            [
              121.54369098237854,
              25.194232436036412
            ],
            [
              121.54360970937083,
              25.194163378260907
            ],
            [
              121.54350456832022,
              25.194112909771494
            ],
            [
              121.54344010731347,
              25.194097000331762
            ],
            [
              121.54336406070072,
              25.194036739428665
            ],
            [
              121.54328461676259,
              25.19388261455583
            ],
            [
              121.54326127138432,
              25.193784890606494
            ],
            [
              121.5432319154355,
              25.19365606106986
            ],
            [
              121.54321336107817,
              25.19355372496004
            ],
            [
              121.54321074778817,
              25.19348225009674
            ],
            [
              121.543201514163,
              25.193366220573296
            ],
            [
              121.54318653129798,
              25.193228004883462
            ],
            [
              121.5431557815746,
              25.193063417623904
            ],
            [
              121.54314968389475,
              25.192898018146227
            ],
            [
              121.54314550262839,
              25.192786295852375
            ],
            [
              121.54311771462515,
              25.192568010383205
            ],
            [
              121.54308182540719,
              25.192394604614996
            ],
            [
              121.54303191150044,
              25.192244014457547
            ],
            [
              121.54297598699259,
              25.192062318331264
            ],
            [
              121.54289898186235,
              25.191841023093513
            ],
            [
              121.54285586245113,
              25.191739396301614
            ],
            [
              121.54280664532556,
              25.191606765028176
            ],
            [
              121.5427839967297,
              25.191526918529824
            ],
            [
              121.54274854295714,
              25.19136692101181
            ],
            [
              121.54273948351472,
              25.191255380279745
            ],
            [
              121.54273826397434,
              25.19108987807652
            ],
            [
              121.54275838638895,
              25.190968444309224
            ],
            [
              121.54278417094966,
              25.190869298476674
            ],
            [
              121.54281518210284,
              25.19077886927787
            ],
            [
              121.54282023448093,
              25.190648942321857
            ],
            [
              121.54284270884973,
              25.190460361142147
            ],
            [
              121.54285333626291,
              25.190348211564675
            ],
            [
              121.54286474766447,
              25.190258370440162
            ],
            [
              121.54287441686644,
              25.190123872648073
            ],
            [
              121.54287668172444,
              25.190052214660124
            ],
            [
              121.54287171645878,
              25.189918101919186
            ],
            [
              121.5428739813168,
              25.18984652481256
            ],
            [
              121.54286378945521,
              25.189703614404003
            ],
            [
              121.54284924209564,
              25.18957880628296
            ],
            [
              121.54284122798062,
              25.189494042933518
            ],
            [
              121.54281187192397,
              25.189365210691005
            ],
            [
              121.54280377069632,
              25.18928046785495
            ],
            [
              121.54283269120526,
              25.189131951774005
            ],
            [
              121.54282110558059,
              25.18895336412494
            ],
            [
              121.5427578637289,
              25.188839015419198
            ],
            [
              121.54270742702042,
              25.18880473737454
            ],
            [
              121.54262327868017,
              25.188789433043354
            ],
            [
              121.5425250184281,
              25.18879251461046
            ],
            [
              121.54240140900176,
              25.18877391622786
            ],
            [
              121.54230611031129,
              25.18872313719609
            ],
            [
              121.54222509765091,
              25.18865854292299
            ],
            [
              121.54213877119375,
              25.188585171356646
            ],
            [
              121.54204634693284,
              25.188480632835827
            ],
            [
              121.54192778940681,
              25.188332186101174
            ],
            [
              121.54188092387035,
              25.188262027218663
            ],
            [
              121.54174625067917,
              25.188078227010696
            ],
            [
              121.5416120999948,
              25.18790789622828
            ],
            [
              121.54149903001009,
              25.187777165432433
            ],
            [
              121.5413863954689,
              25.187655393715016
            ],
            [
              121.54133526126705,
              25.187603234995585
            ],
            [
              121.54124370746867,
              25.187521063509802
            ],
            [
              121.5411775900749,
              25.187460470983073
            ],
            [
              121.54108603615033,
              25.187378299149596
            ],
            [
              121.54101521465319,
              25.18732682884655
            ],
            [
              121.5408543198959,
              25.187228843132303
            ],
            [
              121.54068924355627,
              25.187153368651927
            ],
            [
              121.54061981559977,
              25.187137656400992
            ],
            [
              121.54043139296606,
              25.187094239765578
            ],
            [
              121.54013982945341,
              25.187053921230355
            ],
            [
              121.53983058141421,
              25.187067949142662
            ],
            [
              121.53957081241539,
              25.187089377111135
            ],
            [
              121.5393946709278,
              25.187112642565012
            ],
            [
              121.53922619508705,
              25.18707761668804
            ],
            [
              121.53913132931578,
              25.18704024236777
            ],
            [
              121.53900205388653,
              25.18699942991255
            ],
            [
              121.5388775695245,
              25.186958536701322
            ],
            [
              121.53865996112629,
              25.18692500770232
            ],
            [
              121.5384967981127,
              25.186898677023333
            ],
            [
              121.53823449979603,
              25.186853052787573
            ],
            [
              121.53798422256213,
              25.186865192956525
            ],
            [
              121.53779771209214,
              25.186875450917455
            ],
            [
              121.53754847927081,
              25.18691436933083
            ],
            [
              121.53734445815117,
              25.186983302986985
            ],
            [
              121.53719375060041,
              25.187028226907042
            ],
            [
              121.53680365233062,
              25.186982054169132
            ],
            [
              121.53670277364256,
              25.18691356889942
            ],
            [
              121.53647235523488,
              25.18679987839012
            ],
            [
              121.5362882815196,
              25.186742881324836
            ],
            [
              121.53618940602263,
              25.18672805549231
            ],
            [
              121.53608565199522,
              25.186713330537103
            ],
            [
              121.53593729489764,
              25.18669102078792
            ],
            [
              121.53580392144144,
              25.18667277600678
            ],
            [
              121.53577325684951,
              25.18664239601946
            ],
            [
              121.53570426148768,
              25.186505847354
            ],
            [
              121.5356546057091,
              25.186359711163423
            ],
            [
              121.5356055597172,
              25.186231475414434
            ],
            [
              121.53558717835423,
              25.18613361976819
            ],
            [
              121.53557036506706,
              25.18607593348288
            ],
            [
              121.53551034248285,
              25.185916791264503
            ],
            [
              121.53548263974106,
              25.1858326286051
            ],
            [
              121.5353887291388,
              25.185687886833996
            ],
            [
              121.53531555199274,
              25.185569317775727
            ],
            [
              121.5352744333854,
              25.185521339848066
            ],
            [
              121.53522164125344,
              25.18542457541669
            ],
            [
              121.53518531398021,
              25.185371985612974
            ],
            [
              121.53512259060358,
              25.185271013426515
            ],
            [
              121.53505568563064,
              25.185192553572996
            ],
            [
              121.53495593790954,
              25.185021110820426
            ],
            [
              121.5348567127977,
              25.18486313849762
            ],
            [
              121.53482012406052,
              25.184806078520843
            ],
            [
              121.53477282003291,
              25.184722500683925
            ],
            [
              121.53475086677591,
              25.184660606563504
            ],
            [
              121.53469319589816,
              25.18456394183658
            ],
            [
              121.53466174696314,
              25.184511169556696
            ],
            [
              121.5345955386507,
              25.184450588903847
            ],
            [
              121.53446617098231,
              25.184409868641737
            ],
            [
              121.53434603750816,
              25.184350863191543
            ],
            [
              121.53425003517789,
              25.184282271276764
            ],
            [
              121.53411361067533,
              25.184183580179678
            ],
            [
              121.53400724126651,
              25.184097369397737
            ],
            [
              121.5339164656568,
              25.184037494808244
            ],
            [
              121.53375913271178,
              25.18390360696735
            ],
            [
              121.53368281831507,
              25.18383440773565
            ],
            [
              121.53361730637229,
              25.183791706061864
            ],
            [
              121.53352984090091,
              25.183687028172287
            ],
            [
              121.53347452156926,
              25.183652923003837
            ],
            [
              121.53336362147434,
              25.18358024273198
            ],
            [
              121.53328521600069,
              25.183587116048795
            ],
            [
              121.53316377452775,
              25.183626653640694
            ],
            [
              121.53306541903672,
              25.183625212477736
            ],
            [
              121.53293753063677,
              25.183624680191187
            ],
            [
              121.53260848741454,
              25.1836347762151
            ],
            [
              121.53244122123616,
              25.18363092365729
            ],
            [
              121.53226437183393,
              25.183636375120297
            ],
            [
              121.5320483189916,
              25.183642996806626
            ],
            [
              121.5318908092432,
              25.18363886109179
            ],
            [
              121.53170420172772,
              25.183644594017984
            ],
            [
              121.53150287086935,
              25.183650811117836
            ],
            [
              121.5313747193684,
              25.18364127565393
            ],
            [
              121.5312956155831,
              25.18363034788841
            ],
            [
              121.53119769408161,
              25.18364223506883
            ],
            [
              121.53104959200743,
              25.183624465288375
            ],
            [
              121.53093067461512,
              25.18360125664906
            ],
            [
              121.53083135889618,
              25.18357301214186
            ],
            [
              121.53072263422091,
              25.18355840034801
            ],
            [
              121.53063359839231,
              25.183543263780223
            ],
            [
              121.53052382809744,
              25.183501870921663
            ],
            [
              121.53040891765222,
              25.183451738873835
            ],
            [
              121.53027388248587,
              25.18338872015765
            ],
            [
              121.53018362663431,
              25.183342311699494
            ],
            [
              121.53002367496977,
              25.183271179428402
            ],
            [
              121.52988384775979,
              25.183212852433506
            ],
            [
              121.52976937227201,
              25.183176049377494
            ],
            [
              121.52965515802981,
              25.183143796959218
            ],
            [
              121.52956019720779,
              25.18310197866314
            ],
            [
              121.52948074368885,
              25.183082068169707
            ],
            [
              121.5294211535135,
              25.18306596187275
            ],
            [
              121.52937158213051,
              25.183054043379816
            ],
            [
              121.52926695072283,
              25.183017017807796
            ],
            [
              121.52916397450633,
              25.1830246748721
            ],
            [
              121.52911989159688,
              25.183030476404088
            ],
            [
              121.52903608174991,
              25.183024056625396
            ],
            [
              121.52890383282296,
              25.183037091221667
            ],
            [
              121.52874248544052,
              25.183059912969963
            ],
            [
              121.52857713027393,
              25.183109738417166
            ],
            [
              121.52840619912901,
              25.183141864022563
            ],
            [
              121.528269244939,
              25.183159489098973
            ],
            [
              121.52813220346407,
              25.183177053700387
            ],
            [
              121.52799977925123,
              25.183185596924464
            ],
            [
              121.52789244582952,
              25.18320682514965
            ],
            [
              121.52774538493917,
              25.183220282277265
            ],
            [
              121.52766654001204,
              25.18321374044353
            ],
            [
              121.52756391084326,
              25.1832302964508
            ],
            [
              121.52742111849376,
              25.183225750833046
            ],
            [
              121.52727841308804,
              25.183221103519813
            ],
            [
              121.52715522280856,
              25.183215973175862
            ],
            [
              121.52697714553676,
              25.183185612083705
            ],
            [
              121.52686841720342,
              25.183171076733327
            ],
            [
              121.5267345104524,
              25.183139425505498
            ],
            [
              121.52662125152973,
              25.183133890553606
            ],
            [
              121.52644343479534,
              25.18311253014127
            ],
            [
              121.52635422139592,
              25.18309289879157
            ],
            [
              121.52625995481836,
              25.183068958106418
            ],
            [
              121.52611585400366,
              25.18302862705527
            ],
            [
              121.52599597313944,
              25.182978609401193
            ],
            [
              121.52580456426126,
              25.182854770593625
            ],
            [
              121.52567849733798,
              25.182769149944374
            ],
            [
              121.52555129767566,
              25.182652235858626
            ],
            [
              121.52547515205684,
              25.182587435651044
            ],
            [
              121.5254385603227,
              25.18253044867728
            ],
            [
              121.52538262722078,
              25.182478434722338
            ],
            [
              121.52531562943503,
              25.182395531246332
            ],
            [
              121.52517841018073,
              25.182274427567222
            ],
            [
              121.52508701771005,
              25.18219671913324
            ],
            [
              121.52501104602975,
              25.182136408717152
            ],
            [
              121.52486825049894,
              25.18199760361486
            ],
            [
              121.52466908572138,
              25.181797903221092
            ],
            [
              121.52450564140213,
              25.181632898341146
            ],
            [
              121.52434254534589,
              25.181476874128503
            ],
            [
              121.52413902344591,
              25.181290743381197
            ],
            [
              121.52402140574476,
              25.181169052272615
            ],
            [
              121.52388366219462,
              25.18103463401422
            ],
            [
              121.52377597641964,
              25.180912619531796
            ],
            [
              121.52366898753976,
              25.18081301851426
            ],
            [
              121.52358255996778,
              25.1807351050002
            ],
            [
              121.52352148560597,
              25.18067879946905
            ],
            [
              121.5234500433725,
              25.180609485487672
            ],
            [
              121.52339933678466,
              25.18056626905948
            ],
            [
              121.52333364471141,
              25.180519065507415
            ],
            [
              121.52325671349553,
              25.18043194883584
            ],
            [
              121.52316584224194,
              25.18036762744772
            ],
            [
              121.52309439978681,
              25.180298231918105
            ],
            [
              121.5229977781517,
              25.180211718541564
            ],
            [
              121.52290080793462,
              25.18011622344473
            ],
            [
              121.52282483480516,
              25.18005599004938
            ],
            [
              121.5227836245889,
              25.180003489513048
            ],
            [
              121.52268735119291,
              25.179925956918236
            ],
            [
              121.5225801870462,
              25.17982186229657
            ],
            [
              121.52248948950718,
              25.17976203030749
            ],
            [
              121.5224136903561,
              25.179706125119285
            ],
            [
              121.5223125376178,
              25.179628691875354
            ],
            [
              121.52225146257928,
              25.17957246541175
            ],
            [
              121.5220995154093,
              25.179451834423258
            ],
            [
              121.5219578488871,
              25.17934431320509
            ],
            [
              121.52182079986471,
              25.17922768928189
            ],
            [
              121.52177479735894,
              25.17917988004167
            ],
            [
              121.52172879483473,
              25.17913207074492
            ],
            [
              121.52172844633068,
              25.179123170071787
            ],
            [
              121.52169943336546,
              25.179003288546976
            ],
            [
              121.52175292873703,
              25.178853969121775
            ],
            [
              121.52180816660267,
              25.178753846927926
            ],
            [
              121.52185007417695,
              25.178689972019356
            ],
            [
              121.52191567997457,
              25.178602939670565
            ],
            [
              121.52200498395483,
              25.178492830832884
            ],
            [
              121.52207503307696,
              25.178392286422184
            ],
            [
              121.52216451118443,
              25.17828666846744
            ],
            [
              121.5221965734299,
              25.17822301442096
            ],
            [
              121.52225111407682,
              25.178100559185268
            ],
            [
              121.52228622569363,
              25.177987628561414
            ],
            [
              121.52231210198997,
              25.177888370502046
            ],
            [
              121.52232578070316,
              25.17772692703869
            ],
            [
              121.52231149211099,
              25.17760656287332
            ],
            [
              121.52224989431822,
              25.17740268478395
            ],
            [
              121.5222013653408,
              25.1772878161185
            ],
            [
              121.52214778305279,
              25.17716871841592
            ],
            [
              121.52206396810651,
              25.177028111031433
            ],
            [
              121.52201186689284,
              25.176949127174712
            ],
            [
              121.5219756225563,
              25.17676685754883
            ],
            [
              121.52198111148302,
              25.176650320036604
            ],
            [
              121.52201291240237,
              25.17657782574867
            ],
            [
              121.5220925453508,
              25.1764724291707
            ],
            [
              121.52218176206759,
              25.176357890740544
            ],
            [
              121.52223281769656,
              25.176275751453083
            ],
            [
              121.52227420236204,
              25.176198485471854
            ],
            [
              121.52231166636211,
              25.176148123132815
            ],
            [
              121.52233797828043,
              25.17606227710949
            ],
            [
              121.52235871415883,
              25.175958729707585
            ],
            [
              121.52237308987065,
              25.175815168115413
            ],
            [
              121.52237927578246,
              25.175716513051878
            ],
            [
              121.52237099885814,
              25.175627342622747
            ],
            [
              121.52236821084138,
              25.175551362194398
            ],
            [
              121.52236838509242,
              25.175421593543362
            ],
            [
              121.52237570363623,
              25.17535431380235
            ],
            [
              121.52241299335215,
              25.175299460782337
            ],
            [
              121.52245882135094,
              25.175208601937342
            ],
            [
              121.52251344899851,
              25.175090577644248
            ],
            [
              121.52254812490804,
              25.174964235055704
            ],
            [
              121.52255431081042,
              25.174865660885082
            ],
            [
              121.52255439793578,
              25.174735912781937
            ],
            [
              121.52255239405193,
              25.17468224512053
            ],
            [
              121.52252259716661,
              25.17454004952878
            ],
            [
              121.52249916042973,
              25.174437868167814
            ],
            [
              121.5224766820679,
              25.174362490436106
            ],
            [
              121.52241865650889,
              25.174256903255127
            ],
            [
              121.52237622638934,
              25.174173206896935
            ],
            [
              121.52233370912855,
              25.174084999045164
            ],
            [
              121.52226636105814,
              25.173993104468398
            ],
            [
              121.52217958392593,
              25.173906282749215
            ],
            [
              121.5220965531345,
              25.173788066250186
            ],
            [
              121.5220140450377,
              25.173683160216175
            ],
            [
              121.52196290218548,
              25.173631059198094
            ],
            [
              121.52191628985567,
              25.173565344484665
            ],
            [
              121.52181897021995,
              25.17346102162547
            ],
            [
              121.52172696518848,
              25.173365397918403
            ],
            [
              121.521654737702,
              25.173273682875614
            ],
            [
              121.52162903550948,
              25.173243090501305
            ],
            [
              121.5215599445023,
              25.173102077374644
            ],
            [
              121.52147569349528,
              25.17295258486487
            ],
            [
              121.52136025121858,
              25.17275477703918
            ],
            [
              121.52129098579675,
              25.17260927217134
            ],
            [
              121.52126850719802,
              25.17253389290918
            ],
            [
              121.52124507020476,
              25.172431709528027
            ],
            [
              121.52122241734423,
              25.17235183927525
            ],
            [
              121.52121457596841,
              25.17227154740699
            ],
            [
              121.52119976447925,
              25.172137788274647
            ],
            [
              121.52119497252646,
              25.172008218825848
            ],
            [
              121.52119157459619,
              25.171914333760405
            ],
            [
              121.5211929686189,
              25.17182036942296
            ],
            [
              121.52119932884717,
              25.17172620375479
            ],
            [
              121.52120141988107,
              25.171650122074738
            ],
            [
              121.52120760585612,
              25.171551465477695
            ],
            [
              121.52117353942613,
              25.17142726949282
            ],
            [
              121.5211253584989,
              25.171321377571367
            ],
            [
              121.52109852354336,
              25.171259570280878
            ],
            [
              121.52106114627333,
              25.171180181297466
            ],
            [
              121.52101383656444,
              25.17109658182277
            ],
            [
              121.52093585827235,
              25.170982671185094
            ],
            [
              121.52085134542666,
              25.170824253989338
            ],
            [
              121.52079471307248,
              25.170754346984463
            ],
            [
              121.52069207775014,
              25.170636706917872
            ],
            [
              121.52061392498553,
              25.170518304464522
            ],
            [
              121.52054666303171,
              25.170426384604408
            ],
            [
              121.52049909172968,
              25.170338394743382
            ],
            [
              121.5204508233921,
              25.170227989841212
            ],
            [
              121.52037807233941,
              25.170122878865804
            ],
            [
              121.5203143824578,
              25.169995072367765
            ],
            [
              121.52023396412994,
              25.169814077937353
            ],
            [
              121.52017480478231,
              25.169677270294294
            ],
            [
              121.52012078591098,
              25.169544671306948
            ],
            [
              121.52005657312276,
              25.169403472000536
            ],
            [
              121.51993886410554,
              25.169277328730193
            ],
            [
              121.5198386675856,
              25.16922668681188
            ],
            [
              121.5197306295008,
              25.1692300151237
            ],
            [
              121.51960342323817,
              25.169247336992346
            ],
            [
              121.51949128992936,
              25.169273159345686
            ],
            [
              121.51936983383638,
              25.16931267447849
            ],
            [
              121.51919078606151,
              25.169389739841026
            ],
            [
              121.51912779254431,
              25.169413997701373
            ],
            [
              121.51894351670406,
              25.1694822614831
            ],
            [
              121.5187696959592,
              25.16956812806323
            ],
            [
              121.51859561356568,
              25.16964499197393
            ],
            [
              121.51842614871958,
              25.169717285718
            ],
            [
              121.51826156282729,
              25.16978494759449
            ],
            [
              121.51810638660552,
              25.169843428088924
            ],
            [
              121.51799494886362,
              25.169887051968388
            ],
            [
              121.51785449707533,
              25.16994505106207
            ],
            [
              121.51767431425637,
              25.16999081956252
            ],
            [
              121.5175574740856,
              25.170021231569436
            ],
            [
              121.5174353189103,
              25.170042862488252
            ],
            [
              121.5172741296425,
              25.17007022686038
            ],
            [
              121.51713724928099,
              25.170092257800494
            ],
            [
              121.51691219356385,
              25.170121504746696
            ],
            [
              121.51668696314545,
              25.170146341189692
            ],
            [
              121.5165106993412,
              25.17016512275546
            ],
            [
              121.51640300664138,
              25.17017734992329
            ],
            [
              121.51626142021149,
              25.170204051616274
            ],
            [
              121.5160574483151,
              25.17027291423974
            ],
            [
              121.51597972804386,
              25.170297652309017
            ],
            [
              121.51583944804874,
              25.17036014121371
            ],
            [
              121.51571938217758,
              25.170435340399056
            ],
            [
              121.51563199017636,
              25.170464870049656
            ],
            [
              121.51544770871925,
              25.170533131103348
            ],
            [
              121.51528756222913,
              25.170591729754054
            ],
            [
              121.51511234184697,
              25.170637375703702
            ],
            [
              121.51503409814879,
              25.17064872102119
            ],
            [
              121.5149075837266,
              25.170683842100402
            ],
            [
              121.51478577425442,
              25.170714453391863
            ],
            [
              121.51471293247675,
              25.170739010604667
            ],
            [
              121.51465943382114,
              25.17075406545275
            ],
            [
              121.5145816254713,
              25.170778823620275
            ],
            [
              121.51445545907623,
              25.170823007646252
            ],
            [
              121.51428529105986,
              25.170872882648087
            ],
            [
              121.51414953984482,
              25.17092628892555
            ],
            [
              121.51404219345577,
              25.17094741600745
            ],
            [
              121.51393005470996,
              25.17097323515737
            ],
            [
              121.51376345832884,
              25.170987303133234
            ],
            [
              121.51352776585978,
              25.170994450351635
            ],
            [
              121.51333572624051,
              25.17098692399723
            ],
            [
              121.5132471997016,
              25.170985155614414
            ],
            [
              121.51312355868306,
              25.17096658484873
            ],
            [
              121.51301490434466,
              25.17095200380628
            ],
            [
              121.51289570684463,
              25.170919839124494
            ],
            [
              121.51273581819075,
              25.170848635877505
            ],
            [
              121.51262001858512,
              25.17077617265339
            ],
            [
              121.51249855521633,
              25.17068141286336
            ],
            [
              121.51235121318106,
              25.170551726107057
            ],
            [
              121.51221789940833,
              25.170403674271036
            ],
            [
              121.51210480041304,
              25.170268414227085
            ],
            [
              121.51198656043515,
              25.17012886342087
            ],
            [
              121.51188844817237,
              25.170002125163347
            ],
            [
              121.51183721367143,
              25.169945582935473
            ],
            [
              121.51177090504014,
              25.16988045766265
            ],
            [
              121.51171984475396,
              25.16982832558945
            ],
            [
              121.51162338780318,
              25.16974627689
            ],
            [
              121.51155707904836,
              25.169681232196627
            ],
            [
              121.51141940766107,
              25.169546750522183
            ],
            [
              121.5113015155127,
              25.16941609904179
            ],
            [
              121.51123686211751,
              25.16939566337526
            ],
            [
              121.51110851369279,
              25.16938176011539
            ],
            [
              121.51100560830083,
              25.169389370837685
            ],
            [
              121.51076999730154,
              25.16940102150495
            ],
            [
              121.5105888448766,
              25.169419973857593
            ],
            [
              121.51041745124165,
              25.169438646490566
            ],
            [
              121.51021843563719,
              25.169507299647094
            ],
            [
              121.50999519618163,
              25.16958571549481
            ],
            [
              121.50974851694959,
              25.169696128346438
            ],
            [
              121.5095738980558,
              25.169759671375186
            ],
            [
              121.50934211807595,
              25.169874095097622
            ],
            [
              121.50907156228186,
              25.170003172029872
            ],
            [
              121.50884962763263,
              25.170117295536382
            ],
            [
              121.50854064369618,
              25.170269927209304
            ],
            [
              121.508322977694,
              25.17036604617688
            ],
            [
              121.50823017761161,
              25.17038227766918
            ],
            [
              121.50816682953105,
              25.170397629927066
            ],
            [
              121.50810382996099,
              25.17042188397103
            ],
            [
              121.50792119200787,
              25.170534827903694
            ],
            [
              121.50782560323046,
              25.17060934467496
            ],
            [
              121.50777236277393,
              25.170633319337853
            ],
            [
              121.50770613893098,
              25.170702445045233
            ],
            [
              121.50766352909608,
              25.170748516353925
            ],
            [
              121.5075967823699,
              25.17080424887076
            ],
            [
              121.50754441317505,
              25.17085059952985
            ],
            [
              121.50737170794062,
              25.170967674610356
            ],
            [
              121.50724718922243,
              25.171056544720425
            ],
            [
              121.50719412277172,
              25.17108501075814
            ],
            [
              121.5071123010534,
              25.17113224051915
            ],
            [
              121.50705435485976,
              25.17116080573391
            ],
            [
              121.50697174880688,
              25.17118571977967
            ],
            [
              121.50692312622895,
              25.171200591828786
            ],
            [
              121.50679050325047,
              25.17120468938581
            ],
            [
              121.50668672261317,
              25.17118992160845
            ],
            [
              121.50658756017012,
              25.171166132088487
            ],
            [
              121.50639306908413,
              25.171091504974797
            ],
            [
              121.50626358245262,
              25.1710462177021
            ],
            [
              121.50613967249755,
              25.171018715843253
            ],
            [
              121.5060459121333,
              25.171008138905222
            ],
            [
              121.50591363669363,
              25.171021137209003
            ],
            [
              121.50581133661146,
              25.171046650066206
            ],
            [
              121.50574389170332,
              25.171084497500537
            ],
            [
              121.5056730483657,
              25.17116264483686
            ],
            [
              121.50559906800706,
              25.171290176513427
            ],
            [
              121.5055768477487,
              25.171353533200026
            ],
            [
              121.50553066445285,
              25.171435493973707
            ],
            [
              121.50549859754967,
              25.171499069508144
            ],
            [
              121.50546653063759,
              25.17156272599298
            ],
            [
              121.50542853830622,
              25.17159961385355
            ],
            [
              121.5053123827748,
              25.171782098544902
            ],
            [
              121.50530907151263,
              25.171826991457934
            ],
            [
              121.50530767729695,
              25.171920966591845
            ],
            [
              121.50534497256068,
              25.172000390267044
            ],
            [
              121.50537695236828,
              25.17206649905533
            ],
            [
              121.50541389905592,
              25.172136939708547
            ],
            [
              121.5054118077343,
              25.1722131108046
            ],
            [
              121.50543132673464,
              25.17234221600853
            ],
            [
              121.50543899491241,
              25.17241802685866
            ],
            [
              121.5054238328331,
              25.1725392890517
            ],
            [
              121.50537852085999,
              25.17264354536758
            ],
            [
              121.505352205052,
              25.17272939813923
            ],
            [
              121.50528345279672,
              25.1728657330772
            ],
            [
              121.50519309013751,
              25.17294897213095
            ],
            [
              121.50510752003208,
              25.173027680967586
            ],
            [
              121.50504565158619,
              25.173083233732726
            ],
            [
              121.5049789033382,
              25.173138966615763
            ],
            [
              121.50490771097347,
              25.17320821265103
            ],
            [
              121.50483547289859,
              25.173250671861506
            ],
            [
              121.50468019138228,
              25.173304631024312
            ],
            [
              121.50452822094078,
              25.173318229642213
            ],
            [
              121.50431777988847,
              25.173342548132766
            ],
            [
              121.50404651513907,
              25.17331946039042
            ],
            [
              121.50391380169866,
              25.173319044634685
            ],
            [
              121.50360933574773,
              25.17332831364151
            ],
            [
              121.50336342705502,
              25.173326922644524
            ],
            [
              121.5030730763545,
              25.173317885754237
            ],
            [
              121.5028284736191,
              25.17335220346984
            ],
            [
              121.50265942119262,
              25.17329916865707
            ],
            [
              121.50256426373794,
              25.17325281979159
            ],
            [
              121.50256330519179,
              25.173226011920452
            ],
            [
              121.50260434838965,
              25.173139759339687
            ],
            [
              121.50264574013484,
              25.17306248984181
            ],
            [
              121.50268242627972,
              25.172989730018806
            ],
            [
              121.5026866961628,
              25.172971725210857
            ],
            [
              121.50270316571036,
              25.172886251946245
            ],
            [
              121.50272425369899,
              25.172791595060268
            ],
            [
              121.5026897460792,
              25.172653962984047
            ],
            [
              121.50262630780159,
              25.17253513533458
            ],
            [
              121.50260408696803,
              25.172464212918776
            ],
            [
              121.50251415790369,
              25.17229246729712
            ],
            [
              121.50242588444159,
              25.172165414540768
            ],
            [
              121.50233717520803,
              25.172024947233925
            ],
            [
              121.50229491194395,
              25.17194572132005
            ],
            [
              121.50224349888012,
              25.17188468013458
            ],
            [
              121.50219731424383,
              25.17183236110822
            ],
            [
              121.50215644518224,
              25.171788905589203
            ],
            [
              121.5021099119473,
              25.17172768425979
            ],
            [
              121.50200299000464,
              25.17162801676328
            ],
            [
              121.50187158131936,
              25.17152910726315
            ],
            [
              121.50182112661844,
              25.171494873621477
            ],
            [
              121.50176056351985,
              25.171452016594223
            ],
            [
              121.50172466135136,
              25.171412811913036
            ],
            [
              121.50168806204182,
              25.17135127004373
            ],
            [
              121.50164623424523,
              25.171285457550486
            ],
            [
              121.50163908866182,
              25.171223037885063
            ],
            [
              121.50165442552328,
              25.171106264196084
            ],
            [
              121.5016706337951,
              25.171011786562314
            ],
            [
              121.50172378993935,
              25.170853633804995
            ],
            [
              121.50174113103684,
              25.170790455982853
            ],
            [
              121.50175899497873,
              25.170740671990494
            ],
            [
              121.50178688015079,
              25.170565331591774
            ],
            [
              121.50181258678778,
              25.170461652365265
            ],
            [
              121.50185084173859,
              25.170299406434516
            ],
            [
              121.50187951115808,
              25.1701419309147
            ],
            [
              121.50189205947319,
              25.17008344514706
            ],
            [
              121.50190844199363,
              25.169993459138492
            ],
            [
              121.5019114047896,
              25.169939662814894
            ],
            [
              121.5019326672057,
              25.169849577882598
            ],
            [
              121.50193423574443,
              25.16976001068586
            ],
            [
              121.50193083724379,
              25.16966619211927
            ],
            [
              121.50189754936062,
              25.169564288291166
            ],
            [
              121.5018550245115,
              25.169476137930626
            ],
            [
              121.50183846770125,
              25.169427431742537
            ],
            [
              121.5017867058685,
              25.169357405631732
            ],
            [
              121.50174496524899,
              25.16929157175434
            ],
            [
              121.50162924169852,
              25.16921898822168
            ],
            [
              121.50148432567235,
              25.16915636636853
            ],
            [
              121.50144851055894,
              25.169117140151663
            ],
            [
              121.50138759869809,
              25.16906529827136
            ],
            [
              121.50135204497897,
              25.16903507576409
            ],
            [
              121.50128625314126,
              25.16898341355297
            ],
            [
              121.50124564518023,
              25.168948879138934
            ],
            [
              121.501139245283,
              25.16886260131896
            ],
            [
              121.50106857338851,
              25.168811118587715
            ],
            [
              121.50093925503745,
              25.168770312615884
            ],
            [
              121.50084557756958,
              25.16876416057043
            ],
            [
              121.50077124553376,
              25.168748588706066
            ],
            [
              121.50069691344984,
              25.168732935832683
            ],
            [
              121.50061726565353,
              25.16870404809189
            ],
            [
              121.50050249953048,
              25.16865835174508
            ],
            [
              121.50039723179367,
              25.168603372757637
            ],
            [
              121.50033649365993,
              25.168556021276682
            ],
            [
              121.50028542828875,
              25.168503878946726
            ],
            [
              121.50017867893271,
              25.168408696770882
            ],
            [
              121.50010626359881,
              25.168312457928938
            ],
            [
              121.49999646408848,
              25.168132357352228
            ],
            [
              121.4999022629964,
              25.16797868783876
            ],
            [
              121.4998397817484,
              25.16788212872504
            ],
            [
              121.49977608046898,
              25.16775437045386
            ],
            [
              121.49967516920438,
              25.167551612461352
            ],
            [
              121.49960841783553,
              25.167338935353726
            ],
            [
              121.49957417070827,
              25.167210219086652
            ],
            [
              121.49954924785607,
              25.167067809589707
            ],
            [
              121.49952354071266,
              25.16690308277115
            ],
            [
              121.49946951212128,
              25.166636247852196
            ],
            [
              121.4994506021083,
              25.166524958980354
            ],
            [
              121.49941034207026,
              25.166365120998226
            ],
            [
              121.4993828048933,
              25.166285491940236
            ],
            [
              121.49936694487064,
              25.1662546697076
            ],
            [
              121.49931213191837,
              25.1660997206687
            ],
            [
              121.49926821182329,
              25.165975793919543
            ],
            [
              121.49920860595309,
              25.16582545545615
            ],
            [
              121.49913261713809,
              25.165630981016978
            ],
            [
              121.49907388262965,
              25.16550301982916
            ],
            [
              121.49899562800057,
              25.16538006680269
            ],
            [
              121.49892669765393,
              25.165243501430027
            ],
            [
              121.49887955310736,
              25.165164367531123
            ],
            [
              121.49883284425837,
              25.165098729359975
            ],
            [
              121.49878012249373,
              25.16500188876171
            ],
            [
              121.49873907792964,
              25.164953936412147
            ],
            [
              121.49864670582092,
              25.164849367289605
            ],
            [
              121.49850875752408,
              25.164705927438888
            ],
            [
              121.49838170202901,
              25.164593510073395
            ],
            [
              121.49828497244269,
              25.164502433022847
            ],
            [
              121.49819442999039,
              25.164447050113274
            ],
            [
              121.49814353795506,
              25.164399395739594
            ],
            [
              121.49797508864316,
              25.1642300405107
            ],
            [
              121.49788236734386,
              25.164116566852314
            ],
            [
              121.49771374336063,
              25.163942718638648
            ],
            [
              121.49766842834623,
              25.16391277045457
            ],
            [
              121.49758703556392,
              25.163839201485285
            ],
            [
              121.49755156781312,
              25.163808954649106
            ],
            [
              121.49747592648005,
              25.1637575841373
            ],
            [
              121.49743078566075,
              25.16373212754951
            ],
            [
              121.4972612024245,
              25.163665674816553
            ],
            [
              121.49711584516574,
              25.163589623484402
            ],
            [
              121.4970104000368,
              25.1635301435462
            ],
            [
              121.49686539104032,
              25.163462994318373
            ],
            [
              121.49677615464385,
              25.16344332133578
            ],
            [
              121.4967362422488,
              25.163426668491137
            ],
            [
              121.49642583140194,
              25.16327507876853
            ],
            [
              121.49625066938052,
              25.16319091625179
            ],
            [
              121.49616047390718,
              25.16314443262399
            ],
            [
              121.49603559445383,
              25.163090099936422
            ],
            [
              121.49582069341605,
              25.162993693803344
            ],
            [
              121.4957612600492,
              25.162982128876806
            ],
            [
              121.49571559568194,
              25.162943195311684
            ],
            [
              121.49563542155813,
              25.162900904468806
            ],
            [
              121.4955784281796,
              25.162822145271946
            ],
            [
              121.49544518208188,
              25.162674024450226
            ],
            [
              121.4953581232335,
              25.162578312865108
            ],
            [
              121.49530731708832,
              25.162535086813705
            ],
            [
              121.49525058498546,
              25.16246071745586
            ],
            [
              121.49521424505225,
              25.162408171243243
            ],
            [
              121.49517328636085,
              25.162364646776624
            ],
            [
              121.4951269245904,
              25.162307906773542
            ],
            [
              121.49492396090524,
              25.162135182184144
            ],
            [
              121.49487341600735,
              25.162096426967775
            ],
            [
              121.49479725003303,
              25.162031657639282
            ],
            [
              121.49474653078644,
              25.161988410349828
            ],
            [
              121.49468526678693,
              25.161927655308066
            ],
            [
              121.49449938307222,
              25.161816954271977
            ],
            [
              121.49438347793155,
              25.161740021728825
            ],
            [
              121.49429868409672,
              25.161706750497853
            ],
            [
              121.4942225177416,
              25.161641980228943
            ],
            [
              121.49413711375941,
              25.161590882285324
            ],
            [
              121.49404743950979,
              25.161557789938744
            ],
            [
              121.49384673974528,
              25.161447584540905
            ],
            [
              121.49378129219963,
              25.161404894446555
            ],
            [
              121.49373641137117,
              25.161388358307047
            ],
            [
              121.49365065843857,
              25.16132827566599
            ],
            [
              121.49353510103185,
              25.161260244279443
            ],
            [
              121.49335383427753,
              25.16114496962955
            ],
            [
              121.49321814546717,
              25.16106411794989
            ],
            [
              121.49293125504678,
              25.16088041007846
            ],
            [
              121.49274990019245,
              25.16076062077271
            ],
            [
              121.49269325397557,
              25.160690760242847
            ],
            [
              121.49262248973928,
              25.16063928432026
            ],
            [
              121.4925764755327,
              25.1605914444838
            ],
            [
              121.49245978411945,
              25.160492107865085
            ],
            [
              121.4923930285602,
              25.160413621072344
            ],
            [
              121.49235721061359,
              25.160374386239287
            ],
            [
              121.49228400601649,
              25.160255811927424
            ],
            [
              121.49220653110046,
              25.160155324276186
            ],
            [
              121.49214404566901,
              25.160058750085607
            ],
            [
              121.4920155016132,
              25.15990610855232
            ],
            [
              121.49195353896955,
              25.159822929162697
            ],
            [
              121.4918799855208,
              25.159695450623026
            ],
            [
              121.49182665052616,
              25.159580771622455
            ],
            [
              121.49177654001032,
              25.159421215073234
            ],
            [
              121.49169078561597,
              25.159226995700255
            ],
            [
              121.49163657904515,
              25.15908993672864
            ],
            [
              121.49161235166275,
              25.158965400380804
            ],
            [
              121.49158463831982,
              25.158881269919736
            ],
            [
              121.49157749211082,
              25.15881884257659
            ],
            [
              121.49152999595428,
              25.158730794707974
            ],
            [
              121.4914928705045,
              25.158655844398897
            ],
            [
              121.49134750595199,
              25.158445480798353
            ],
            [
              121.4911801796209,
              25.15817318590893
            ],
            [
              121.49106052371506,
              25.15799343091526
            ],
            [
              121.49098818978588,
              25.15789715134863
            ],
            [
              121.4909215205217,
              25.15782317374695
            ],
            [
              121.49082530755466,
              25.15761134023304
            ],
            [
              121.4908084005576,
              25.157553722412484
            ],
            [
              121.49069257884578,
              25.157342462724095
            ],
            [
              121.4906406376941,
              25.15726800801225
            ],
            [
              121.49060403485498,
              25.157206451711062
            ],
            [
              121.49053196208773,
              25.157119175745265
            ],
            [
              121.49048516269717,
              25.15704901341818
            ],
            [
              121.49035618103794,
              25.15688294821022
            ],
            [
              121.49020114140612,
              25.156677368173582
            ],
            [
              121.49016924452509,
              25.156611221190563
            ],
            [
              121.490112597037,
              25.156541355641906
            ],
            [
              121.4900607427734,
              25.156466879361044
            ],
            [
              121.49001437894144,
              25.15641013233586
            ],
            [
              121.48997856025399,
              25.15637089464406
            ],
            [
              121.48979589348936,
              25.15621545661865
            ],
            [
              121.4897443005338,
              25.15614990377268
            ],
            [
              121.48970142258696,
              25.15605274967774
            ],
            [
              121.48966115913449,
              25.155892889818475
            ],
            [
              121.48961435938958,
              25.15582272606077
            ],
            [
              121.48956642667018,
              25.155721339254875
            ],
            [
              121.4894663779479,
              25.155540922345114
            ],
            [
              121.48936162300778,
              25.15536517601873
            ],
            [
              121.48930985555624,
              25.155295130117096
            ],
            [
              121.48916893293118,
              25.155071241057925
            ],
            [
              121.48907568162488,
              25.154939815184118
            ],
            [
              121.48893519446742,
              25.1547293411336
            ],
            [
              121.48881998092611,
              25.154535981316467
            ],
            [
              121.4887465126243,
              25.154408472851653
            ],
            [
              121.48868951583111,
              25.154329701078083
            ],
            [
              121.48863260616086,
              25.15425090865662
            ],
            [
              121.48853029069508,
              25.154142178848147
            ],
            [
              121.48843895619902,
              25.154064375080598
            ],
            [
              121.48829742244736,
              25.153956872761576
            ],
            [
              121.4882309259263,
              25.153887300798864
            ],
            [
              121.48818674014335,
              25.153754428122255
            ],
            [
              121.48813697664757,
              25.153603764977877
            ],
            [
              121.48809409810156,
              25.1535066887076
            ],
            [
              121.48798603015038,
              25.15337575555127
            ],
            [
              121.48788406271626,
              25.153275927347597
            ],
            [
              121.48774139530852,
              25.153137118311886
            ],
            [
              121.48761842405328,
              25.153002167356394
            ],
            [
              121.4875652613863,
              25.152891889696658
            ],
            [
              121.48753894149947,
              25.152709228880553
            ],
            [
              121.48755872499112,
              25.15257892804227
            ],
            [
              121.48758931531735,
              25.15247506175147
            ],
            [
              121.48760125512909,
              25.15239866197689
            ],
            [
              121.48758295322739,
              25.15230081214037
            ],
            [
              121.48755541321741,
              25.15222108689879
            ],
            [
              121.487507653944,
              25.152124106921818
            ],
            [
              121.48743183169914,
              25.15193408639075
            ],
            [
              121.48741335546637,
              25.151831662983625
            ],
            [
              121.48743854240561,
              25.15171457926607
            ],
            [
              121.48744595032782,
              25.15164726161648
            ],
            [
              121.48747732505208,
              25.15156579636162
            ],
            [
              121.48750469077676,
              25.15150680933147
            ],
            [
              121.48746294497121,
              25.15144095506003
            ],
            [
              121.48733021238228,
              25.151306277692097
            ],
            [
              121.48725918338964,
              25.151245785204004
            ],
            [
              121.48718972309308,
              25.15123001398492
            ],
            [
              121.48710413958345,
              25.151174488918855
            ],
            [
              121.48702918859607,
              25.151140987239955
            ],
            [
              121.48690909260975,
              25.15108193678673
            ],
            [
              121.4868679566553,
              25.151033990715437
            ],
            [
              121.48677156599254,
              25.150951949175788
            ],
            [
              121.48674114975398,
              25.150926006047445
            ],
            [
              121.48660493022592,
              25.150831734277013
            ],
            [
              121.48654967542579,
              25.15079755766445
            ],
            [
              121.4864454407463,
              25.150769416988688
            ],
            [
              121.48597960818597,
              25.1508014616811
            ],
            [
              121.48557207940786,
              25.150813857207083
            ],
            [
              121.48509151431924,
              25.150846292682186
            ],
            [
              121.48472790806171,
              25.150848416870105
            ],
            [
              121.4843985523128,
              25.150849432137743
            ],
            [
              121.48400008201749,
              25.150839204980436
            ],
            [
              121.48389044143609,
              25.150797762557236
            ],
            [
              121.48377060363823,
              25.15074771244398
            ],
            [
              121.48368153139054,
              25.15073251066306
            ],
            [
              121.48359664251107,
              25.150694788988897
            ],
            [
              121.48343096085236,
              25.150601460481603
            ],
            [
              121.48323904523994,
              25.150459585799133
            ],
            [
              121.48312949108885,
              25.15042265505763
            ],
            [
              121.48308913818111,
              25.150392574380618
            ],
            [
              121.48301348733543,
              25.150341179606162
            ],
            [
              121.48297322154245,
              25.15031553088234
            ],
            [
              121.48285686900954,
              25.150225151063434
            ],
            [
              121.48282087378267,
              25.150181495313667
            ],
            [
              121.4826462139747,
              25.149976454680413
            ],
            [
              121.4826085627239,
              25.14988817709061
            ],
            [
              121.48255147573445,
              25.14980488290991
            ],
            [
              121.48247320986171,
              25.14968197093012
            ],
            [
              121.48240479254625,
              25.14955876250961
            ],
            [
              121.48234195316722,
              25.149453345599838
            ],
            [
              121.48231502199427,
              25.14938699093762
            ],
            [
              121.48226769632556,
              25.149303420474194
            ],
            [
              121.4822254256842,
              25.149224164130803
            ],
            [
              121.48215195317168,
              25.14909672170824
            ],
            [
              121.48208702190867,
              25.14893310318938
            ],
            [
              121.48203429246674,
              25.148836313911055
            ],
            [
              121.4820023933216,
              25.14877015761401
            ],
            [
              121.48196526479721,
              25.14869519448206
            ],
            [
              121.48193842069233,
              25.148633352341346
            ],
            [
              121.48190634720814,
              25.14856278431895
            ],
            [
              121.48188473246377,
              25.148509748898455
            ],
            [
              121.48180507163691,
              25.14834660372827
            ],
            [
              121.48178293393563,
              25.148280171531923
            ],
            [
              121.48175478244323,
              25.148182611146616
            ],
            [
              121.48171730521355,
              25.148098743408767
            ],
            [
              121.48167965365887,
              25.148010383051655
            ],
            [
              121.48164418100238,
              25.14798012242225
            ],
            [
              121.4815521437885,
              25.14788449558823
            ],
            [
              121.48144528988544,
              25.14778482965949
            ],
            [
              121.48142472093349,
              25.147758587177375
            ],
            [
              121.48135255525946,
              25.14766686040355
            ],
            [
              121.48131246319878,
              25.14764570238384
            ],
            [
              121.48118948507339,
              25.147510731346152
            ],
            [
              121.48114860854477,
              25.147467251729132
            ],
            [
              121.48103547897205,
              25.147331984199948
            ],
            [
              121.48099948317558,
              25.14728832622864
            ],
            [
              121.48088678924123,
              25.147162022830912
            ],
            [
              121.48084486672087,
              25.14709166832239
            ],
            [
              121.48076320056151,
              25.147009140396214
            ],
            [
              121.48064553843707,
              25.14688295395001
            ],
            [
              121.48060509750135,
              25.14685289106681
            ],
            [
              121.48053850937796,
              25.146778873839462
            ],
            [
              121.48050791717743,
              25.146748434051688
            ],
            [
              121.48044272351507,
              25.146714648251155
            ],
            [
              121.48033569426741,
              25.146610486661285
            ],
            [
              121.48025010566062,
              25.146554950072943
            ],
            [
              121.48018482469472,
              25.146516650808554
            ],
            [
              121.47995751765151,
              25.146349092135484
            ],
            [
              121.47986146983196,
              25.146275940586527
            ],
            [
              121.47972986152804,
              25.146172547111604
            ],
            [
              121.47964906615702,
              25.146112318238725
            ],
            [
              121.47958256463863,
              25.146042731645387
            ],
            [
              121.47945034590938,
              25.145921508158334
            ],
            [
              121.47933381549934,
              25.145826625030587
            ],
            [
              121.4792791673158,
              25.145810350764553
            ],
            [
              121.4791523520531,
              25.145702345333213
            ],
            [
              121.4790916026991,
              25.145654962234854
            ],
            [
              121.47908149233002,
              25.145646332989642
            ],
            [
              121.47895005745146,
              25.145547429916476
            ],
            [
              121.47878724533815,
              25.145395763461977
            ],
            [
              121.47869049927313,
              25.145304719693513
            ],
            [
              121.47862913956455,
              25.14523950662865
            ],
            [
              121.47854895353241,
              25.14519718610168
            ],
            [
              121.47847826775565,
              25.14514558452939
            ],
            [
              121.47838221870211,
              25.145072429867856
            ],
            [
              121.47825008575343,
              25.144955715910292
            ],
            [
              121.47815421082768,
              25.144886972507404
            ],
            [
              121.47812309503918,
              25.144843214787652
            ],
            [
              121.47800237964563,
              25.14476631507572
            ],
            [
              121.47794180400331,
              25.144723423146523
            ],
            [
              121.47784000198882,
              25.144628062699475
            ],
            [
              121.47780417951198,
              25.144588894411054
            ],
            [
              121.47772137812383,
              25.14447505279531
            ],
            [
              121.47754923820523,
              25.14433715514225
            ],
            [
              121.47746329888884,
              25.144272628105295
            ],
            [
              121.47740342023998,
              25.144247544468875
            ],
            [
              121.47733857345852,
              25.144222740177533
            ],
            [
              121.47726936865416,
              25.144211349074684
            ],
            [
              121.47720975138384,
              25.144195271280015
            ],
            [
              121.47708999379138,
              25.14414526543177
            ],
            [
              121.4769997832956,
              25.144098745180017
            ],
            [
              121.47690983420915,
              25.14405669701861
            ],
            [
              121.47681883913161,
              25.1439879350562
            ],
            [
              121.47672714670107,
              25.14390120186578
            ],
            [
              121.47663963788746,
              25.143792028593694
            ],
            [
              121.47658594718804,
              25.1436683335701
            ],
            [
              121.47655735862362,
              25.143557348296717
            ],
            [
              121.47654864259646,
              25.14345471803989
            ],
            [
              121.47656319836145,
              25.143315599525828
            ],
            [
              121.47656075787403,
              25.143248571645987
            ],
            [
              121.47656241391908,
              25.143159043421903
            ],
            [
              121.4765550924566,
              25.1430921123951
            ],
            [
              121.4765508216033,
              25.142975967221183
            ],
            [
              121.4765079387409,
              25.142878791596992
            ],
            [
              121.4764457934262,
              25.14279117134939
            ],
            [
              121.47640997051565,
              25.142752001567423
            ],
            [
              121.47633823750071,
              25.142673682420995
            ],
            [
              121.4762929140661,
              25.142643712346125
            ],
            [
              121.47625247160163,
              25.142613645381275
            ],
            [
              121.47621159332034,
              25.142570160431614
            ],
            [
              121.47611031274,
              25.14248819256399
            ],
            [
              121.47597983323803,
              25.142416095523533
            ],
            [
              121.47593450966234,
              25.142386125121487
            ],
            [
              121.47586922624986,
              25.142347819765778
            ],
            [
              121.47581884730278,
              25.142313615199075
            ],
            [
              121.47571259820546,
              25.14223176383796
            ],
            [
              121.47565210851974,
              25.14218884805096
            ],
            [
              121.47558107232086,
              25.142128417916375
            ],
            [
              121.47553505129991,
              25.142080556812314
            ],
            [
              121.47549417276402,
              25.142037071159034
            ],
            [
              121.47539062536292,
              25.141892565834887
            ],
            [
              121.4753444299435,
              25.141840292608162
            ],
            [
              121.47529161025257,
              25.141738977695745
            ],
            [
              121.47519930647712,
              25.14163441036041
            ],
            [
              121.47515773053144,
              25.14157303388681
            ],
            [
              121.47509506151997,
              25.141472013586814
            ],
            [
              121.47506368342071,
              25.141419246694387
            ],
            [
              121.47501077643965,
              25.141317951703304
            ],
            [
              121.47494941477046,
              25.141252732473248
            ],
            [
              121.47485222967363,
              25.14114826088586
            ],
            [
              121.47469002189885,
              25.141014488160007
            ],
            [
              121.47453818614989,
              25.14089381758317
            ],
            [
              121.47439715827723,
              25.140799667475843
            ],
            [
              121.47429500448168,
              25.140695392737122
            ],
            [
              121.47415711414642,
              25.140551925277645
            ],
            [
              121.47409095810522,
              25.140491233845385
            ],
            [
              121.47396509591408,
              25.14041002815139
            ],
            [
              121.47379870309712,
              25.14029432044952
            ],
            [
              121.47368286426808,
              25.140217231189354
            ],
            [
              121.47362185054156,
              25.140160914799782
            ],
            [
              121.47340028328003,
              25.140015527751615
            ],
            [
              121.47333447545505,
              25.139963821051307
            ],
            [
              121.4732492302961,
              25.13991717613388
            ],
            [
              121.47316869186712,
              25.139865941536414
            ],
            [
              121.47301667978712,
              25.139740773015305
            ],
            [
              121.4729081618665,
              25.139596458356127
            ],
            [
              121.47279084036903,
              25.139479233747153
            ],
            [
              121.47266340781965,
              25.139353296996042
            ],
            [
              121.4725908880022,
              25.13925256655048
            ],
            [
              121.47248097506692,
              25.139068015649652
            ],
            [
              121.47239703672768,
              25.13892293245325
            ],
            [
              121.47232617284855,
              25.138732669520497
            ],
            [
              121.47229130745536,
              25.138586073027547
            ],
            [
              121.47227038821438,
              25.13841668087399
            ],
            [
              121.47222950851999,
              25.138238952135016
            ],
            [
              121.47212935756566,
              25.138054125163574
            ],
            [
              121.47204934133592,
              25.13788204635617
            ],
            [
              121.47197769276931,
              25.137803697960226
            ],
            [
              121.47195546601517,
              25.13773274220698
            ],
            [
              121.4718584527203,
              25.137632755382338
            ],
            [
              121.47176597186633,
              25.137523685817712
            ],
            [
              121.47174505253,
              25.137488532479324
            ],
            [
              121.4716579757516,
              25.1373927642035
            ],
            [
              121.47162250000821,
              25.13736249467672
            ],
            [
              121.47157124756357,
              25.137305900784824
            ],
            [
              121.47149550198716,
              25.13725005250918
            ],
            [
              121.47139325845464,
              25.13714125585836
            ],
            [
              121.47125187807524,
              25.137038189833472
            ],
            [
              121.47120140994464,
              25.13700391920577
            ],
            [
              121.47110047361716,
              25.13693092469147
            ],
            [
              121.47105052840685,
              25.13691005206138
            ],
            [
              121.47095482181776,
              25.136845865949287
            ],
            [
              121.47090914760693,
              25.136806985050566
            ],
            [
              121.47073246494546,
              25.136678059476946
            ],
            [
              121.47059709812517,
              25.13660612416548
            ],
            [
              121.47054148698354,
              25.136563023601884
            ],
            [
              121.47034580179697,
              25.136452657460413
            ],
            [
              121.4701902993895,
              25.13636789087984
            ],
            [
              121.4699998435205,
              25.136266251389173
            ],
            [
              121.46986961859409,
              25.136198609587282
            ],
            [
              121.46974950470958,
              25.136139599067736
            ],
            [
              121.46953499041426,
              25.136052122036403
            ],
            [
              121.46941923446451,
              25.13597953522532
            ],
            [
              121.4693692013599,
              25.13595422853703
            ],
            [
              121.46920733452939,
              25.135829339986426
            ],
            [
              121.46916680241185,
              25.135794752777617
            ],
            [
              121.4690761498823,
              25.13573487907963
            ],
            [
              121.46894949771927,
              25.135631335276276
            ],
            [
              121.46885684019867,
              25.135517846962863
            ],
            [
              121.4687853639795,
              25.135443905191803
            ],
            [
              121.46869767480128,
              25.135330218681656
            ],
            [
              121.46841543025388,
              25.134868980902166
            ],
            [
              121.46844297484176,
              25.13481448454641
            ],
            [
              121.46843809352286,
              25.134680417542267
            ],
            [
              121.46838361450338,
              25.134534380621933
            ],
            [
              121.46833026862257,
              25.134419654221627
            ],
            [
              121.46826367340333,
              25.13434561485623
            ],
            [
              121.46818757698662,
              25.134280855598526
            ],
            [
              121.46801742765778,
              25.13419645134106
            ],
            [
              121.4679804689589,
              25.13412604356728
            ],
            [
              121.46792729722507,
              25.13401580954973
            ],
            [
              121.46786506011534,
              25.13392819372995
            ],
            [
              121.46780831448598,
              25.13385385968007
            ],
            [
              121.46771556888109,
              25.133735854102504
            ],
            [
              121.46765908467914,
              25.13367044571483
            ],
            [
              121.46757714767034,
              25.133578963680755
            ],
            [
              121.46749076507992,
              25.133500996755142
            ],
            [
              121.4673937480268,
              25.13340107978212
            ],
            [
              121.4673277624373,
              25.133344870092856
            ],
            [
              121.46727197538365,
              25.133297352979316
            ],
            [
              121.46720093401848,
              25.133236907955492
            ],
            [
              121.4671406141992,
              25.13319839226692
            ],
            [
              121.46709511281175,
              25.133164000398533
            ],
            [
              121.46705858965443,
              25.133106929636426
            ],
            [
              121.4670162262641,
              25.13302321799442
            ],
            [
              121.46694047769411,
              25.132967361847427
            ],
            [
              121.46687501485071,
              25.132924550157178
            ],
            [
              121.46670582242946,
              25.13286704009636
            ],
            [
              121.46659459636447,
              25.132780909761678
            ],
            [
              121.46650655684826,
              25.132658311788806
            ],
            [
              121.46642392167682,
              25.132548935293634
            ],
            [
              121.46635715102036,
              25.132470480247978
            ],
            [
              121.4662745157418,
              25.132361103362264
            ],
            [
              121.46623154188684,
              25.132259477991752
            ],
            [
              121.46620451977918,
              25.132193207099057
            ],
            [
              121.4661224074002,
              25.132097228565563
            ],
            [
              121.46602504052264,
              25.131988321548832
            ],
            [
              121.46596402274187,
              25.13193199308532
            ],
            [
              121.46590283059214,
              25.131871252225974
            ],
            [
              121.46585174994088,
              25.131819062878037
            ],
            [
              121.46575080892863,
              25.13174605597691
            ],
            [
              121.46570452247637,
              25.131689256636907
            ],
            [
              121.46560131495279,
              25.131553707198847
            ],
            [
              121.46554090712799,
              25.131381042721312
            ],
            [
              121.46550150691353,
              25.131243515069507
            ],
            [
              121.46545539469848,
              25.131057041309205
            ],
            [
              121.46542758789073,
              25.130968363387368
            ],
            [
              121.46538443938267,
              25.130728075552593
            ],
            [
              121.46536038081356,
              25.130607989755784
            ],
            [
              121.46533231247662,
              25.130510466378116
            ],
            [
              121.46532002168095,
              25.130443723931265
            ],
            [
              121.46528663603793,
              25.130337330270656
            ],
            [
              121.46526937661551,
              25.13026625083962
            ],
            [
              121.46522465900912,
              25.130119932927286
            ],
            [
              121.46518508434885,
              25.129977991739512
            ],
            [
              121.4651740139018,
              25.12994254038901
            ],
            [
              121.46512528648837,
              25.129818703693623
            ],
            [
              121.46510419160892,
              25.129779052279495
            ],
            [
              121.46505459247628,
              25.12963291068112
            ],
            [
              121.46503314890798,
              25.12958435349707
            ],
            [
              121.46499732244953,
              25.12941100391404
            ],
            [
              121.46495208172335,
              25.129246832613042
            ],
            [
              121.46492967927625,
              25.129171375699023
            ],
            [
              121.46488600756729,
              25.12905193564746
            ],
            [
              121.46485985683543,
              25.129007967435673
            ],
            [
              121.46481679528405,
              25.12890635915035
            ],
            [
              121.46480014597547,
              25.128853191918125
            ],
            [
              121.46476205304573,
              25.12861721744446
            ],
            [
              121.4647316309944,
              25.128457089068004
            ],
            [
              121.46465718846247,
              25.128302701911128
            ],
            [
              121.46451423077221,
              25.128154879302517
            ],
            [
              121.46444074696367,
              25.1280273912353
            ],
            [
              121.46439254225723,
              25.127916951479826
            ],
            [
              121.46436011521006,
              25.127837455374568
            ],
            [
              121.46433265681623,
              25.127757761919675
            ],
            [
              121.46429961956547,
              25.12766027167702
            ],
            [
              121.46429159996754,
              25.12757551907217
            ],
            [
              121.46431156179176,
              25.127449689712225
            ],
            [
              121.46432437571202,
              25.12739558218307
            ],
            [
              121.46435009071784,
              25.127291881019136
            ],
            [
              121.46438992717312,
              25.127035708418887
            ],
            [
              121.46441398594467,
              25.12688729585719
            ],
            [
              121.46444510543526,
              25.12679689811682
            ],
            [
              121.46446820533178,
              25.12675591725527
            ],
            [
              121.4645122258765,
              25.126615925932025
            ],
            [
              121.46452434241954,
              25.12654392587816
            ],
            [
              121.46459704165098,
              25.126246500019995
            ],
            [
              121.4646142140047,
              25.126178816623053
            ],
            [
              121.46464925605868,
              25.126061423377912
            ],
            [
              121.46466224427998,
              25.126011809291303
            ],
            [
              121.4646956301038,
              25.125849785606263
            ],
            [
              121.46470347533514,
              25.125795875376507
            ],
            [
              121.46471236659671,
              25.125634512903684
            ],
            [
              121.46472744687209,
              25.12550877934249
            ],
            [
              121.46471062321216,
              25.125451117852762
            ],
            [
              121.46472178087288,
              25.125352379870826
            ],
            [
              121.4647075722891,
              25.125231998001247
            ],
            [
              121.46469807084249,
              25.12510702694894
            ],
            [
              121.46468185736303,
              25.125067197480742
            ],
            [
              121.46463757537518,
              25.12492984157599
            ],
            [
              121.46459355487832,
              25.124801492828606
            ],
            [
              121.464551364921,
              25.124722187022304
            ],
            [
              121.46456008185558,
              25.12469058174449
            ],
            [
              121.46457742855347,
              25.12462747267006
            ],
            [
              121.46462458715115,
              25.12457233029056
            ],
            [
              121.46465692695463,
              25.124517678001435
            ],
            [
              121.46472212954978,
              25.12441723826965
            ],
            [
              121.46475987381596,
              25.124375889529563
            ],
            [
              121.4648165337766,
              25.124311548487686
            ],
            [
              121.46481949752763,
              25.124257733905882
            ],
            [
              121.46473459474758,
              25.124220054904747
            ],
            [
              121.46459024244423,
              25.124170692720163
            ],
            [
              121.46452102998343,
              25.1241593629309
            ],
            [
              121.46436133558296,
              25.124092637588017
            ],
            [
              121.46425647063529,
              25.12404653630209
            ],
            [
              121.46420181530056,
              25.124030324301557
            ],
            [
              121.46412658789959,
              25.123987858266066
            ],
            [
              121.4638434604626,
              25.123906928173607
            ],
            [
              121.46376988905668,
              25.123909092712047
            ],
            [
              121.46360391737149,
              25.123941008846774
            ],
            [
              121.4634751671129,
              25.123913561390182
            ],
            [
              121.46332052714045,
              25.123851069603678
            ],
            [
              121.4630720044053,
              25.123773575462224
            ],
            [
              121.46296731262632,
              25.123731965723643
            ],
            [
              121.46284370472492,
              25.12371334807424
            ],
            [
              121.46270074478659,
              25.123699768057232
            ],
            [
              121.46248273053946,
              25.123652666962474
            ],
            [
              121.462240395147,
              25.123610800066984
            ],
            [
              121.46198385032598,
              25.12358272019022
            ],
            [
              121.46181613264217,
              25.123565407031073
            ],
            [
              121.46175772777819,
              25.123580602031428
            ],
            [
              121.46167709414871,
              25.123524829274718
            ],
            [
              121.46156987312709,
              25.123416280131202
            ],
            [
              121.46153360973463,
              25.123363674404445
            ],
            [
              121.4615214928774,
              25.123301340511986
            ],
            [
              121.46153430710768,
              25.123247313053483
            ],
            [
              121.46155017234317,
              25.123143902751153
            ],
            [
              121.46150353551828,
              25.123078189820674
            ],
            [
              121.46141339999393,
              25.123031695984906
            ],
            [
              121.46133895532009,
              25.12301155278266
            ],
            [
              121.46110202218598,
              25.122982905038885
            ],
            [
              121.4608752005325,
              25.122962971839193
            ],
            [
              121.46078227500684,
              25.122974705978358
            ],
            [
              121.46068839051138,
              25.12295962016647
            ],
            [
              121.4605949418012,
              25.12295795446131
            ],
            [
              121.46042835534,
              25.122971951764313
            ],
            [
              121.46033917787338,
              25.12295227657993
            ],
            [
              121.46026621444031,
              25.12297235217516
            ],
            [
              121.46014774683243,
              25.122958027097543
            ],
            [
              121.46009352541427,
              25.122955151412132
            ],
            [
              121.4599505620674,
              25.122941566796264
            ],
            [
              121.45983715016439,
              25.122931558491157
            ],
            [
              121.459768719408,
              25.122942632180326
            ],
            [
              121.4596806746809,
              25.122954189071834
            ],
            [
              121.4595826921531,
              25.122961605134726
            ],
            [
              121.45943510799286,
              25.12295712295302
            ],
            [
              121.4593315461658,
              25.122946821778935
            ],
            [
              121.45926276641613,
              25.122948907997184
            ],
            [
              121.45917916714686,
              25.122946948769542
            ],
            [
              121.45910567993936,
              25.122953623921763
            ],
            [
              121.4589142468517,
              25.122959372389097
            ],
            [
              121.45878575287972,
              25.12294092536067
            ],
            [
              121.45879464459746,
              25.122913812800967
            ],
            [
              121.45882637581983,
              25.122841246027253
            ],
            [
              121.45886891656583,
              25.12279520727305
            ],
            [
              121.45893298917622,
              25.12266353415248
            ],
            [
              121.45899767196585,
              25.12254977508417
            ],
            [
              121.45902992617353,
              25.122490608268674
            ],
            [
              121.45909504477619,
              25.12239018866785
            ],
            [
              121.45911832009108,
              25.122353701257182
            ],
            [
              121.4592108110901,
              25.122194372290444
            ],
            [
              121.45925727449522,
              25.122121337048927
            ],
            [
              121.45928020108406,
              25.122075943417908
            ],
            [
              121.45932587990153,
              25.121980581584296
            ],
            [
              121.45935830836402,
              25.121925908490923
            ],
            [
              121.45937530715118,
              25.12185381054056
            ],
            [
              121.45940974058422,
              25.12171858137923
            ],
            [
              121.45942621632449,
              25.12163308357191
            ],
            [
              121.45946064974231,
              25.121497773459488
            ],
            [
              121.45947764851441,
              25.121425756507737
            ],
            [
              121.45951356386055,
              25.12133066653495
            ],
            [
              121.45956743685882,
              25.121190379894188
            ],
            [
              121.45958016413306,
              25.121136291351952
            ],
            [
              121.4596209611396,
              25.121041106065277
            ],
            [
              121.459617997255,
              25.120960665839966
            ],
            [
              121.45964929238568,
              25.120874679039588
            ],
            [
              121.45969253021244,
              25.12071235807826
            ],
            [
              121.45969043805991,
              25.120654223964877
            ],
            [
              121.45972059992191,
              25.120537004309107
            ],
            [
              121.45973724996377,
              25.120456000186532
            ],
            [
              121.45978022623868,
              25.12028467154159
            ],
            [
              121.45979243045176,
              25.120217183156235
            ],
            [
              121.45980001449783,
              25.12015426323352
            ],
            [
              121.45982145903913,
              25.12006864966311
            ],
            [
              121.45983375042076,
              25.120001140780225
            ],
            [
              121.45985929208197,
              25.119893024259717
            ],
            [
              121.45988230572407,
              25.119713353198716
            ],
            [
              121.4598849209104,
              25.119650630073995
            ],
            [
              121.45991586727723,
              25.11955573715062
            ],
            [
              121.45993286598225,
              25.119483639326056
            ],
            [
              121.45997592935711,
              25.119316824910122
            ],
            [
              121.46001114716591,
              25.119203922698397
            ],
            [
              121.46002361287287,
              25.11914090745916
            ],
            [
              121.46003572988747,
              25.11906890497579
            ],
            [
              121.46004836993727,
              25.11901038336161
            ],
            [
              121.46011139582016,
              25.11885191159626
            ],
            [
              121.4601568999632,
              25.118752137756985
            ],
            [
              121.46017424732335,
              25.11868894626413
            ],
            [
              121.46021373653042,
              25.11855803484068
            ],
            [
              121.46023056084631,
              25.118481443470476
            ],
            [
              121.46027493169878,
              25.118350355806
            ],
            [
              121.46031773342831,
              25.11817453386978
            ],
            [
              121.46034789512633,
              25.118057314487405
            ],
            [
              121.46037518012383,
              25.117998345109957
            ],
            [
              121.46041824333355,
              25.11783153098444
            ],
            [
              121.46045842983665,
              25.117718432251948
            ],
            [
              121.4604752541169,
              25.117641840943307
            ],
            [
              121.4604924270843,
              25.117574236885876
            ],
            [
              121.46052441935694,
              25.117506144043265
            ],
            [
              121.46056286237578,
              25.117348433039716
            ],
            [
              121.46058369656888,
              25.117244905689237
            ],
            [
              121.46061560164384,
              25.11717683339295
            ],
            [
              121.46063216438418,
              25.117091315351196
            ],
            [
              121.46064898863908,
              25.117014724084846
            ],
            [
              121.46068403189784,
              25.11689732861231
            ],
            [
              121.46072953581498,
              25.11679755518017
            ],
            [
              121.46075525162229,
              25.116693851646367
            ],
            [
              121.46080014530604,
              25.11657616423935
            ],
            [
              121.46083649610127,
              25.11649457639159
            ],
            [
              121.4608577661056,
              25.116404469529424
            ],
            [
              121.46087432881122,
              25.11631895155104
            ],
            [
              121.46088191278614,
              25.116256031726014
            ],
            [
              121.46092898572279,
              25.1162009927478
            ],
            [
              121.46092349388117,
              25.116183254952517
            ],
            [
              121.4608546279085,
              25.116046567310512
            ],
            [
              121.46079116657069,
              25.115923265108318
            ],
            [
              121.46075437990011,
              25.11585725602306
            ],
            [
              121.46072770519798,
              25.11579988174566
            ],
            [
              121.46067121757311,
              25.115734456400276
            ],
            [
              121.4605940700778,
              25.115638340721315
            ],
            [
              121.46052991121755,
              25.115497144224737
            ],
            [
              121.46047813080703,
              25.11542259501718
            ],
            [
              121.46040403421958,
              25.115277256855034
            ],
            [
              121.46035643803359,
              25.115184718563295
            ],
            [
              121.46031468238904,
              25.115118824499966
            ],
            [
              121.46026682464843,
              25.115017359178683
            ],
            [
              121.46018793342975,
              25.114876629633482
            ],
            [
              121.46011897984528,
              25.114735506550563
            ],
            [
              121.46006624035017,
              25.1146386706029
            ],
            [
              121.459946203426,
              25.11444542524052
            ],
            [
              121.45990488349729,
              25.1143884973536
            ],
            [
              121.45989372537052,
              25.114353062097486
            ],
            [
              121.45976828354321,
              25.11414659194909
            ],
            [
              121.45974099840218,
              25.114071302189156
            ],
            [
              121.45964005204159,
              25.113864092262393
            ],
            [
              121.45959690136824,
              25.11375803661977
            ],
            [
              121.45949142187663,
              25.113559827492764
            ],
            [
              121.45942307808843,
              25.113436616527462
            ],
            [
              121.45937007675542,
              25.113330852032643
            ],
            [
              121.45933372549813,
              25.11327826136581
            ],
            [
              121.45927697567069,
              25.11320390628321
            ],
            [
              121.45923530680885,
              25.113138070877024
            ],
            [
              121.45919311489152,
              25.113058754246072
            ],
            [
              121.45912459657971,
              25.11293112969285
            ],
            [
              121.45905128368447,
              25.112808033228493
            ],
            [
              121.45901876796214,
              25.112724011944852
            ],
            [
              121.45901841926806,
              25.112715105462566
            ],
            [
              121.45893438395375,
              25.11256545876241
            ],
            [
              121.45888173109076,
              25.112468680586566
            ],
            [
              121.45884999988357,
              25.112406986241055
            ],
            [
              121.45880841804122,
              25.11234558336759
            ],
            [
              121.45877180508579,
              25.112284064918853
            ],
            [
              121.45874007384839,
              25.11222237042394
            ],
            [
              121.45868872850349,
              25.112161238378235
            ],
            [
              121.45863773183096,
              25.112109093754245
            ],
            [
              121.45860138034296,
              25.11205650209724
            ],
            [
              121.45854532754642,
              25.112000039571367
            ],
            [
              121.45850357124638,
              25.111934223488586
            ],
            [
              121.45845649732011,
              25.111855081537403
            ],
            [
              121.4584211046888,
              25.11182931075684
            ],
            [
              121.4583647031086,
              25.111763860417717
            ],
            [
              121.45831353194471,
              25.111707302539315
            ],
            [
              121.45827674448412,
              25.111641289678417
            ],
            [
              121.45817030486972,
              25.11141625362979
            ],
            [
              121.45810030398872,
              25.111248404636953
            ],
            [
              121.45800476099913,
              25.111054411789155
            ],
            [
              121.45791828406446,
              25.11083779968714
            ],
            [
              121.45782160765651,
              25.110612490858895
            ],
            [
              121.457773051486,
              25.11049320677495
            ],
            [
              121.45773565363157,
              25.110409278252412
            ],
            [
              121.45769790706693,
              25.11031644302899
            ],
            [
              121.45766521661413,
              25.11022800662894
            ],
            [
              121.4576361003097,
              25.11010358529628
            ],
            [
              121.45758048291734,
              25.10992627942149
            ],
            [
              121.45755154094078,
              25.109806351654584
            ],
            [
              121.45751222517188,
              25.109668860720713
            ],
            [
              121.45741851236497,
              25.10938981165523
            ],
            [
              121.45737536086081,
              25.109283750949537
            ],
            [
              121.4573092823646,
              25.10908882027207
            ],
            [
              121.4572594183556,
              25.108933725369695
            ],
            [
              121.45722542015531,
              25.108809478732933
            ],
            [
              121.45718523252614,
              25.108649679525378
            ],
            [
              121.45717642785934,
              25.108542508545067
            ],
            [
              121.45716317727036,
              25.108449015334823
            ],
            [
              121.45714774730631,
              25.108292870710525
            ],
            [
              121.45713946568632,
              25.108064917777174
            ]
          ]
        ]
      },
      "id": "00000000000000000000",
      "properties": {
        "Area_1": 271.073755014,
        "COUNTYCODE": "63000",
        "COUNTYENG": "Taipei City",
        "COUNTYID": "A",
        "COUNTYNAME": "\u81fa\u5317\u5e02"
      }
    }
  ]
}
